"id","code","name","profession_classifier_catalog_id/id"
"pc_00001","1110","Голова Верховної Ради Автономної Республіки Крим","cat_1110"
"pc_00002","1110","Голова Верховної Ради України","cat_1110"
"pc_00003","1110","Голова постійної комісії Верховної Ради України","cat_1110"
"pc_00004","1110","Депутат Верховної Ради Автономної Республіки Крим","cat_1110"
"pc_00005","1110","Депутат місцевої ради (сільської, селищної, міської, районної у місті, районної, обласної ради)","cat_1110"
"pc_00006","1110","Заступник голови Верховної Ради України","cat_1110"
"pc_00007","1110","Заступник голови постійної комісії Верховної Ради України","cat_1110"
"pc_00008","1110","Народний депутат України","cat_1110"
"pc_00009","1110","Перший заступник голови Верховної Ради України","cat_1110"
"pc_00010","1110","Президент України","cat_1110"
"pc_00011","1120.1","Військовий омбудсман","cat_1120_1"
"pc_00012","1120.1","Голова агентства","cat_1120_1"
"pc_00013","1120.1","Голова інспекції","cat_1120_1"
"pc_00014","1120.1","Голова Національного банку України","cat_1120_1"
"pc_00015","1120.1","Голова Національної поліції","cat_1120_1"
"pc_00016","1120.1","Голова Національної ради","cat_1120_1"
"pc_00017","1120.1","Голова Рахункової палати","cat_1120_1"
"pc_00018","1120.1","Голова Центральної виборчої комісії","cat_1120_1"
"pc_00019","1120.1","Голова Фонду державного майна України","cat_1120_1"
"pc_00020","1120.1","Державний секретар","cat_1120_1"
"pc_00021","1120.1","Директор Національного антикорупційного бюро України","cat_1120_1"
"pc_00022","1120.1","Заступник голови Національного банку України","cat_1120_1"
"pc_00023","1120.1","Заступник голови Національної поліції","cat_1120_1"
"pc_00024","1120.1","Заступник голови Національної ради","cat_1120_1"
"pc_00025","1120.1","Заступник голови Фонду державного майна України","cat_1120_1"
"pc_00026","1120.1","Керівник Апарату Офісу Президента України","cat_1120_1"
"pc_00027","1120.1","Перший заступник голови Національного банку України","cat_1120_1"
"pc_00028","1120.1","Перший заступник голови Національної поліції","cat_1120_1"
"pc_00029","1120.1","Перший заступник голови Національної ради","cat_1120_1"
"pc_00030","1120.1","Перший заступник голови Фонду державного майна України","cat_1120_1"
"pc_00031","1120.1","Уповноважений із захисту державної мови","cat_1120_1"
"pc_00032","1120.1","Уповноважений Президента України з прав дитини","cat_1120_1"
"pc_00033","1120.1","Урядовий уповноважений з прав осіб з інвалідністю","cat_1120_1"
"pc_00034","1120.1","Віце-прем'єр-міністр України","cat_1120_1"
"pc_00035","1120.1","Голова державного комітету України","cat_1120_1"
"pc_00036","1120.1","Голова комітету України","cat_1120_1"
"pc_00037","1120.1","Голова Ради міністрів Автономної Республіки Крим","cat_1120_1"
"pc_00038","1120.1","Голова Служби безпеки України","cat_1120_1"
"pc_00039","1120.1","Заступник голови державного комітету України","cat_1120_1"
"pc_00040","1120.1","Заступник голови комітету України","cat_1120_1"
"pc_00041","1120.1","Заступник голови Ради міністрів Автономної Республіки Крим","cat_1120_1"
"pc_00042","1120.1","Заступник голови Рахункової палати","cat_1120_1"
"pc_00043","1120.1","Заступник голови Служби безпеки України","cat_1120_1"
"pc_00044","1120.1","Заступник міністра України","cat_1120_1"
"pc_00045","1120.1","Керівник відомства Автономної Республіки Крим","cat_1120_1"
"pc_00046","1120.1","Керуючий справами Ради міністрів Автономної Республіки Крим","cat_1120_1"
"pc_00047","1120.1","Міністр Автономної Республіки Крим","cat_1120_1"
"pc_00048","1120.1","Міністр Кабінету Міністрів України","cat_1120_1"
"pc_00049","1120.1","Міністр України","cat_1120_1"
"pc_00050","1120.1","Перший віце-прем'єр-міністр України","cat_1120_1"
"pc_00051","1120.1","Перший заступник голови державного комітету України","cat_1120_1"
"pc_00052","1120.1","Перший заступник голови комітету України","cat_1120_1"
"pc_00053","1120.1","Перший заступник голови Ради міністрів Автономної Республіки Крим","cat_1120_1"
"pc_00054","1120.1","Перший заступник голови Служби безпеки України","cat_1120_1"
"pc_00055","1120.1","Перший заступник керівника головного управління, іншого органу державної виконавчої влади, підвідомчого Кабінету Міністрів України","cat_1120_1"
"pc_00056","1120.1","Перший заступник міністра України","cat_1120_1"
"pc_00057","1120.1","Прем'єр-міністр України","cat_1120_1"
"pc_00058","1120.1","Голова Державної служби автомобільних доріг України","cat_1120_1"
"pc_00059","1120.1","Голова правління Пенсійного фонду України","cat_1120_1"
"pc_00060","1120.1","Голова служби","cat_1120_1"
"pc_00061","1120.1","Головний державний інспектор України з нагляду (контролю) у сфері пожежної та техногенної безпеки","cat_1120_1"
"pc_00062","1120.1","Державний секретар України","cat_1120_1"
"pc_00063","1120.1","Керівник Офісу Президента України","cat_1120_1"
"pc_00064","1120.1","Заступник керівника головного управління, іншого органу державної виконавчої влади, підвідомчого Кабінету Міністрів України","cat_1120_1"
"pc_00065","1120.1","Керівник головного управління, іншого органу державної виконавчої влади, підвідомчого Кабінету Міністрів України","cat_1120_1"
"pc_00066","1120.1","Керівник урядового органу державного управління","cat_1120_1"
"pc_00067","1120.1","Уповноважений з прав людини","cat_1120_1"
"pc_00068","1120.1","Урядовий уповноважений","cat_1120_1"
"pc_00069","1120.2","Голова обласної (міської) державної адміністрації","cat_1120_2"
"pc_00070","1120.2","Голова районної державної адміністрації","cat_1120_2"
"pc_00071","1120.3","Посол","cat_1120_3"
"pc_00072","1120.3","Посол з особливих доручень","cat_1120_3"
"pc_00073","1120.3","Представник Міністерства закордонних справ - керівник дипломатичного агентства","cat_1120_3"
"pc_00074","1120.3","Представник постійний","cat_1120_3"
"pc_00075","1120.3","Спеціальний представник України з питань придністровського врегулювання","cat_1120_3"
"pc_00076","1120.4","Голова Апеляційного адміністративного суду","cat_1120_4"
"pc_00077","1120.4","Голова Апеляційного господарського суду","cat_1120_4"
"pc_00078","1120.4","Голова Вищої кваліфікаційної комісії суддів України","cat_1120_4"
"pc_00079","1120.4","Голова Вищої ради правосуддя","cat_1120_4"
"pc_00080","1120.4","Голова Державної судової адміністрації України","cat_1120_4"
"pc_00081","1120.4","Секретар Великої Палати Верховного Суду","cat_1120_4"
"pc_00082","1120.4","Секретар Пленуму Верховного Суду","cat_1120_4"
"pc_00083","1120.4","Секретар судової палати касаційного суду у складі Верховного Суду","cat_1120_4"
"pc_00084","1120.4","Голова касаційного суду у складі Верховного Суду","cat_1120_4"
"pc_00085","1120.4","Голова Верховного суду","cat_1120_4"
"pc_00086","1120.4","Генеральний прокурор","cat_1120_4"
"pc_00087","1120.4","Голова Конституційного Суду України","cat_1120_4"
"pc_00088","1120.4","Заступник Генерального прокурора","cat_1120_4"
"pc_00089","1120.4","Заступник Генерального прокурора –керівник Спеціалізованої антикорупційної прокуратури","cat_1120_4"
"pc_00090","1120.4","Заступник голови Верховного Суду","cat_1120_4"
"pc_00091","1120.4","Заступник Голови Вищої кваліфікаційної комісії суддів України","cat_1120_4"
"pc_00092","1120.4","Заступник Голови Вищої ради правосуддя","cat_1120_4"
"pc_00093","1120.4","Заступник керівника Спеціалізованої антикорупційної прокуратури","cat_1120_4"
"pc_00094","1120.4","Перший заступник Генерального прокурора","cat_1120_4"
"pc_00095","1120.4","Перший заступник керівника Спеціалізованої антикорупційної прокуратури","cat_1120_4"
"pc_00096","1120.4","Член Вищої кваліфікаційної комісії суддів України","cat_1120_4"
"pc_00097","1120.4","Член Вищої ради правосуддя","cat_1120_4"
"pc_00098","1120.4","Член Конституційного Суду України","cat_1120_4"
"pc_00099","1120.4","Голова Апеляційного суду України","cat_1120_4"
"pc_00100","1120.4","Заступник голови Апеляційного суду України","cat_1120_4"
"pc_00101","1120.4","Заступник голови касаційного суду у складі Верховного Суду","cat_1120_4"
"pc_00102","1120.4","Заступник голови судової палати Апеляційного суду України","cat_1120_4"
"pc_00103","1120.4","Перший заступник голови Апеляційного суду України","cat_1120_4"
"pc_00104","1120.4","Суддя Верховного суду","cat_1120_4"
"pc_00105","1120.5","Голова державного колегіального органу","cat_1120_5"
"pc_00106","1120.5","Керівник офісу державного колегіального органу","cat_1120_5"
"pc_00107","1120.5","Член державного колегіального органу","cat_1120_5"
"pc_00108","1141.1","Вища посадова особа (голова, генеральний секретар, секретар, президент, лідер, керівник та ін.) політичної партії","cat_1141_1"
"pc_00109","1142.1","Вища посадова особа (голова, співголова, генеральний секретар, секретар) організації наймачів (підприємців, промисловців)","cat_1142_1"
"pc_00110","1142.1","Вища посадова особа (голова, співголова, президент, віце-президент, генеральний секретар, секретар) професійної спілки","cat_1142_1"
"pc_00111","1143.1","Керівник апарату","cat_1143_1"
"pc_00112","1143.1","Головний учений секретар національної академії (наук, мистецтв і т. ін.) України","cat_1143_1"
"pc_00113","1143.1","Академік-секретар національної академії (наук, мистецтв і т. ін.) України","cat_1143_1"
"pc_00114","1143.1","Віце-президент національної академії (наук, мистецтв і т. ін.) України","cat_1143_1"
"pc_00115","1143.1","Президент національної академії (наук, мистецтв і т. ін.) України","cat_1143_1"
"pc_00116","1143.1","Член президії академії (наук, мистецтв і т. ін.) України","cat_1143_1"
"pc_00117","1143.2","Голова Аудиторської палати України","cat_1143_2"
"pc_00118","1143.2","Вища посадова особа самоврядувальної організації (крім національних академій України)","cat_1143_2"
"pc_00119","1143.3","Вища посадова особа (президент, віце-президент, головний учений секретар та ін.) академії, що діє на громадських засадах","cat_1143_3"
"pc_00120","1143.3","Академік-секретар","cat_1143_3"
"pc_00121","1143.4","Керівник органу самоорганізації населення","cat_1143_4"
"pc_00122","1143.4","Голова (інша вища посадова особа) відділення громадської організації (гуманітарної, спеціалізованої)","cat_1143_4"
"pc_00123","1143.4","Голова відділення (інша вища посадова особа) спеціалізованого фонду некомерційного характеру","cat_1143_4"
"pc_00124","1143.4","Вища посадова особа громадської організації (у галузі культури, освіти, благодійності, прав людини та ін.)","cat_1143_4"
"pc_00125","1143.4","Президент (інша вища посадова особа) спеціалізованого фонду некомерційного характеру","cat_1143_4"
"pc_00126","1143.4","Виконавчий директор федерації виду спорту","cat_1143_4"
"pc_00127","1143.4","Віце-президент федерації виду спорту","cat_1143_4"
"pc_00128","1143.4","Генеральний секретар федерації з виду спорту","cat_1143_4"
"pc_00129","1143.4","Державний тренер з виду спорту (збірної)","cat_1143_4"
"pc_00130","1143.4","Президент федерації виду спорту","cat_1143_4"
"pc_00131","1143.5","Голова органу місцевого самоврядування (міський, сільський і т. ін.)","cat_1143_5"
"pc_00132","1143.5","Секретар місцевої ради (сільської, селищної, міської і т. ін.)","cat_1143_5"
"pc_00133","1144.1","Голова об’єднання (предстоятель, патріарх, верховний архієпископ, митрополит, головний рабин, верховний муфтій, старший єпископ, старший пресвітер і т. ін.)","cat_1144_1"
"pc_00134","1144.2","Керівник територіального об’єднання (архієпископ, митрополит, рабин, муфтій, єпископ, шейх і т. ін.)","cat_1144_2"
"pc_00135","1144.3","Голова релігійної громади (настоятель, намісник, ігумен, парох, адміністратор, пастор, пресвітер, рабин, імам і т. ін.)","cat_1144_3"
"pc_00136","1210.1","Керівник (директор) установи (закладу) соціального захисту населення","cat_1210_1"
"pc_00137","1210.1","Керівник (директор) закладу (установи, організації) культури (центру культурних послуг, закладу культури клубного типу, кінотеатру, театру, кіностудії, іншого культурного хабу)","cat_1210_1"
"pc_00138","1210.1","Керівник (директор, начальник) закладу спеціалізованої освіти","cat_1210_1"
"pc_00139","1210.1","Медичний директор","cat_1210_1"
"pc_00140","1210.1","Арбітражний керуючий","cat_1210_1"
"pc_00141","1210.1","Генеральний директор – керівник Національного органу інтелектуальної власності","cat_1210_1"
"pc_00142","1210.1","Голова товариства","cat_1210_1"
"pc_00143","1210.1","Директор театру - художній керівник (генеральний директор театру - художній керівник)","cat_1210_1"
"pc_00144","1210.1","Керівник (директор) закладу дошкільної освіти","cat_1210_1"
"pc_00145","1210.1","Керівник (директор) закладу загальної середньої освіти","cat_1210_1"
"pc_00146","1210.1","Керівник (директор) закладу позашкільної освіти","cat_1210_1"
"pc_00147","1210.1","Керівник (директор) інклюзивно-ресурсного центру","cat_1210_1"
"pc_00148","1210.1","Керівник (директор) міжшкільного ресурсного центру","cat_1210_1"
"pc_00149","1210.1","Керівник (директор) центру професійного розвитку","cat_1210_1"
"pc_00150","1210.1","Керівник (директор, начальник тощо) закладу фахової передвищої освіти","cat_1210_1"
"pc_00151","1210.1","Керівник (директор, начальник) закладу професійної освіти","cat_1210_1"
"pc_00152","1210.1","Керівник (ректор, директор, начальник) закладу післядипломної освіти","cat_1210_1"
"pc_00153","1210.1","Керівник (ректор, президент, директор, начальник) закладу вищої освіти","cat_1210_1"
"pc_00154","1210.1","Керуючий (директор, інший керівник) установою (підрозділом) Національного банку України","cat_1210_1"
"pc_00155","1210.1","Куратор банку","cat_1210_1"
"pc_00156","1210.1","Директор обчислювального (інформаційно-обчислювального) центру","cat_1210_1"
"pc_00157","1210.1","Генеральний директор (голова, президент, інший керівник) об'єднання підприємств (асоціації, корпорації, концерну, радіокомпанії, телекомпанії, телерадіокомпанії, телерадіо-, інформаційного агентства і т. ін.)","cat_1210_1"
"pc_00158","1210.1","Директор об'єднання (творчого, творчо-виробничого, радіотелевізійного і т. ін.)","cat_1210_1"
"pc_00159","1210.1","Директор (інший керівник) підприємства, установи, організації фізкультурно-спортивної спрямованості","cat_1210_1"
"pc_00160","1210.1","Директор (генеральний директор, начальник, інший керівник) наукової установи (організації)","cat_1210_1"
"pc_00161","1210.1","Директор центру професійної орієнтації молоді","cat_1210_1"
"pc_00162","1210.1","Керівник підприємства (установи, організації) охорони здоров'я (генеральний директор, директор, головний лікар та ін.)","cat_1210_1"
"pc_00163","1210.1","Керуючий (директор, інший керівник) комерційним банком","cat_1210_1"
"pc_00164","1210.1","Президент (голова правління, інший керівник) спілки, асоціації чи іншого об'єднання комерційних банків","cat_1210_1"
"pc_00165","1210.1","Директор (начальник, інший керівник) підприємства","cat_1210_1"
"pc_00166","1210.1","Директор центру (метрології та стандартизації, телевізійного і т. ін.)","cat_1210_1"
"pc_00167","1210.1","Начальник обчислювального (інформаційно-обчислювального) центру","cat_1210_1"
"pc_00168","1210.1","Керуючий підприємством харчування","cat_1210_1"
"pc_00169","1210.1","Президент компанії","cat_1210_1"
"pc_00170","1210.1","Начальник (завідувач) лікувально-профілактичного закладу","cat_1210_1"
"pc_00171","1210.1","Керуючий готельним господарством","cat_1210_1"
"pc_00172","1210.1","Голова виконавчого органу акціонерного товариства","cat_1210_1"
"pc_00173","1210.1","Голова ліквідаційної комісії","cat_1210_1"
"pc_00174","1210.1","Голова ради директорів біржі","cat_1210_1"
"pc_00175","1210.1","Голова ради директорів","cat_1210_1"
"pc_00176","1210.1","Голова спостережної (наглядової) ради","cat_1210_1"
"pc_00177","1210.1","Директор видавництва","cat_1210_1"
"pc_00178","1210.1","Директор виконавчий","cat_1210_1"
"pc_00179","1210.1","Директор підприємства установи виконання покарань - заступник керівника (директора, начальника т. ін.) установи виконання покарань","cat_1210_1"
"pc_00180","1210.1","Головний редактор газети, журналу","cat_1210_1"
"pc_00181","1210.1","Голова колективного господарства","cat_1210_1"
"pc_00182","1210.1","Генеральний конструктор","cat_1210_1"
"pc_00183","1210.1","Керівник (директор, завідувач, начальник та ін.) архіву","cat_1210_1"
"pc_00184","1210.1","Директор книжкової палати","cat_1210_1"
"pc_00185","1210.1","Директор комплексу (оздоровчого, спортивного, туристського)","cat_1210_1"
"pc_00186","1210.1","Начальник курсів підвищення кваліфікації","cat_1210_1"
"pc_00187","1210.1","Директор лабораторії","cat_1210_1"
"pc_00188","1210.1","Директор обсерваторії","cat_1210_1"
"pc_00189","1210.1","Директор (начальник) організації (дослідної, конструкторської, проектної)","cat_1210_1"
"pc_00190","1210.1","Директор відділення","cat_1210_1"
"pc_00191","1210.1","Директор пансіонату (кемпінгу)","cat_1210_1"
"pc_00192","1210.1","Директор представництва","cat_1210_1"
"pc_00193","1210.1","Директор навчального пункту","cat_1210_1"
"pc_00194","1210.1","Директор навчального (навчально-тренувального) центру","cat_1210_1"
"pc_00195","1210.1","Начальник навчального (навчально-тренувального) центру","cat_1210_1"
"pc_00196","1210.1","Директор навчально-курсового комбінату","cat_1210_1"
"pc_00197","1210.1","Завідувач аптеки (аптечного закладу)","cat_1210_1"
"pc_00198","1210.1","Завідувач бази аптечної","cat_1210_1"
"pc_00199","1210.1","Начальник агентства (повітряних сполучень, морського, рекламно-інформаційного, транспортно-експедиційного та ін.)","cat_1210_1"
"pc_00200","1210.1","Начальник залізниці","cat_1210_1"
"pc_00201","1210.1","Начальник дослідної організації","cat_1210_1"
"pc_00202","1210.1","Начальник каналу","cat_1210_1"
"pc_00203","1210.1","Начальник метрополітену","cat_1210_1"
"pc_00204","1210.1","Начальник пароплавства","cat_1210_1"
"pc_00205","1210.1","Начальник установи (табору) (пенітенціарна система)","cat_1210_1"
"pc_00206","1210.1","Начальник училища","cat_1210_1"
"pc_00207","1210.1","Начальник частини (воєнізованої, газо- та гірничорятувальної, льотної, пожежної)","cat_1210_1"
"pc_00208","1210.1","Начальник школи (вищої льотної підготовки, морехідної, начальницького складу, технічної)","cat_1210_1"
"pc_00209","1210.1","Голова клубу(спортивного)","cat_1210_1"
"pc_00210","1210.1","Голова правління","cat_1210_1"
"pc_00211","1210.1","Керуючий трестом","cat_1210_1"
"pc_00212","1210.1","Начальник управління","cat_1210_1"
"pc_00213","1210.1","Директор (начальник, завідувач, інший керівник) філіалу (філії)","cat_1210_1"
"pc_00214","1210.1","Керівник (директор, начальник і т. ін.) установи виконання покарань","cat_1210_1"
"pc_00215","1210.1","Керівник підприємства (установи, організації) (сфера захисту інформації)","cat_1210_1"
"pc_00216","1210.1","Керівник підрозділу юридичної особи, що здійснює діяльність з управління активами","cat_1210_1"
"pc_00217","1210.1","Керуючий (тимчасової адміністрації) для управління енергопостачальником","cat_1210_1"
"pc_00218","1210.1","Начальник державної воєнізованої гірничорятувальної служби","cat_1210_1"
"pc_00219","1210.1","Начальник експедиції гідрогеолого-меліоративної","cat_1210_1"
"pc_00220","1210.1","Начальник штабу (головного штабу) оперативно-рятувальної служби цивільного захисту","cat_1210_1"
"pc_00221","1210.1","Начальник штабу пожежогасіння","cat_1210_1"
"pc_00222","1210.1","Проректор закладу вищої освіти","cat_1210_1"
"pc_00223","1210.1","Тимчасовий адміністратор","cat_1210_1"
"pc_00224","1210.1","Член виконавчого органу акціонерного товариства","cat_1210_1"
"pc_00225","1210.1","Член правління акціонерного товариства","cat_1210_1"
"pc_00226","1221.1","Головний агролісомеліоратор","cat_1221_1"
"pc_00227","1221.1","Головний природознавець","cat_1221_1"
"pc_00228","1221.1","Головний лісопатолог","cat_1221_1"
"pc_00229","1221.1","Головний агроном","cat_1221_1"
"pc_00230","1221.1","Головний агроном із захисту рослин","cat_1221_1"
"pc_00231","1221.1","Головний агрохімік","cat_1221_1"
"pc_00232","1221.1","Головний лісничий","cat_1221_1"
"pc_00233","1221.1","Головний фахівець із систем створення спеціального клімату","cat_1221_1"
"pc_00234","1221.1","Начальник нижнього складу","cat_1221_1"
"pc_00235","1221.2","Помічник лісничого","cat_1221_2"
"pc_00236","1221.2","Керуючий відділенням","cat_1221_2"
"pc_00237","1221.2","Виконавець робіт (водне господарство)","cat_1221_2"
"pc_00238","1221.2","Головний інженер (експлуатаційні водогосподарські організації)","cat_1221_2"
"pc_00239","1221.2","Головний механік (механізація меліоративних робіт)","cat_1221_2"
"pc_00240","1221.2","Завідувач господарства підсобного сільського","cat_1221_2"
"pc_00241","1221.2","Головний інженер з лісовпорядкування","cat_1221_2"
"pc_00242","1221.2","Завідувач розсадника (розплідника)","cat_1221_2"
"pc_00243","1221.2","Завідувач господарства (лісового, лісомисливського, мисливського, ставового, рибоводного)","cat_1221_2"
"pc_00244","1221.2","Завідувач скотобази","cat_1221_2"
"pc_00245","1221.2","Завідувач ветеринарної клініки (лікарні, поліклініки)","cat_1221_2"
"pc_00246","1221.2","Завідувач двору (кінного, машинного)","cat_1221_2"
"pc_00247","1221.2","Завідувач кабінету (агрохімічного)","cat_1221_2"
"pc_00248","1221.2","Завідувач оранжереї","cat_1221_2"
"pc_00249","1221.2","Завідувач підсобного виробництва","cat_1221_2"
"pc_00250","1221.2","Завідувач поля (знешкоджування та компостування, дослідного)","cat_1221_2"
"pc_00251","1221.2","Завідувач станції захисту рослин","cat_1221_2"
"pc_00252","1221.2","Лісничий","cat_1221_2"
"pc_00253","1221.2","Майстер зеленого господарства","cat_1221_2"
"pc_00254","1221.2","Майстер з добування риби","cat_1221_2"
"pc_00255","1221.2","Майстер з оброблення риби","cat_1221_2"
"pc_00256","1221.2","Начальник випробувальної станції","cat_1221_2"
"pc_00257","1221.2","Начальник лісорозсадника","cat_1221_2"
"pc_00258","1221.2","Начальник відділу підсобного сільського господарства","cat_1221_2"
"pc_00259","1221.2","Начальник скотопрогінного тракту","cat_1221_2"
"pc_00260","1221.2","Керуючий дільницею (сільськогосподарською)","cat_1221_2"
"pc_00261","1221.2","Керуючий фермою","cat_1221_2"
"pc_00262","1221.2","Завідувач станції насінницької","cat_1221_2"
"pc_00263","1221.2","Начальник дільниці (водне господарство)","cat_1221_2"
"pc_00264","1221.2","Начальник проектно-кошторисного бюро (групи)","cat_1221_2"
"pc_00265","1221.2","Начальник відділу","cat_1221_2"
"pc_00266","1221.2","Начальник станції компресорної","cat_1221_2"
"pc_00267","1221.2","Майстер станції пожежної (природоохоронної, лісової)","cat_1221_2"
"pc_00268","1221.2","Начальник дільниці (мисливської)","cat_1221_2"
"pc_00269","1221.2","Начальник станції пожежної (природоохоронної, лісової)","cat_1221_2"
"pc_00270","1221.2","Начальник цеху","cat_1221_2"
"pc_00271","1221.2","Начальник станції насосної","cat_1221_2"
"pc_00272","1221.2","Завідувач дільниці ветеринарної медицини","cat_1221_2"
"pc_00273","1221.2","Завідувач дільниці сортовипробувальної","cat_1221_2"
"pc_00274","1221.2","Завідувач майстерні ремонтно-механічної (експлуатаційні водогосподарські організації)","cat_1221_2"
"pc_00275","1221.2","Завідувач майстерні","cat_1221_2"
"pc_00276","1221.2","Майстер з охорони природи","cat_1221_2"
"pc_00277","1221.2","Начальник (директор, завідувач та ін.) лікарні (клініки) ветеринарної медицини","cat_1221_2"
"pc_00278","1221.2","Начальник (завідувач) лабораторії моніторингу вод та ґрунтів (водне господарство)","cat_1221_2"
"pc_00279","1221.2","Начальник відділення каналу (водне господарство)","cat_1221_2"
"pc_00280","1221.2","Начальник відділення","cat_1221_2"
"pc_00281","1221.2","Начальник гідровузла (водне господарство)","cat_1221_2"
"pc_00282","1221.2","Начальник партії лісовпорядної","cat_1221_2"
"pc_00283","1221.2","Начальник сектору","cat_1221_2"
"pc_00284","1222.1","Головний коваль","cat_1222_1"
"pc_00285","1222.1","Головний ливарник","cat_1222_1"
"pc_00286","1222.1","Головний терміст","cat_1222_1"
"pc_00287","1222.1","Головний фахівець з ядерної безпеки атомної електростанції","cat_1222_1"
"pc_00288","1222.1","Головний диспетчер (промисловість)","cat_1222_1"
"pc_00289","1222.1","Головний інженер (промисловість)","cat_1222_1"
"pc_00290","1222.1","Головний механік","cat_1222_1"
"pc_00291","1222.1","Головний енергетик","cat_1222_1"
"pc_00292","1222.1","Головний енергодиспетчер","cat_1222_1"
"pc_00293","1222.1","Директор з виробництва","cat_1222_1"
"pc_00294","1222.1","Технічний керівник","cat_1222_1"
"pc_00295","1222.1","Технічний керівник геологічної партії","cat_1222_1"
"pc_00296","1222.1","Технічний керівник лісобіржі","cat_1222_1"
"pc_00297","1222.1","Начальник зміни атомної електростанції","cat_1222_1"
"pc_00298","1222.1","Начальник зміни енергоблока (черги) атомної електростанції","cat_1222_1"
"pc_00299","1222.1","Начальник зміни цеху атомної електростанції","cat_1222_1"
"pc_00300","1222.1","Начальник реакторного цеху","cat_1222_1"
"pc_00301","1222.1","Начальник служби атомної електростанції","cat_1222_1"
"pc_00302","1222.1","Начальник управління","cat_1222_1"
"pc_00303","1222.1","Помічник капітан-директора з видобутку","cat_1222_1"
"pc_00304","1222.1","Помічник капітан-директора з виробництва","cat_1222_1"
"pc_00305","1222.2","Керівник групи з буропідривних робіт","cat_1222_2"
"pc_00306","1222.2","Майстер конверторного виробництва","cat_1222_2"
"pc_00307","1222.2","Начальник стенду","cat_1222_2"
"pc_00308","1222.2","Майстер біолокацій","cat_1222_2"
"pc_00309","1222.2","Завідувач геокамери","cat_1222_2"
"pc_00310","1222.2","Завідувач глиногосподарства","cat_1222_2"
"pc_00311","1222.2","Завідувач гірничих робіт","cat_1222_2"
"pc_00312","1222.2","Завідувач майстерні","cat_1222_2"
"pc_00313","1222.2","Завідувач очисних споруд","cat_1222_2"
"pc_00314","1222.2","Завідувач складу вибухових матеріалів","cat_1222_2"
"pc_00315","1222.2","Завідувач станції канатно-випробувальної","cat_1222_2"
"pc_00316","1222.2","Завідувач станції охолодження","cat_1222_2"
"pc_00317","1222.2","Завідувач фонду (дорогоцінних металів, довідково-інформаційного)","cat_1222_2"
"pc_00318","1222.2","Завідувач експедиції","cat_1222_2"
"pc_00319","1222.2","Командир взводу","cat_1222_2"
"pc_00320","1222.2","Командир допоміжної гірничорятувальної команди","cat_1222_2"
"pc_00321","1222.2","Командир відділення","cat_1222_2"
"pc_00322","1222.2","Командир загону","cat_1222_2"
"pc_00323","1222.2","Командир частини","cat_1222_2"
"pc_00324","1222.2","Майстер","cat_1222_2"
"pc_00325","1222.2","Майстер буровий","cat_1222_2"
"pc_00326","1222.2","Майстер буровий глибокого (структурно-розвідувального) буріння","cat_1222_2"
"pc_00327","1222.2","Майстер буровий на підземних роботах","cat_1222_2"
"pc_00328","1222.2","Майстер буровий свердловин","cat_1222_2"
"pc_00329","1222.2","Майстер буровий дільниці (служби, цеху)","cat_1222_2"
"pc_00330","1222.2","Майстер допоміжної дільниці","cat_1222_2"
"pc_00331","1222.2","Майстер гірничий","cat_1222_2"
"pc_00332","1222.2","Майстер гірничий дренажної шахти","cat_1222_2"
"pc_00333","1222.2","Майстер гірничий на поверхні","cat_1222_2"
"pc_00334","1222.2","Майстер гірничий підземної дільниці","cat_1222_2"
"pc_00335","1222.2","Майстер гірничий дільниці","cat_1222_2"
"pc_00336","1222.2","Майстер контрольний (дільниці, цеху)","cat_1222_2"
"pc_00337","1222.2","Майстер майстерні спеціальної техніки та устаткування (промисловість)","cat_1222_2"
"pc_00338","1222.2","Майстер на підземних роботах з проходки гірничих виробок","cat_1222_2"
"pc_00339","1222.2","Майстер дослідної установки","cat_1222_2"
"pc_00340","1222.2","Майстер основної виробничої дільниці","cat_1222_2"
"pc_00341","1222.2","Майстер підземної дільниці (на підземних роботах)","cat_1222_2"
"pc_00342","1222.2","Майстер з добування нафти, газу та конденсату","cat_1222_2"
"pc_00343","1222.2","Майстер з дослідження свердловин","cat_1222_2"
"pc_00344","1222.2","Майстер з комплексної автоматизації та телемеханіки","cat_1222_2"
"pc_00345","1222.2","Майстер з випробування свердловин","cat_1222_2"
"pc_00346","1222.2","Майстер з освоєння та ремонту нагнітальних свердловин","cat_1222_2"
"pc_00347","1222.2","Майстер з підготовки газу","cat_1222_2"
"pc_00348","1222.2","Майстер з підготовки та стабілізації нафти","cat_1222_2"
"pc_00349","1222.2","Майстер з промислової геофізики","cat_1222_2"
"pc_00350","1222.2","Майстер з ремонту","cat_1222_2"
"pc_00351","1222.2","Майстер з ремонту гідроспоруд","cat_1222_2"
"pc_00352","1222.2","Майстер з ремонту металургійних печей","cat_1222_2"
"pc_00353","1222.2","Майстер з ремонту, налагодження, перевірки та пуску устаткування атомних станцій","cat_1222_2"
"pc_00354","1222.2","Майстер з ремонту устаткування (промисловість)","cat_1222_2"
"pc_00355","1222.2","Майстер з ремонту приладів та апаратури","cat_1222_2"
"pc_00356","1222.2","Майстер з ремонту свердловин (капітального, підземного)","cat_1222_2"
"pc_00357","1222.2","Майстер з ремонту технологічного устаткування","cat_1222_2"
"pc_00358","1222.2","Майстер з ремонту транспорту","cat_1222_2"
"pc_00359","1222.2","Майстер з ремонту експедиційного устаткування та спорядження","cat_1222_2"
"pc_00360","1222.2","Майстер із складних робіт у бурінні (капітальному ремонті) свердловин","cat_1222_2"
"pc_00361","1222.2","Майстер з експлуатації та ремонту машин і механізмів","cat_1222_2"
"pc_00362","1222.2","Майстер з експлуатації устаткування газових об'єктів","cat_1222_2"
"pc_00363","1222.2","Майстер перетворювального комплексу","cat_1222_2"
"pc_00364","1222.2","Майстер виробництва","cat_1222_2"
"pc_00365","1222.2","Майстер виробничої дільниці","cat_1222_2"
"pc_00366","1222.2","Майстер виробничої лабораторії","cat_1222_2"
"pc_00367","1222.2","Майстер виробничої служби","cat_1222_2"
"pc_00368","1222.2","Майстер служби (промисловість)","cat_1222_2"
"pc_00369","1222.2","Майстер зміни","cat_1222_2"
"pc_00370","1222.2","Майстер дільниці","cat_1222_2"
"pc_00371","1222.2","Майстер цеху","cat_1222_2"
"pc_00372","1222.2","Начальник біржі (лісової, пиломатеріалів)","cat_1222_2"
"pc_00373","1222.2","Начальник бригади","cat_1222_2"
"pc_00374","1222.2","Начальник водоводу","cat_1222_2"
"pc_00375","1222.2","Начальник водосховища","cat_1222_2"
"pc_00376","1222.2","Начальник гідровузла","cat_1222_2"
"pc_00377","1222.2","Начальник групи (картографічної, знижувальних підстанцій, суден, тематичної, територіальної та ін.)","cat_1222_2"
"pc_00378","1222.2","Начальник диспетчерської (виробничо-диспетчерської) служби","cat_1222_2"
"pc_00379","1222.2","Начальник драги","cat_1222_2"
"pc_00380","1222.2","Начальник заплаву","cat_1222_2"
"pc_00381","1222.2","Начальник інструментального відділу","cat_1222_2"
"pc_00382","1222.2","Начальник комплексу (автоматизованого вантажного, апаратно-студійного, виробничого перевантажувального, технологічного, льотного забезпечення та ін.)","cat_1222_2"
"pc_00383","1222.2","Начальник лабораторії контрольно-вимірювальних приладів та засобів автоматики","cat_1222_2"
"pc_00384","1222.2","Начальник котельні","cat_1222_2"
"pc_00385","1222.2","Начальник лабораторії з контролю виробництва","cat_1222_2"
"pc_00386","1222.2","Начальник лісопункту","cat_1222_2"
"pc_00387","1222.2","Начальник млина","cat_1222_2"
"pc_00388","1222.2","Начальник лабораторії метрології","cat_1222_2"
"pc_00389","1222.2","Начальник механізованого зерносховища","cat_1222_2"
"pc_00390","1222.2","Начальник нафтогазорозвідки (партії) глибокого (структурно-пошукового) буріння","cat_1222_2"
"pc_00391","1222.2","Начальник відділення льотних випробувань","cat_1222_2"
"pc_00392","1222.2","Начальник відділення енергонагляду","cat_1222_2"
"pc_00393","1222.2","Начальник відділення","cat_1222_2"
"pc_00394","1222.2","Начальник загону (бурового, гідрографічного, дослідного, експедиційно-рятувального та ін.)","cat_1222_2"
"pc_00395","1222.2","Начальник очисних споруд","cat_1222_2"
"pc_00396","1222.2","Начальник майданчика трубно-інструментального в капітальному ремонті свердловин","cat_1222_2"
"pc_00397","1222.2","Начальник підсобних виробництв на шахтовій поверхні","cat_1222_2"
"pc_00398","1222.2","Начальник позиції (стартової, технічної)","cat_1222_2"
"pc_00399","1222.2","Начальник проектно-конструкторського відділу","cat_1222_2"
"pc_00400","1222.2","Начальник виробництва","cat_1222_2"
"pc_00401","1222.2","Начальник виробничого відділу","cat_1222_2"
"pc_00402","1222.2","Начальник виробництва ремонтних та налагоджувальних робіт на атомних станціях","cat_1222_2"
"pc_00403","1222.2","Начальник виробничо-диспетчерського бюро цеху","cat_1222_2"
"pc_00404","1222.2","Начальник (завідувач) виробничої лабораторії","cat_1222_2"
"pc_00405","1222.2","Начальник розвідки (нафтогазової, промислової)","cat_1222_2"
"pc_00406","1222.2","Начальник району (нафтоналивного, мережевого та ін.)","cat_1222_2"
"pc_00407","1222.2","Начальник ремонтного цеху","cat_1222_2"
"pc_00408","1222.2","Начальник служби (промисловість)","cat_1222_2"
"pc_00409","1222.2","Начальник зміни (промисловість)","cat_1222_2"
"pc_00410","1222.2","Начальник сплавного рейду","cat_1222_2"
"pc_00411","1222.2","Начальник стаціонарної платформи (у розвідувальному та експлуатаційному бурінні)","cat_1222_2"
"pc_00412","1222.2","Начальник сушильно-очисної башти","cat_1222_2"
"pc_00413","1222.2","Начальник відділу технічного контролю","cat_1222_2"
"pc_00414","1222.2","Начальник тоні","cat_1222_2"
"pc_00415","1222.2","Начальник установки (бурової, газобензинової, кисневої, збагачувальної, регенераційної та ін.)","cat_1222_2"
"pc_00416","1222.2","Начальник дільниці","cat_1222_2"
"pc_00417","1222.2","Начальник (завідувач) хімічної лабораторії","cat_1222_2"
"pc_00418","1222.2","Начальник господарства реагентного","cat_1222_2"
"pc_00419","1222.2","Начальник цеху","cat_1222_2"
"pc_00420","1222.2","Начальник експедиції (геологічної, геологорозвідувальної, дослідної, промислової, топографо-геодезичної та ін.)","cat_1222_2"
"pc_00421","1222.2","Начальник електропідстанції (групи електропідстанцій)","cat_1222_2"
"pc_00422","1222.2","Начальник енергоінспекції","cat_1222_2"
"pc_00423","1222.2","Начальник естакади реагентного господарства","cat_1222_2"
"pc_00424","1222.2","Керівник групи з нагляду за будівництвом флоту","cat_1222_2"
"pc_00425","1222.2","Технологічний керівник (лісопункту, лісопромислового комплексу, цеху, нижнього складу, лісозаготівельної дільниці)","cat_1222_2"
"pc_00426","1222.2","Майстер автомобільної газонаповнювальної станції","cat_1222_2"
"pc_00427","1222.2","Майстер газонаповнювальної станції","cat_1222_2"
"pc_00428","1222.2","Майстер дільниці приймально-здавальної","cat_1222_2"
"pc_00429","1222.2","Майстер з експлуатації лінійної частини трубопроводів","cat_1222_2"
"pc_00430","1222.2","Майстер з електрохімічного захисту","cat_1222_2"
"pc_00431","1222.2","Майстер опорного аварійно-відновного пункту","cat_1222_2"
"pc_00432","1222.2","Майстер резервуарного парку","cat_1222_2"
"pc_00433","1222.2","Начальник автомобільної газонаповнювальної станції","cat_1222_2"
"pc_00434","1222.2","Начальник компресорної станції","cat_1222_2"
"pc_00435","1222.2","Начальник опорного аварійно-відновного пункту","cat_1222_2"
"pc_00436","1222.2","Начальник бюро (промисловість)","cat_1222_2"
"pc_00437","1222.2","Начальник майданчика інструментально-ремонтного цеху бурового устаткування","cat_1222_2"
"pc_00438","1222.2","Майстер дільниці з дефектоскопії","cat_1222_2"
"pc_00439","1222.2","Майстер дільниці поводження з радіоактивними відходами","cat_1222_2"
"pc_00440","1222.2","Майстер з ремонту балонів газонаповнювальної станції","cat_1222_2"
"pc_00441","1222.2","Майстер цеху газонаповнювальної станції","cat_1222_2"
"pc_00442","1222.2","Начальник аварійно-диспетчерської служби","cat_1222_2"
"pc_00443","1222.2","Начальник газонаповнювальної станції","cat_1222_2"
"pc_00444","1222.2","Майстер майданчика наливних естакад","cat_1222_2"
"pc_00445","1222.2","Начальник випробувальної станції","cat_1222_2"
"pc_00446","1222.2","Начальник відділу фізичного захисту (сфера використання ядерної енергії)","cat_1222_2"
"pc_00447","1222.2","Начальник друкарні","cat_1222_2"
"pc_00448","1222.2","Начальник зміни з оперативного управління в транспортуванні газу","cat_1222_2"
"pc_00449","1222.2","Начальник льотно-випробувальнбї і доводочної бази","cat_1222_2"
"pc_00450","1222.2","Начальник служби фізичного захисту (сфера використання ядерної енергії)","cat_1222_2"
"pc_00451","1222.2","Начальник цеху радіаційної безпеки","cat_1222_2"
"pc_00452","1223.1","Головний інженер","cat_1223_1"
"pc_00453","1223.1","Головний будівельник (домобудівного, сільського будівельного комбінату)","cat_1223_1"
"pc_00454","1223.1","Директор з капітального будівництва","cat_1223_1"
"pc_00455","1223.2","Командир землесоса, земснаряда, дноочищувального снаряда","cat_1223_2"
"pc_00456","1223.2","Майстер гірничий проходки шахти","cat_1223_2"
"pc_00457","1223.2","Майстер будівельних та монтажних робіт","cat_1223_2"
"pc_00458","1223.2","Начальник лабораторії з контролю виробництва","cat_1223_2"
"pc_00459","1223.2","Начальник відділу","cat_1223_2"
"pc_00460","1223.2","Начальник проходки шахти","cat_1223_2"
"pc_00461","1223.2","Начальник пускових робіт","cat_1223_2"
"pc_00462","1223.2","Начальник дільниці","cat_1223_2"
"pc_00463","1223.2","Начальник господарства житлово-комунального","cat_1223_2"
"pc_00464","1223.2","Виконавець днопоглиблювальних робіт","cat_1223_2"
"pc_00465","1223.2","Виконавець капітальних виправних та колійних робіт","cat_1223_2"
"pc_00466","1223.2","Виконавець робіт","cat_1223_2"
"pc_00467","1223.2","Виконавець робіт вишкобудування","cat_1223_2"
"pc_00468","1223.2","Виконавець робіт з ремонту та налагодження енергетичного устаткування","cat_1223_2"
"pc_00469","1223.2","Командир земснаряда (землесоса) - помічник механіка (суднового)","cat_1223_2"
"pc_00470","1224","Керівник торговельно-економічної місії","cat_1224"
"pc_00471","1224","Завідувач підприємства роздрібної торгівлі","cat_1224"
"pc_00472","1224","Завідувач ринку","cat_1224"
"pc_00473","1224","Завідувач секції","cat_1224"
"pc_00474","1225","Завідувач філіалу (філії) готелю","cat_1225"
"pc_00475","1225","Завідувач підприємства громадського харчування","cat_1225"
"pc_00476","1225","Завідувач туристичного агентства","cat_1225"
"pc_00477","1225","Завідувач будинку відпочинку локомотивних (поїзних) бригад","cat_1225"
"pc_00478","1225","Завідувач кімнати (матері та дитини, зразків, відпочинку водіїв автомобілів, відпочинку пасажирів в аеропорту, на вокзалі)","cat_1225"
"pc_00479","1225","Завідувач корпусу готелю","cat_1225"
"pc_00480","1225","Завідувач гуртожитку","cat_1225"
"pc_00481","1225","Завідувач виробництва","cat_1225"
"pc_00482","1225","Завідувач поверху готелю","cat_1225"
"pc_00483","1225","Начальник виробництва (на підприємстві харчування)","cat_1225"
"pc_00484","1225","Начальник (керуючий) їдальні","cat_1225"
"pc_00485","1226.1","Головний диспетчер (транспорт, складське господарство)","cat_1226_1"
"pc_00486","1226.1","Начальник порту (морського, річкового, рибного та ін.)","cat_1226_1"
"pc_00487","1226.1","Головний капітан-координатор","cat_1226_1"
"pc_00488","1226.1","Головний фахівець (залізничний транспорт)","cat_1226_1"
"pc_00489","1226.1","Директор Державного реєстру документів моряків","cat_1226_1"
"pc_00490","1226.1","Головний механік судна","cat_1226_1"
"pc_00491","1226.1","Головний інженер (на транспорті)","cat_1226_1"
"pc_00492","1226.1","Головний директор програм","cat_1226_1"
"pc_00493","1226.1","Головний звукорежисер","cat_1226_1"
"pc_00494","1226.1","Головний інженер з експлуатації радіоелектронних засобів","cat_1226_1"
"pc_00495","1226.1","Головний капітан","cat_1226_1"
"pc_00496","1226.1","Головний механік підводного апарата","cat_1226_1"
"pc_00497","1226.1","Головний ревізор з безпеки руху","cat_1226_1"
"pc_00498","1226.1","Головний штурман","cat_1226_1"
"pc_00499","1226.1","Директор з матеріально-технічного постачання","cat_1226_1"
"pc_00500","1226.1","Директор з транспорту","cat_1226_1"
"pc_00501","1226.1","Капітан-директор","cat_1226_1"
"pc_00502","1226.1","Керівник регіонального структурного підрозділу","cat_1226_1"
"pc_00503","1226.2","Начальник тягової підстанції","cat_1226_2"
"pc_00504","1226.2","Начальник залізнично-будівельної машини","cat_1226_2"
"pc_00505","1226.2","Начальник аеропорту (на правах підрозділу)","cat_1226_2"
"pc_00506","1226.2","Начальник парку (понтонного, резервуарного та ін.)","cat_1226_2"
"pc_00507","1226.2","Начальник відділу електрозв'язку","cat_1226_2"
"pc_00508","1226.2","Начальник відділу поштового зв'язку","cat_1226_2"
"pc_00509","1226.2","Начальник цеху (дільниці) електрозв'язку","cat_1226_2"
"pc_00510","1226.2","Начальник центру (підцентру) (головного авіаметеорологічного, радіо-, управління повітряним рухом, навчально-авіаційного, електрозв'язку, рятувально-координаційного, рятувального та ін.)","cat_1226_2"
"pc_00511","1226.2","Завідувач бази перевалочної","cat_1226_2"
"pc_00512","1226.2","Завідувач бюро (квиткового, з розшуку вантажу та багажу та ін.)","cat_1226_2"
"pc_00513","1226.2","Завідувач двору (вантажного)","cat_1226_2"
"pc_00514","1226.2","Завідувач камери схову (ручного багажу)","cat_1226_2"
"pc_00515","1226.2","Завідувач платформи (пасажирської, сортувальної)","cat_1226_2"
"pc_00516","1226.2","Завідувач контейнерного майданчика","cat_1226_2"
"pc_00517","1226.2","Завідувач районного (міського) профконсультаційного пункту","cat_1226_2"
"pc_00518","1226.2","Завідувач складу","cat_1226_2"
"pc_00519","1226.2","Завідувач станції зливної","cat_1226_2"
"pc_00520","1226.2","Завідувач сховища","cat_1226_2"
"pc_00521","1226.2","Завідувач центрального складу","cat_1226_2"
"pc_00522","1226.2","Капітан","cat_1226_2"
"pc_00523","1226.2","Командир авіаційного загону","cat_1226_2"
"pc_00524","1226.2","Командир авіаційної ескадрильї","cat_1226_2"
"pc_00525","1226.2","Командир авіаційної ескадрильї, об'єднаної з аеропортом","cat_1226_2"
"pc_00526","1226.2","Командир об'єднаного авіаційного загону","cat_1226_2"
"pc_00527","1226.2","Командир (начальник) експлуатаційного об'єднання цивільної авіації","cat_1226_2"
"pc_00528","1226.2","Комендант аеродрому","cat_1226_2"
"pc_00529","1226.2","Комендант аеропорту","cat_1226_2"
"pc_00530","1226.2","Комендант дельтадрому","cat_1226_2"
"pc_00531","1226.2","Майстер аварійно-рятувальних, суднопідіймальних, підводно-технічних та інших спеціальних робіт","cat_1226_2"
"pc_00532","1226.2","Майстер бази технічного обслуговування флоту","cat_1226_2"
"pc_00533","1226.2","Майстер вагонного депо","cat_1226_2"
"pc_00534","1226.2","Майстер водолазних робіт","cat_1226_2"
"pc_00535","1226.2","Майстер виправних та колійних робіт","cat_1226_2"
"pc_00536","1226.2","Майстер вантажного району","cat_1226_2"
"pc_00537","1226.2","Майстер дистанції (цивільних споруд, електропостачання та ін.)","cat_1226_2"
"pc_00538","1226.2","Майстер шляховий","cat_1226_2"
"pc_00539","1226.2","Майстер локомотивного депо","cat_1226_2"
"pc_00540","1226.2","Майстер майстерні спеціальної техніки та устаткування (транспорт, зв'язок)","cat_1226_2"
"pc_00541","1226.2","Майстер мостовий","cat_1226_2"
"pc_00542","1226.2","Майстер надувних рятувальних засобів","cat_1226_2"
"pc_00543","1226.2","Майстер об'єднаних майстерень метрополітену","cat_1226_2"
"pc_00544","1226.2","Майстер парку (понтонного, такелажного)","cat_1226_2"
"pc_00545","1226.2","Майстер навантажувально-розвантажувальних робіт","cat_1226_2"
"pc_00546","1226.2","Майстер поїзда (відновного, рейкозварювального)","cat_1226_2"
"pc_00547","1226.2","Майстер з ремонту устаткування (транспорт, складське господарство, зв'язок)","cat_1226_2"
"pc_00548","1226.2","Майстер портових майстерень","cat_1226_2"
"pc_00549","1226.2","Майстер промивально-пропарювальної станції (поїзда, пункту)","cat_1226_2"
"pc_00550","1226.2","Майстер ремонтно-відстійного пункту","cat_1226_2"
"pc_00551","1226.2","Майстер служби (транспорт, зв'язок)","cat_1226_2"
"pc_00552","1226.2","Майстер тунельний","cat_1226_2"
"pc_00553","1226.2","Майстер електродепо","cat_1226_2"
"pc_00554","1226.2","Майстер електрорадіонавігаційної камери","cat_1226_2"
"pc_00555","1226.2","Начальник бази (виробничого обслуговування, резерву, здавальної та ін.)","cat_1226_2"
"pc_00556","1226.2","Начальник вагона (динамометричного, поштового, колієобстежувального та ін.)","cat_1226_2"
"pc_00557","1226.2","Начальник вахти лоцманської","cat_1226_2"
"pc_00558","1226.2","Начальник вахти шлюзу","cat_1226_2"
"pc_00559","1226.2","Начальник вокзалу","cat_1226_2"
"pc_00560","1226.2","Начальник гаража","cat_1226_2"
"pc_00561","1226.2","Начальник дистанції","cat_1226_2"
"pc_00562","1226.2","Начальник доку (докмейстер)","cat_1226_2"
"pc_00563","1226.2","Начальник дороги (лісовозної, підвісної канатної та ін.)","cat_1226_2"
"pc_00564","1226.2","Начальник камери (навігаційної, електрорадіонавігаційної та ін.)","cat_1226_2"
"pc_00565","1226.2","Начальник каси (квиткової на вокзалі, головної, міської квиткової)","cat_1226_2"
"pc_00566","1226.2","Начальник колони (автомобільної, механізованої)","cat_1226_2"
"pc_00567","1226.2","Начальник контори (вантажної, транспортно-складської та ін.)","cat_1226_2"
"pc_00568","1226.2","Начальник льотно-випробувального підрозділу (бази, комплексу, станції, центру)","cat_1226_2"
"pc_00569","1226.2","Начальник льодозаводу","cat_1226_2"
"pc_00570","1226.2","Начальник маршруту міського транспорту","cat_1226_2"
"pc_00571","1226.2","Начальник майстерні","cat_1226_2"
"pc_00572","1226.2","Начальник маяка","cat_1226_2"
"pc_00573","1226.2","Начальник відділення каналу","cat_1226_2"
"pc_00574","1226.2","Начальник відділення зв'язку","cat_1226_2"
"pc_00575","1226.2","Начальник промірної партії","cat_1226_2"
"pc_00576","1226.2","Начальник відновного поїзда","cat_1226_2"
"pc_00577","1226.2","Начальник поїзда (пасажирського, рефрижераторного, комбінованого транспорту і т. ін.)","cat_1226_2"
"pc_00578","1226.2","Начальник пожежного катера (рятувального)","cat_1226_2"
"pc_00579","1226.2","Начальник полігону (швидкісного)","cat_1226_2"
"pc_00580","1226.2","Начальник портового нагляду","cat_1226_2"
"pc_00581","1226.2","Начальник колійного поста","cat_1226_2"
"pc_00582","1226.2","Начальник поштамту","cat_1226_2"
"pc_00583","1226.2","Начальник пристані","cat_1226_2"
"pc_00584","1226.2","Начальник причалу","cat_1226_2"
"pc_00585","1226.2","Начальник пункту (заготівельного, навантажувально-розвантажувального, портового, рибоприймального, суднового, навчально-тренувального та ін.)","cat_1226_2"
"pc_00586","1226.2","Начальник колійної машини","cat_1226_2"
"pc_00587","1226.2","Начальник радіостанції","cat_1226_2"
"pc_00588","1226.2","Начальник радіотелевізійної передавальної станції","cat_1226_2"
"pc_00589","1226.2","Начальник роз'їзду (зупинкового пункту)","cat_1226_2"
"pc_00590","1226.2","Начальник району (вантажного)","cat_1226_2"
"pc_00591","1226.2","Начальник резерву локомотивних бригад","cat_1226_2"
"pc_00592","1226.2","Начальник резерву провідників пасажирських вагонів","cat_1226_2"
"pc_00593","1226.2","Начальник складу (вантажного)","cat_1226_2"
"pc_00594","1226.2","Начальник служби (транспорт)","cat_1226_2"
"pc_00595","1226.2","Начальник зміни (транспорт, складське господарство, зв'язок)","cat_1226_2"
"pc_00596","1226.2","Начальник постачання","cat_1226_2"
"pc_00597","1226.2","Начальник сортувальної гірки (автоматизованої, механізованої)","cat_1226_2"
"pc_00598","1226.2","Начальник станції метрополітену","cat_1226_2"
"pc_00599","1226.2","Начальник відділу транспорту","cat_1226_2"
"pc_00600","1226.2","Начальник дільниці","cat_1226_2"
"pc_00601","1226.2","Начальник (завідувач) навчального полігону","cat_1226_2"
"pc_00602","1226.2","Начальник флоту (портового)","cat_1226_2"
"pc_00603","1226.2","Начальник господарства складського","cat_1226_2"
"pc_00604","1226.2","Начальник шлюзу","cat_1226_2"
"pc_00605","1226.2","Начальник штабу об'єднаного авіазагону","cat_1226_2"
"pc_00606","1226.2","Начальник штабу льотного загону","cat_1226_2"
"pc_00607","1226.2","Керівник польотів","cat_1226_2"
"pc_00608","1226.2","Начальник наливної естакади","cat_1226_2"
"pc_00609","1226.2","Начальник станції залізничної","cat_1226_2"
"pc_00610","1226.2","Капітан порту (морського)","cat_1226_2"
"pc_00611","1226.2","Майстер станції з огляду надувних рятувальних засобів та контрольно-вимірювальних приладів","cat_1226_2"
"pc_00612","1226.2","Начальник відділу з ліквідації розливів нафти та нафтопродуктів у морі","cat_1226_2"
"pc_00613","1226.2","Начальник перевантажувального комплексу","cat_1226_2"
"pc_00614","1226.2","Начальник відділу (авіаційний транспорт)","cat_1226_2"
"pc_00615","1226.2","Начальник відділу об'єктивного контролю","cat_1226_2"
"pc_00616","1226.2","Начальник диспетчерських пунктів району аеродрому та зони зльоту і посадки","cat_1226_2"
"pc_00617","1226.2","Начальник об'єктів радіотехнічного забезпечення та зв'язку","cat_1226_2"
"pc_00618","1226.2","Начальник Украероцентру","cat_1226_2"
"pc_00619","1226.2","Начальник центру комутації повідомлень","cat_1226_2"
"pc_00620","1226.2","Начальник центру управління повітряним рухом","cat_1226_2"
"pc_00621","1226.2","Капітан - помічник механіка (суднового)","cat_1226_2"
"pc_00622","1226.2","Капітан-механік судновий","cat_1226_2"
"pc_00623","1226.2","Керівник структурного підрозділу (сфера захисту інформації)","cat_1226_2"
"pc_00624","1226.2","Начальник відділення (сфера захисту інформації)","cat_1226_2"
"pc_00625","1226.2","Начальник відділу (гідрографічні та навігаційні роботи)","cat_1226_2"
"pc_00626","1226.2","Начальник відділу (на транспорті)","cat_1226_2"
"pc_00627","1226.2","Начальник відділу організації безпеки дорожнього руху","cat_1226_2"
"pc_00628","1226.2","Начальник дільниці зберігання (сфера матеріального резерву)","cat_1226_2"
"pc_00629","1226.2","Начальник морського шляхового поста","cat_1226_2"
"pc_00630","1226.2","Начальник структурного підрозділу (відокремленого)","cat_1226_2"
"pc_00631","1226.2","Начальник установки сміттєспалювальної пересувної","cat_1226_2"
"pc_00632","1227","Головний адміністратор (на комерційних підприємствах)","cat_1227"
"pc_00633","1227","Завідувач комори (ломбарду, цінностей)","cat_1227"
"pc_00634","1227","Завідувач ломбарду","cat_1227"
"pc_00635","1228","Завідувач контори (похоронного обслуговування та ін.)","cat_1228"
"pc_00636","1228","Завідувач ательє","cat_1228"
"pc_00637","1228","Завідувач бази білизняної","cat_1228"
"pc_00638","1228","Завідувач лазні","cat_1228"
"pc_00639","1228","Завідувач будинку побуту (моди)","cat_1228"
"pc_00640","1228","Завідувач душової","cat_1228"
"pc_00641","1228","Завідувач кладовища","cat_1228"
"pc_00642","1228","Завідувач колумбарію","cat_1228"
"pc_00643","1228","Завідувач крематорію","cat_1228"
"pc_00644","1228","Завідувач кухні (для тварин, молочної)","cat_1228"
"pc_00645","1228","Завідувач перукарні","cat_1228"
"pc_00646","1228","Завідувач пляжу","cat_1228"
"pc_00647","1228","Завідувач пральні","cat_1228"
"pc_00648","1228","Завідувач звалища","cat_1228"
"pc_00649","1228","Завідувач станції човнової","cat_1228"
"pc_00650","1228","Завідувач фотоательє","cat_1228"
"pc_00651","1228","Завідувач фотографії","cat_1228"
"pc_00652","1228","Завідувач фотолабораторії","cat_1228"
"pc_00653","1228","Завідувач фотостудії","cat_1228"
"pc_00654","1229.1","Генеральний директор директорату","cat_1229_1"
"pc_00655","1229.1","Головний державний інспектор України з контролю якості лікарських засобів","cat_1229_1"
"pc_00656","1229.1","Державний уповноважений (органи державної влади)","cat_1229_1"
"pc_00657","1229.1","Директор (начальник) департаменту","cat_1229_1"
"pc_00658","1229.1","Завідувач (начальник) сектору","cat_1229_1"
"pc_00659","1229.1","Завідувач (начальник) сектору (самостійного)","cat_1229_1"
"pc_00660","1229.1","Керівник Координаційного центру","cat_1229_1"
"pc_00661","1229.1","Координатор упровадження реформ","cat_1229_1"
"pc_00662","1229.1","Радник-начальник головного управління","cat_1229_1"
"pc_00663","1229.1","Член Національної ради","cat_1229_1"
"pc_00664","1229.1","Головний державний реєстратор суден","cat_1229_1"
"pc_00665","1229.1","Завідувач секретаріату заступника Голови Ради міністрів Автономної Республіки Крим","cat_1229_1"
"pc_00666","1229.1","Керівник головного управління","cat_1229_1"
"pc_00667","1229.1","Начальник відділу управління","cat_1229_1"
"pc_00668","1229.1","Начальник підвідділу (у складі самостійного відділу)","cat_1229_1"
"pc_00669","1229.1","Начальник управління","cat_1229_1"
"pc_00670","1229.1","Керуючий справами","cat_1229_1"
"pc_00671","1229.1","Виконавчий директор Фонду","cat_1229_1"
"pc_00672","1229.1","Головний державний аудитор","cat_1229_1"
"pc_00673","1229.1","Головний державний виконавець","cat_1229_1"
"pc_00674","1229.1","Головний державний інспектор з охорони прав на сорти рослин","cat_1229_1"
"pc_00675","1229.1","Головний інспектор","cat_1229_1"
"pc_00676","1229.1","Головний казначей","cat_1229_1"
"pc_00677","1229.1","Директор департаменту біржових операцій та електронного забезпечення","cat_1229_1"
"pc_00678","1229.1","Директор департаменту організації роботи органів управління фондової біржі","cat_1229_1"
"pc_00679","1229.1","Директор закладу експертизи державної системи з охорони прав на сорти рослин","cat_1229_1"
"pc_00680","1229.1","Директор Фонду","cat_1229_1"
"pc_00681","1229.1","Завідувач відділу (самостійного)","cat_1229_1"
"pc_00682","1229.1","Завідувач відділу (у складі управління)","cat_1229_1"
"pc_00683","1229.1","Завідувач групи","cat_1229_1"
"pc_00684","1229.1","Головний державний інженер-інспектор","cat_1229_1"
"pc_00685","1229.1","Головний державний інспектор","cat_1229_1"
"pc_00686","1229.1","Головний державний інспектор з рибоохорони","cat_1229_1"
"pc_00687","1229.1","Головний інспектор державного контролю","cat_1229_1"
"pc_00688","1229.1","Головний інспектор з контролю за цінами","cat_1229_1"
"pc_00689","1229.1","Головний державний податковий ревізор-інспектор","cat_1229_1"
"pc_00690","1229.1","Завідувач відділу (центральні органи державної влади)","cat_1229_1"
"pc_00691","1229.1","Начальник головного управління","cat_1229_1"
"pc_00692","1229.1","Начальник державної інспекції","cat_1229_1"
"pc_00693","1229.1","Начальник відділу (самостійного)","cat_1229_1"
"pc_00694","1229.1","Начальник відділу (у складі управління)","cat_1229_1"
"pc_00695","1229.1","Начальник відділу (центральні органи державної влади)","cat_1229_1"
"pc_00696","1229.1","Начальник підвідділу","cat_1229_1"
"pc_00697","1229.1","Начальник (завідувач) підрозділу","cat_1229_1"
"pc_00698","1229.1","Керівник прес-служби (центральні органи державної влади)","cat_1229_1"
"pc_00699","1229.1","Керівник служби","cat_1229_1"
"pc_00700","1229.1","Завідувач канцелярії","cat_1229_1"
"pc_00701","1229.1","Заступник директора департаменту - начальник відділу","cat_1229_1"
"pc_00702","1229.1","Заступник начальника управління (самостійного) - начальник відділу","cat_1229_1"
"pc_00703","1229.1","Керівник апарату","cat_1229_1"
"pc_00704","1229.1","Керівник групи","cat_1229_1"
"pc_00705","1229.1","Консультант Президента України","cat_1229_1"
"pc_00706","1229.1","Науковий консультант Президента України","cat_1229_1"
"pc_00707","1229.1","Начальник управління (самостійного)","cat_1229_1"
"pc_00708","1229.1","Помічник вищого державного службовця центрального органу державної влади","cat_1229_1"
"pc_00709","1229.1","Помічник Президента України","cat_1229_1"
"pc_00710","1229.1","Постійний представник Президента України","cat_1229_1"
"pc_00711","1229.1","Представник Президента України","cat_1229_1"
"pc_00712","1229.1","Прес-секретар","cat_1229_1"
"pc_00713","1229.1","Радник Президента України","cat_1229_1"
"pc_00714","1229.1","Секретар Ради національної безпеки і оборони","cat_1229_1"
"pc_00715","1229.1","Секретар Рахункової палати України","cat_1229_1"
"pc_00716","1229.1","Секретар Центральної виборчої комісії","cat_1229_1"
"pc_00717","1229.1","Старший державний інспектор України з нагляду (контролю) у сфері пожежної та техногенної безпеки","cat_1229_1"
"pc_00718","1229.1","Уповноважений Президента України","cat_1229_1"
"pc_00719","1229.1","Член Рахункової палати","cat_1229_1"
"pc_00720","1229.1","Член Центральної виборчої комісії","cat_1229_1"
"pc_00721","1229.2","Керівник апарату Верховного Суду","cat_1229_2"
"pc_00722","1229.2","Керівник апарату суду","cat_1229_2"
"pc_00723","1229.2","Керівник секретаріату","cat_1229_2"
"pc_00724","1229.2","Прокурор (області, міста, району)","cat_1229_2"
"pc_00725","1229.2","Начальник відділу (прокуратури)","cat_1229_2"
"pc_00726","1229.2","Голова суду","cat_1229_2"
"pc_00727","1229.2","Голова судової колегії","cat_1229_2"
"pc_00728","1229.2","Начальник управління Апеляційного суду України","cat_1229_2"
"pc_00729","1229.2","Суддя Апеляційного суду України","cat_1229_2"
"pc_00730","1229.3","Голова комісії","cat_1229_3"
"pc_00731","1229.3","Головний державний фінансовий інспектор у районі (місті)","cat_1229_3"
"pc_00732","1229.3","Державний адміністратор","cat_1229_3"
"pc_00733","1229.3","Директор (начальник) департаменту","cat_1229_3"
"pc_00734","1229.3","Завідувач (начальник) сектору (місцева  державна адміністрація, орган місцевого самоврядування)","cat_1229_3"
"pc_00735","1229.3","Керуючий (секретар) виконавчого комітету (апарату)","cat_1229_3"
"pc_00736","1229.3","Начальник центру (філії) (регіонального, територіального та ін.)","cat_1229_3"
"pc_00737","1229.3","Представник Національної ради","cat_1229_3"
"pc_00738","1229.3","Староста","cat_1229_3"
"pc_00739","1229.3","Головний фахівець-архітектор","cat_1229_3"
"pc_00740","1229.3","Директор Палацу урочистих подій","cat_1229_3"
"pc_00741","1229.3","Керівник структурного підрозділу - головний спеціаліст","cat_1229_3"
"pc_00742","1229.3","Начальник служби","cat_1229_3"
"pc_00743","1229.3","Начальник управління","cat_1229_3"
"pc_00744","1229.3","Головний державний інспектор з ветеринарної медицини","cat_1229_3"
"pc_00745","1229.3","Головний державний інспектор з енергетичного нагляду","cat_1229_3"
"pc_00746","1229.3","Головний інженер-інспектор","cat_1229_3"
"pc_00747","1229.3","Головний державний фітосанітарний інспектор","cat_1229_3"
"pc_00748","1229.3","Завідувач відділу (місцеві органи державної влади, місцевого самоврядування)","cat_1229_3"
"pc_00749","1229.3","Керівник прес-служби (місцеві органи державної влади)","cat_1229_3"
"pc_00750","1229.3","Начальник головного управління (місцеві органи державної влади)","cat_1229_3"
"pc_00751","1229.3","Начальник управління (у складі головного управління)","cat_1229_3"
"pc_00752","1229.3","Начальник відділу (місцеві органи державної влади, місцевого самоврядування)","cat_1229_3"
"pc_00753","1229.3","Начальник інспекції","cat_1229_3"
"pc_00754","1229.3","Начальник лікувально-профілактичного сектору - заступник завідувача","cat_1229_3"
"pc_00755","1229.3","Начальник уповноваженого органу з питань пробації","cat_1229_3"
"pc_00756","1229.4","Директор центру підвищення кваліфікації","cat_1229_4"
"pc_00757","1229.4","Голова циклової комісії закладу фахової передвищої освіти","cat_1229_4"
"pc_00758","1229.4","Директор (начальник) інституту в складі закладу вищої освіти","cat_1229_4"
"pc_00759","1229.4","Завідувач (начальник) відділення (курсу, циклу) у закладі освіти","cat_1229_4"
"pc_00760","1229.4","Завідувач (начальник) кафедри","cat_1229_4"
"pc_00761","1229.4","Завідувач майстерні (навчально-виробничої, навчальної)","cat_1229_4"
"pc_00762","1229.4","Керівник (директор) закладу дошкільної освіти","cat_1229_4"
"pc_00763","1229.4","Керівник (завідувач) дошкільного підрозділу","cat_1229_4"
"pc_00764","1229.4","Декан (начальник) факультету","cat_1229_4"
"pc_00765","1229.4","Начальник навчального пункту","cat_1229_4"
"pc_00766","1229.4","Завідувач аспірантури (інтернатури, ординатури, докторантури)","cat_1229_4"
"pc_00767","1229.4","Завідувач бази навчально-наукової","cat_1229_4"
"pc_00768","1229.4","Завідувач кабінету навчального (методичного, навчально-методичного)","cat_1229_4"
"pc_00769","1229.4","Завідувач лабораторії (освіта)","cat_1229_4"
"pc_00770","1229.4","Завідувач навчально-практичного центру","cat_1229_4"
"pc_00771","1229.4","Завідувач практики (виробничої, навчальної)","cat_1229_4"
"pc_00772","1229.4","Начальник містечка (дитячого оздоровчого, навчального)","cat_1229_4"
"pc_00773","1229.4","Начальник табору оборонно-спортивного","cat_1229_4"
"pc_00774","1229.4","Керівник позанавчальної виховної роботи з іноземними учнями","cat_1229_4"
"pc_00775","1229.4","Керівник виробничої практики","cat_1229_4"
"pc_00776","1229.4","Керівник студентського проектно-конструкторського (дослідного) бюро","cat_1229_4"
"pc_00777","1229.4","Начальник навчально-тренувального центру","cat_1229_4"
"pc_00778","1229.5","Уповноважена особа (виробництво лікарських засобів)","cat_1229_5"
"pc_00779","1229.5","Головний державний санітарний лікар","cat_1229_5"
"pc_00780","1229.5","Завідувач віварію","cat_1229_5"
"pc_00781","1229.5","Головна медична сестра (головний медичний брат)","cat_1229_5"
"pc_00782","1229.5","Начальник (завідувач, керівник) структурного підрозділу закладу охорони здоров’я","cat_1229_5"
"pc_00783","1229.6","Директор (завідувач) бібліотеки","cat_1229_6"
"pc_00784","1229.6","Завідувач філіалу (філії) бібліотеки","cat_1229_6"
"pc_00785","1229.6","Завідувач філіалу (філії) музею","cat_1229_6"
"pc_00786","1229.6","Керівник художній трупи (оперної, балетної)","cat_1229_6"
"pc_00787","1229.6","Головний тренер команди (збірної, клубної)","cat_1229_6"
"pc_00788","1229.6","Начальник (завідувач) тренажерного комплексу (залу)","cat_1229_6"
"pc_00789","1229.6","Начальник команди з виду спорту (збірної, клубної)","cat_1229_6"
"pc_00790","1229.6","Головний художник","cat_1229_6"
"pc_00791","1229.6","Генеральний директор програм","cat_1229_6"
"pc_00792","1229.6","Головний адміністратор","cat_1229_6"
"pc_00793","1229.6","Головний балетмейстер","cat_1229_6"
"pc_00794","1229.6","Головний бібліограф","cat_1229_6"
"pc_00795","1229.6","Головний бібліотекар","cat_1229_6"
"pc_00796","1229.6","Головний диригент","cat_1229_6"
"pc_00797","1229.6","Головний мистецтвознавець","cat_1229_6"
"pc_00798","1229.6","Головний оператор-постановник аудіовізуальних творів","cat_1229_6"
"pc_00799","1229.6","Головний музичний редактор","cat_1229_6"
"pc_00800","1229.6","Головний редактор","cat_1229_6"
"pc_00801","1229.6","Головний редактор програм","cat_1229_6"
"pc_00802","1229.6","Головний редактор студії (кіностудії)","cat_1229_6"
"pc_00803","1229.6","Головний редактор творчого об'єднання","cat_1229_6"
"pc_00804","1229.6","Головний режисер","cat_1229_6"
"pc_00805","1229.6","Головний режисер-постановник","cat_1229_6"
"pc_00806","1229.6","Головний суддя з випробування племінних коней","cat_1229_6"
"pc_00807","1229.6","Головний хормейстер","cat_1229_6"
"pc_00808","1229.6","Головний зберігач фондів","cat_1229_6"
"pc_00809","1229.6","Головний художній керівник","cat_1229_6"
"pc_00810","1229.6","Головний художник з освітлення","cat_1229_6"
"pc_00811","1229.6","Головний художник-постановник","cat_1229_6"
"pc_00812","1229.6","Головний художник-реставратор","cat_1229_6"
"pc_00813","1229.6","Завідувач бюро (кінопересувок, подорожей, екскурсій)","cat_1229_6"
"pc_00814","1229.6","Завідувач виставки","cat_1229_6"
"pc_00815","1229.6","Завідувач лекторію","cat_1229_6"
"pc_00816","1229.6","Завідувач музею","cat_1229_6"
"pc_00817","1229.6","Завідувач парку культури та відпочинку","cat_1229_6"
"pc_00818","1229.6","Директор аудіовізуальних та аудіальних програм","cat_1229_6"
"pc_00819","1229.6","Завідувач спортивної споруди","cat_1229_6"
"pc_00820","1229.6","Завідувач абонементу","cat_1229_6"
"pc_00821","1229.6","Завідувач атракціону","cat_1229_6"
"pc_00822","1229.6","Завідувач бази спортивної","cat_1229_6"
"pc_00823","1229.6","Завідувач відеотеки","cat_1229_6"
"pc_00824","1229.6","Завідувач комплексу (атракціонного, товарного)","cat_1229_6"
"pc_00825","1229.6","Завідувач костюмерної","cat_1229_6"
"pc_00826","1229.6","Завідувач пересувної виставки","cat_1229_6"
"pc_00827","1229.6","Завідувач радіовузла","cat_1229_6"
"pc_00828","1229.6","Завідувач студії","cat_1229_6"
"pc_00829","1229.6","Завідувач театру (літнього)","cat_1229_6"
"pc_00830","1229.6","Завідувач фільмобази (фільмосховища)","cat_1229_6"
"pc_00831","1229.6","Завідувач фільмотеки","cat_1229_6"
"pc_00832","1229.6","Завідувач фонотеки","cat_1229_6"
"pc_00833","1229.6","Завідувач центру (за напрямом діяльності)","cat_1229_6"
"pc_00834","1229.6","Начальник бази туристської","cat_1229_6"
"pc_00835","1229.6","Начальник дитячого приймача-розподільника","cat_1229_6"
"pc_00836","1229.6","Начальник клубу (аероклубу, службового собаківництва, спортивно-технічного, стрілецько-спортивного)","cat_1229_6"
"pc_00837","1229.6","Начальник табору туристського","cat_1229_6"
"pc_00838","1229.6","Організатор трюкових зйомок (сцен)","cat_1229_6"
"pc_00839","1229.6","Голова секції (творчої)","cat_1229_6"
"pc_00840","1229.6","Керівник гуртка","cat_1229_6"
"pc_00841","1229.6","Керівник самодіяльного об'єднання (клубу за інтересами)","cat_1229_6"
"pc_00842","1229.6","Керівник студії, колективу (за видами мистецтва і народної творчості)","cat_1229_6"
"pc_00843","1229.6","Керівник фізичного виховання","cat_1229_6"
"pc_00844","1229.6","Керівник частини (літературно-драматургічної, музичної)","cat_1229_6"
"pc_00845","1229.6","Керівник групи (виробництво аудіовізуальних творів)","cat_1229_6"
"pc_00846","1229.6","Майстер з ремонту приладів та апаратури (виробництво аудіовізуальних творів)","cat_1229_6"
"pc_00847","1229.6","Начальник цеху (виробництво аудіовізуальних творів)","cat_1229_6"
"pc_00848","1229.6","Продюсер","cat_1229_6"
"pc_00849","1229.6","Шеф-редактор","cat_1229_6"
"pc_00850","1229.7","Начальник Державної інспекції з експлуатації електричних станцій і мереж","cat_1229_7"
"pc_00851","1229.7","Керівник (директор, начальник та ін.) підрозділу (служби, управління, департаменту та ін.) з безпеки (фінансово-економічної, інформаційної)","cat_1229_7"
"pc_00852","1229.7","Керівник (директор, начальник та ін.) підрозділу (служби, управління, департаменту та ін.) з охорони та безпеки (фізичної та майнової)","cat_1229_7"
"pc_00853","1229.7","Головний реставратор","cat_1229_7"
"pc_00854","1229.7","Директор інклюзивно-ресурсного центру","cat_1229_7"
"pc_00855","1229.7","Начальник окремого структурного підрозділу (поліція)","cat_1229_7"
"pc_00856","1229.7","Завідувач корпункту","cat_1229_7"
"pc_00857","1229.7","Керівник рятувального формування","cat_1229_7"
"pc_00858","1229.7","Керівник рятувального підрозділу","cat_1229_7"
"pc_00859","1229.7","Генеральний менеджер (управитель)","cat_1229_7"
"pc_00860","1229.7","Головний страховий експерт з охорони праці","cat_1229_7"
"pc_00861","1229.7","Директор територіального управління Національного антикорупційного бюро України","cat_1229_7"
"pc_00862","1229.7","Директор технічний","cat_1229_7"
"pc_00863","1229.7","Головний випусковий","cat_1229_7"
"pc_00864","1229.7","Головний інженер (інші галузі)","cat_1229_7"
"pc_00865","1229.7","Головний інженер-інспектор","cat_1229_7"
"pc_00866","1229.7","Головний інспектор","cat_1229_7"
"pc_00867","1229.7","Головний контролер","cat_1229_7"
"pc_00868","1229.7","Головний радник","cat_1229_7"
"pc_00869","1229.7","Головний експерт","cat_1229_7"
"pc_00870","1229.7","Завідувач архіву","cat_1229_7"
"pc_00871","1229.7","Завідувач архівосховища","cat_1229_7"
"pc_00872","1229.7","Завідувач групи","cat_1229_7"
"pc_00873","1229.7","Завідувач кабінету технічного","cat_1229_7"
"pc_00874","1229.7","Завідувач консультації","cat_1229_7"
"pc_00875","1229.7","Завідувач коректорської","cat_1229_7"
"pc_00876","1229.7","Завідувач лабораторії","cat_1229_7"
"pc_00877","1229.7","Завідувач науково-технічної бібліотеки","cat_1229_7"
"pc_00878","1229.7","Завідувач обстановки","cat_1229_7"
"pc_00879","1229.7","Завідувач відділення (бібліотеки, заочного, контейнерного, підготовчого та ін.)","cat_1229_7"
"pc_00880","1229.7","Завідувач відділу","cat_1229_7"
"pc_00881","1229.7","Завідувач майданчика (астрономічного, інструментального, спортивного та ін.)","cat_1229_7"
"pc_00882","1229.7","Завідувач (начальник) приймальні","cat_1229_7"
"pc_00883","1229.7","Завідувач пункту (заготовчого, приймального, навчально-консультаційного, навчального та ін.)","cat_1229_7"
"pc_00884","1229.7","Завідувач редакції","cat_1229_7"
"pc_00885","1229.7","Завідувач сектору","cat_1229_7"
"pc_00886","1229.7","Завідувач технічного архіву","cat_1229_7"
"pc_00887","1229.7","Завідувач трупи","cat_1229_7"
"pc_00888","1229.7","Завідувач частини","cat_1229_7"
"pc_00889","1229.7","Командир артилерійської ланки","cat_1229_7"
"pc_00890","1229.7","Командир-наставник","cat_1229_7"
"pc_00891","1229.7","Командир вогневої точки","cat_1229_7"
"pc_00892","1229.7","Комісар аварійний","cat_1229_7"
"pc_00893","1229.7","Начальник інспекції","cat_1229_7"
"pc_00894","1229.7","Начальник відділу","cat_1229_7"
"pc_00895","1229.7","Начальник (інший керівник), відділу (сектору, управління) з питань із захисту об’єктів критичної інфраструктури","cat_1229_7"
"pc_00896","1229.7","Начальник прес-центру","cat_1229_7"
"pc_00897","1229.7","Начальник сектору","cat_1229_7"
"pc_00898","1229.7","Начальник слідчої частини","cat_1229_7"
"pc_00899","1229.7","Голова державної комісії (бюро)","cat_1229_7"
"pc_00900","1229.7","Голова комісії","cat_1229_7"
"pc_00901","1229.7","Керівник групи","cat_1229_7"
"pc_00902","1229.7","Керівник допризовної підготовки (військовий керівник)","cat_1229_7"
"pc_00903","1229.7","Начальник партії (геодезичної, геологічної, промислової, топографічної та ін.)","cat_1229_7"
"pc_00904","1229.7","Секретар відповідальний","cat_1229_7"
"pc_00905","1229.7","Головний фахівець (пенітенціарна система)","cat_1229_7"
"pc_00906","1229.7","Директор (за напрямом діяльності)","cat_1229_7"
"pc_00907","1229.7","Керівник з координації аварійно-рятувальних робіт на акваторіях","cat_1229_7"
"pc_00908","1229.7","Керівник організаційних систем електронного урядування","cat_1229_7"
"pc_00909","1229.7","Командир батальйону (поліція)","cat_1229_7"
"pc_00910","1229.7","Командир взводу (поліція)","cat_1229_7"
"pc_00911","1229.7","Командир полку (поліція)","cat_1229_7"
"pc_00912","1229.7","Командир роти (поліція)","cat_1229_7"
"pc_00913","1229.7","Начальник (завідувач) кабінету (лінгафонного, проектного та ін.)","cat_1229_7"
"pc_00914","1229.7","Начальник (інший керівник) служби","cat_1229_7"
"pc_00915","1229.7","Начальник відділення (пенітенціарна система)","cat_1229_7"
"pc_00916","1229.7","Начальник відділення поліції","cat_1229_7"
"pc_00917","1229.7","Начальник відділу (пенітенціарна система)","cat_1229_7"
"pc_00918","1229.7","Начальник відділу (управління) Оперативно-рятувальної служби цивільного захисту","cat_1229_7"
"pc_00919","1229.7","Начальник військового представництва","cat_1229_7"
"pc_00920","1229.7","Начальник головного військового представництва","cat_1229_7"
"pc_00921","1229.7","Начальник оперативного відділу (сфера цивільного захисту)","cat_1229_7"
"pc_00922","1229.7","Начальник підрозділу постійної готовності до аварійно-рятувальних дій","cat_1229_7"
"pc_00923","1229.7","Начальник режимно-секретного органу","cat_1229_7"
"pc_00924","1229.7","Начальник структурного підрозділу режимно-секретного органу","cat_1229_7"
"pc_00925","1229.7","Начальник центру (психологічного забезпечення, соціально-трудової реабілітації дорослих, з надання соціальних послуг тощо)","cat_1229_7"
"pc_00926","1229.7","Начальник чергової частини","cat_1229_7"
"pc_00927","1229.7","Начальник штабу полку (батальйону) (поліція)","cat_1229_7"
"pc_00928","1229.8","Заступник директора департаменту - головний бухгалтер (митні органи)","cat_1229_8"
"pc_00929","1229.8","Заступник начальника митниці - начальник митного поста","cat_1229_8"
"pc_00930","1229.8","Заступник начальника митниці - начальник служби","cat_1229_8"
"pc_00931","1229.8","Заступник начальника служби - начальник відділу (митні органи)","cat_1229_8"
"pc_00932","1229.8","Начальник митниці","cat_1229_8"
"pc_00933","1229.8","Начальник митного поста","cat_1229_8"
"pc_00934","1229.8","Начальник служби - головний бухгалтер (митні органи)","cat_1229_8"
"pc_00935","1229.8","Начальник служби (митні органи)","cat_1229_8"
"pc_00936","1229.8","Начальник спеціалізованої митної установи","cat_1229_8"
"pc_00937","1231","Керівник (директор, виконавчий директор, начальник та ін.) відповідного напряму діяльності банківської установи","cat_1231"
"pc_00938","1231","Керівник (директор, начальник та ін.) департаменту (центру, відділення, дирекції, комплексу та ін.) (банківська діяльність)","cat_1231"
"pc_00939","1231","Менеджер (управитель)","cat_1231"
"pc_00940","1231","Директор фінансовий","cat_1231"
"pc_00941","1231","Директор-розпорядник","cat_1231"
"pc_00942","1231","Головний архівіст","cat_1231"
"pc_00943","1231","Головний бухгалтер","cat_1231"
"pc_00944","1231","Головний касир","cat_1231"
"pc_00945","1231","Головний ревізор","cat_1231"
"pc_00946","1231","Головний економіст","cat_1231"
"pc_00947","1231","Головний юрисконсульт","cat_1231"
"pc_00948","1231","Директор з економіки","cat_1231"
"pc_00949","1231","Завідувач канцелярії","cat_1231"
"pc_00950","1231","Завідувач каси","cat_1231"
"pc_00951","1231","Завідувач (начальник) секретаріату","cat_1231"
"pc_00952","1231","Завідувач цехової бухгалтерії","cat_1231"
"pc_00953","1231","Начальник відділу капітального будівництва (технічного переозброєння)","cat_1231"
"pc_00954","1231","Начальник контрольно-ревізійного відділу","cat_1231"
"pc_00955","1231","Начальник планово-економічного бюро цеху","cat_1231"
"pc_00956","1231","Начальник планово-економічного відділу","cat_1231"
"pc_00957","1231","Начальник лабораторії техніко-економічних досліджень","cat_1231"
"pc_00958","1231","Начальник фінансового відділу","cat_1231"
"pc_00959","1231","Начальник централізованої бухгалтерії","cat_1231"
"pc_00960","1231","Начальник юридичного відділу","cat_1231"
"pc_00961","1231","Керівник (директор, начальник та ін.) департаменту","cat_1231"
"pc_00962","1231","Начальник бюро (функціональний підрозділ)","cat_1231"
"pc_00963","1231","Начальник управління","cat_1231"
"pc_00964","1231","Секретар корпоративний","cat_1231"
"pc_00965","1232","Директор з управління персоналом","cat_1232"
"pc_00966","1232","Начальник служби","cat_1232"
"pc_00967","1232","Начальник відділу охорони праці","cat_1232"
"pc_00968","1232","Головний профконсультант","cat_1232"
"pc_00969","1232","Головний психолог","cat_1232"
"pc_00970","1232","Головний соціолог","cat_1232"
"pc_00971","1232","Директор з кадрових питань та побуту","cat_1232"
"pc_00972","1232","Завідувач кабінету з техніки безпеки","cat_1232"
"pc_00973","1232","Начальник бюро організації праці та заробітної плати цеху","cat_1232"
"pc_00974","1232","Начальник відділу кадрів","cat_1232"
"pc_00975","1232","Начальник лабораторії наукової організації праці та управління виробництвом","cat_1232"
"pc_00976","1232","Начальник нормативно-дослідної лабораторії (станції) з питань праці","cat_1232"
"pc_00977","1232","Начальник відділу організації праці та заробітної плати","cat_1232"
"pc_00978","1232","Начальник відділу підготовки кадрів","cat_1232"
"pc_00979","1232","Начальник відділу соціального розвитку","cat_1232"
"pc_00980","1232","Начальник лабораторії соціології та психофізіології праці","cat_1232"
"pc_00981","1232","Керівник групи обліку","cat_1232"
"pc_00982","1233","Директор з маркетингу","cat_1233"
"pc_00983","1233","Директор комерційний","cat_1233"
"pc_00984","1233","Начальник комерційного відділу","cat_1233"
"pc_00985","1233","Начальник відділу збуту (маркетингу)","cat_1233"
"pc_00986","1234","Головний художник (реклама)","cat_1234"
"pc_00987","1234","Начальник відділу (з реклами, зв'язків з громадськістю)","cat_1234"
"pc_00988","1234","Прес-секретар","cat_1234"
"pc_00989","1235","Начальник відділу зовнішньої кооперації","cat_1235"
"pc_00990","1235","Начальник відділу матеріально-технічного постачання","cat_1235"
"pc_00991","1235","Начальник відділу комплектації устаткування","cat_1235"
"pc_00992","1235","Начальник складу (паливно-мастильних матеріалів, матеріально-технічного та ін.)","cat_1235"
"pc_00993","1235","Начальник управління","cat_1235"
"pc_00994","1235","Начальник відділу","cat_1235"
"pc_00995","1236","Головний програміст","cat_1236"
"pc_00996","1236","Головний фахівець з програмного забезпечення","cat_1236"
"pc_00997","1236","Головний фахівець з електронного устаткування","cat_1236"
"pc_00998","1236","Начальник центру (обчислювального, інформаційно-обчислювального)","cat_1236"
"pc_00999","1236","Начальник відділу автоматизованої системи керування виробництвом (АСКВ)","cat_1236"
"pc_01000","1236","Начальник зміни обчислювального (інформаційно-обчислювального) центру","cat_1236"
"pc_01001","1237.1","Головний картограф","cat_1237_1"
"pc_01002","1237.1","Головний учений секретар","cat_1237_1"
"pc_01003","1237.1","Головний архітектор (архітектура та будівництво)","cat_1237_1"
"pc_01004","1237.1","Головний архітектор проекту","cat_1237_1"
"pc_01005","1237.1","Головний біолог","cat_1237_1"
"pc_01006","1237.1","Головний лікар ветеринарної медицини","cat_1237_1"
"pc_01007","1237.1","Головний винороб","cat_1237_1"
"pc_01008","1237.1","Головний водолазний фахівець","cat_1237_1"
"pc_01009","1237.1","Головний геодезист","cat_1237_1"
"pc_01010","1237.1","Головний геолог","cat_1237_1"
"pc_01011","1237.1","Головний геофізик","cat_1237_1"
"pc_01012","1237.1","Головний геохімік","cat_1237_1"
"pc_01013","1237.1","Головний гідроакустик","cat_1237_1"
"pc_01014","1237.1","Головний гідрогеолог","cat_1237_1"
"pc_01015","1237.1","Головний гідрограф","cat_1237_1"
"pc_01016","1237.1","Головний гідролог","cat_1237_1"
"pc_01017","1237.1","Головний гідротехнік","cat_1237_1"
"pc_01018","1237.1","Головний гірник","cat_1237_1"
"pc_01019","1237.1","Головний десинатор","cat_1237_1"
"pc_01020","1237.1","Головний зоотехнік","cat_1237_1"
"pc_01021","1237.1","Головний інженер-кріогенник","cat_1237_1"
"pc_01022","1237.1","Головний інженер проекту","cat_1237_1"
"pc_01023","1237.1","Головний калібрувальник","cat_1237_1"
"pc_01024","1237.1","Головний колорист","cat_1237_1"
"pc_01025","1237.1","Головний конструктор","cat_1237_1"
"pc_01026","1237.1","Головний конструктор проекту","cat_1237_1"
"pc_01027","1237.1","Головний коньячний майстер","cat_1237_1"
"pc_01028","1237.1","Головний питлівник","cat_1237_1"
"pc_01029","1237.1","Головний круп'яр","cat_1237_1"
"pc_01030","1237.1","Головний кулінар","cat_1237_1"
"pc_01031","1237.1","Головний маркшейдер","cat_1237_1"
"pc_01032","1237.1","Головний меліоратор","cat_1237_1"
"pc_01033","1237.1","Головний металург","cat_1237_1"
"pc_01034","1237.1","Головний метролог","cat_1237_1"
"pc_01035","1237.1","Головний мікробіолог","cat_1237_1"
"pc_01036","1237.1","Головний модельєр","cat_1237_1"
"pc_01037","1237.1","Головний модельєр-конструктор","cat_1237_1"
"pc_01038","1237.1","Головний миловар","cat_1237_1"
"pc_01039","1237.1","Головний збагачувач","cat_1237_1"
"pc_01040","1237.1","Головний телеоператор","cat_1237_1"
"pc_01041","1237.1","Головний оптик","cat_1237_1"
"pc_01042","1237.1","Головний мисливствознавець","cat_1237_1"
"pc_01043","1237.1","Головний парфумер","cat_1237_1"
"pc_01044","1237.1","Головний пивовар","cat_1237_1"
"pc_01045","1237.1","Головний ґрунтознавець","cat_1237_1"
"pc_01046","1237.1","Головний приладист","cat_1237_1"
"pc_01047","1237.1","Головний пробірувальник","cat_1237_1"
"pc_01048","1237.1","Головний прокатник","cat_1237_1"
"pc_01049","1237.1","Головний радіолог","cat_1237_1"
"pc_01050","1237.1","Головний редактор карт","cat_1237_1"
"pc_01051","1237.1","Головний редактор карт і лоцій","cat_1237_1"
"pc_01052","1237.1","Головний релійник","cat_1237_1"
"pc_01053","1237.1","Головний рибовод","cat_1237_1"
"pc_01054","1237.1","Головний зварник","cat_1237_1"
"pc_01055","1237.1","Головний синоптик","cat_1237_1"
"pc_01056","1237.1","Головний фахівець з автоматики","cat_1237_1"
"pc_01057","1237.1","Головний фахівець з автоматизованих систем керування","cat_1237_1"
"pc_01058","1237.1","Головний фахівець з антенних споруд","cat_1237_1"
"pc_01059","1237.1","Головний фахівець з атомних електростанцій","cat_1237_1"
"pc_01060","1237.1","Головний фахівець з охорони навколишнього середовища","cat_1237_1"
"pc_01061","1237.1","Головний фахівець з якості металів на атомних станціях","cat_1237_1"
"pc_01062","1237.1","Головний фахівець з котлів","cat_1237_1"
"pc_01063","1237.1","Головний фахівець з монтажу та налагодження систем автоматизації","cat_1237_1"
"pc_01064","1237.1","Головний фахівець з устаткування звукових трактів та акустики","cat_1237_1"
"pc_01065","1237.1","Головний фахівець з устаткування телевізійних трактів","cat_1237_1"
"pc_01066","1237.1","Головний фахівець з радіомовлення","cat_1237_1"
"pc_01067","1237.1","Головний фахівець з радіопередавальних.пристроїв","cat_1237_1"
"pc_01068","1237.1","Головний фахівець із сантехнічного устаткування","cat_1237_1"
"pc_01069","1237.1","Головний фахівець із світлотехніки","cat_1237_1"
"pc_01070","1237.1","Головний фахівець із систем керування та захисту на атомних станціях","cat_1237_1"
"pc_01071","1237.1","Головний фахівець із слабкострумових систем та контрольно-вимірювальних приладів і автоматики","cat_1237_1"
"pc_01072","1237.1","Головний фахівець з телевізійного мовлення","cat_1237_1"
"pc_01073","1237.1","Головний фахівець з техніки консервації телевізійних програм","cat_1237_1"
"pc_01074","1237.1","Головний фахівець з тропосферних радіорелейних ліній","cat_1237_1"
"pc_01075","1237.1","Головний фахівець з кольорового телебачення","cat_1237_1"
"pc_01076","1237.1","Головний фахівець з електрозв'язку","cat_1237_1"
"pc_01077","1237.1","Головний фахівець з енергетичних реакторів","cat_1237_1"
"pc_01078","1237.1","Головний фахівець з енергоблоків","cat_1237_1"
"pc_01079","1237.1","Головний фахівець з енергосистем","cat_1237_1"
"pc_01080","1237.1","Головний сталеплавильник","cat_1237_1"
"pc_01081","1237.1","Головний будівельник кораблів","cat_1237_1"
"pc_01082","1237.1","Головний тютюнник","cat_1237_1"
"pc_01083","1237.1","Головний тютюновий майстер","cat_1237_1"
"pc_01084","1237.1","Головний теплотехнік","cat_1237_1"
"pc_01085","1237.1","Головний технічний керівник","cat_1237_1"
"pc_01086","1237.1","Головний технолог","cat_1237_1"
"pc_01087","1237.1","Головний технолог проекту","cat_1237_1"
"pc_01088","1237.1","Головний титестер","cat_1237_1"
"pc_01089","1237.1","Головний товарознавець","cat_1237_1"
"pc_01090","1237.1","Головний турбініст виробничого об'єднання з ремонту та налагодження устаткування атомних станцій","cat_1237_1"
"pc_01091","1237.1","Головний фізик","cat_1237_1"
"pc_01092","1237.1","Головний хімік","cat_1237_1"
"pc_01093","1237.1","Головний дизайнер (художник-конструктор)","cat_1237_1"
"pc_01094","1237.1","Головний дизайнер (художник-конструктор) проекту","cat_1237_1"
"pc_01095","1237.1","Головний художник-модельєр","cat_1237_1"
"pc_01096","1237.1","Головний шампаніст","cat_1237_1"
"pc_01097","1237.1","Головний електрик","cat_1237_1"
"pc_01098","1237.1","Головний електромеханік","cat_1237_1"
"pc_01099","1237.1","Головний електронік","cat_1237_1"
"pc_01100","1237.1","Головний електрорадіонавігатор","cat_1237_1"
"pc_01101","1237.1","Голова ради (науково-технічної, наукової, експертної)","cat_1237_1"
"pc_01102","1237.2","Директор бібліотеки","cat_1237_2"
"pc_01103","1237.2","Завідувач відділення","cat_1237_2"
"pc_01104","1237.2","Завідувач сектору","cat_1237_2"
"pc_01105","1237.2","Завідувач філіалу (філії) лабораторії","cat_1237_2"
"pc_01106","1237.2","Начальник станції метеорологічної","cat_1237_2"
"pc_01107","1237.2","Завідувач обсерваторії","cat_1237_2"
"pc_01108","1237.2","Завідувач докторантури","cat_1237_2"
"pc_01109","1237.2","Завідувач лабораторії (науково-дослідної, підготовки виробництва)","cat_1237_2"
"pc_01110","1237.2","Завідувач (начальник) відділу (науково-дослідного, конструкторського, проектного та ін.)","cat_1237_2"
"pc_01111","1237.2","Завідувач відділу (бюро) оформлення проектних матеріалів","cat_1237_2"
"pc_01112","1237.2","Завідувач станції географічної","cat_1237_2"
"pc_01113","1237.2","Завідувач креслярсько-копіювального бюро","cat_1237_2"
"pc_01114","1237.2","Начальник бюро","cat_1237_2"
"pc_01115","1237.2","Начальник лабораторії (науково-дослідної, дослідної та ін.)","cat_1237_2"
"pc_01116","1237.2","Начальник відділу механізації та автоматизації виробничих процесів","cat_1237_2"
"pc_01117","1237.2","Начальник відділу науково-технічної інформації","cat_1237_2"
"pc_01118","1237.2","Начальник відділу охорони навколишнього середовища","cat_1237_2"
"pc_01119","1237.2","Начальник відділу патентної та винахідницької роботи","cat_1237_2"
"pc_01120","1237.2","Начальник проектно-кошторисного бюро (групи)","cat_1237_2"
"pc_01121","1237.2","Начальник реактора (прискорювача, ядерно-фізичної установки)","cat_1237_2"
"pc_01122","1237.2","Начальник (завідувач) сектору (науково-дослідного, конструкторського та ін.)","cat_1237_2"
"pc_01123","1237.2","Начальник відділу стандартизації","cat_1237_2"
"pc_01124","1237.2","Начальник технічного відділу","cat_1237_2"
"pc_01125","1237.2","Начальник технологічного бюро цеху","cat_1237_2"
"pc_01126","1237.2","Начальник центральної заводської лабораторії","cat_1237_2"
"pc_01127","1237.2","Начальник цеху дослідного виробництва","cat_1237_2"
"pc_01128","1237.2","Керівник бригади (дослідної, проектної організації)","cat_1237_2"
"pc_01129","1237.2","Учений секретар","cat_1237_2"
"pc_01130","1237.2","Начальник відділу радіаційної безпеки","cat_1237_2"
"pc_01131","1238","Керівник проектів та програм у сфері матеріального (нематеріального) виробництва","cat_1238"
"pc_01132","1238","Керівник установи (структурного підрозділу) з інтелектуальної власності","cat_1238"
"pc_01133","1238","Керівник установи (структурного підрозділу) із стандартизації, сертифікації та якості","cat_1238"
"pc_01134","1239","Начальник охорони (пожежної, сторожової та ін.)","cat_1239"
"pc_01135","1239","Голова комітету","cat_1239"
"pc_01136","1239","Завідувач бюро перепусток","cat_1239"
"pc_01137","1239","Завідувач кабінету з військово-технічної підготовки","cat_1239"
"pc_01138","1239","Завідувач копіювально-розмножувального бюро","cat_1239"
"pc_01139","1239","Завідувач господарства","cat_1239"
"pc_01140","1239","Начальник варти окремого пожежного поста","cat_1239"
"pc_01141","1239","Начальник варти воєнізованої охорони","cat_1239"
"pc_01142","1239","Начальник команди пожежної охорони","cat_1239"
"pc_01143","1239","Начальник команди (охорони об'єктів, службового собаківництва та ін.)","cat_1239"
"pc_01144","1239","Начальник відділення Оперативно-рятувальної служби цивільного захисту","cat_1239"
"pc_01145","1239","Начальник воєнізованої охорони","cat_1239"
"pc_01146","1239","Начальник господарського відділу","cat_1239"
"pc_01147","1239","Завідувач номерного фонду готелю (туристичного комплексу та ін.)","cat_1239"
"pc_01148","1239","Керівник структурного підрозділу з питань безпеки інформації та кіберзахисту","cat_1239"
"pc_01149","1239","Командир (начальник) підрозділу (сфера цивільного захисту)","cat_1239"
"pc_01150","1239","Командир (начальник) частини (сфера цивільного захисту)","cat_1239"
"pc_01151","1239","Командир взводу (сфера цивільного захисту)","cat_1239"
"pc_01152","1239","Командир загону (сфера цивільного захисту)","cat_1239"
"pc_01153","1239","Майстер (сфера цивільного захисту)","cat_1239"
"pc_01154","1239","Начальник варти (пенітенціарна система)","cat_1239"
"pc_01155","1239","Начальник караулу (зміни, поста) Оперативно-рятувальної служби цивільного захисту","cat_1239"
"pc_01156","1239","Начальник караулу (зміни, поста) частини (сфера цивільного захисту)","cat_1239"
"pc_01157","1239","Начальник окремого поста пожежної охорони (пенітенціарна система)","cat_1239"
"pc_01158","1239","Начальник пожежної охорони (команди) (пенітенціарна система)","cat_1239"
"pc_01159","1239","Начальник полігону","cat_1239"
"pc_01160","1239","Начальник служби (сфера цивільного захисту)","cat_1239"
"pc_01161","1311","Голова кооперативу (товариства, колективної ферми і т. ін.)","cat_1311"
"pc_01162","1311","Директор (керівник) малого підприємства сільськогосподарського","cat_1311"
"pc_01163","1312","Голова кооперативу промислового","cat_1312"
"pc_01164","1312","Директор (керівник) малого підприємства гірничодобувного","cat_1312"
"pc_01165","1312","Директор (керівник) малого промислового підприємства (фірми)","cat_1312"
"pc_01166","1313","Голова кооперативу будівельного","cat_1313"
"pc_01167","1313","Директор (керівник) малого будівельного підприємства","cat_1313"
"pc_01168","1314","Комерсант","cat_1314"
"pc_01169","1314","Директор (керівник) малої торговельної фірми","cat_1314"
"pc_01170","1314","Керуючий магазином","cat_1314"
"pc_01171","1315","Керуючий рестораном (кафе, їдальнею і т. ін.)","cat_1315"
"pc_01172","1315","Керуючий готелем (пансіонатом, кемпінгом і т. ін.)","cat_1315"
"pc_01173","1315","Начальник дільниці ресторану (кафе, їдальні і т. ін.)","cat_1315"
"pc_01174","1315","Ресторатор","cat_1315"
"pc_01175","1316","Директор (керівник) малого підприємства (транспортного, складського)","cat_1316"
"pc_01176","1317","Директор малої фірми (страхової, аудиторської, рекламної і т. ін.)","cat_1317"
"pc_01177","1317","Керуючий агентством (страховим, торговельним, нерухомості, рекламним і т. ін.)","cat_1317"
"pc_01178","1318","Керуючий перукарнею (фотоательє, фірмою прокату і т. ін.)","cat_1318"
"pc_01179","1319","Директор (керівник) малого підприємства (у сфері охорони здоров'я, освіти, культури і т. ін.)","cat_1319"
"pc_01180","1319","Завідувач залу","cat_1319"
"pc_01181","1411","Менеджер (управитель) з використання водних ресурсів","cat_1411"
"pc_01182","1412","Менеджер (управитель) з природокористування","cat_1412"
"pc_01183","1439.8","Менеджер (управитель) з виробництва та розподілення електроенергії","cat_1439_8"
"pc_01184","1439.8","Менеджер (управитель) з організації ефективного використання енергії (енергоменеджер)","cat_1439_8"
"pc_01185","1443","Менеджер (управитель) з транспортно-експедиторської діяльності","cat_1443"
"pc_01186","1443","Менеджер (управитель) на автомобільному транспорті","cat_1443"
"pc_01187","1443","Менеджер (управитель) на водному транспорті","cat_1443"
"pc_01188","1448.1","Менеджер (управитель) з туризму","cat_1448_1"
"pc_01189","1451","Менеджер (управитель) в торгівлі транспортними засобами","cat_1451"
"pc_01190","1452","Менеджер (управитель) в оптовій торгівлі","cat_1452"
"pc_01191","1453","Менеджер (управитель) в роздрібній торгівлі побутовими та непродовольчими товарами","cat_1453"
"pc_01192","1453.1","Менеджер (управитель) в роздрібній торгівлі побутовими товарами та їх ремонті","cat_1453_1"
"pc_01193","1453.2","Менеджер (управитель) в роздрібній торгівлі непродовольчими товарами","cat_1453_2"
"pc_01194","1454","Менеджер (управитель) в роздрібній торгівлі продовольчими товарами","cat_1454"
"pc_01195","1455.1","Менеджер (управитель) у готельному господарстві","cat_1455_1"
"pc_01196","1456","Менеджер (управитель) кафе (бару, їдальні)","cat_1456"
"pc_01197","1456","Менеджер (управитель) підприємства з приготування та постачання готових страв","cat_1456"
"pc_01198","1456","Менеджер (управитель) ресторану","cat_1456"
"pc_01199","1456","Менеджер (управитель) систем харчової безпеки","cat_1456"
"pc_01200","1461","Менеджер (управитель) із грошового посередництва","cat_1461"
"pc_01201","1462","Менеджер (управитель) із фінансового лізингу","cat_1462"
"pc_01202","1463","Менеджер (управитель) із надання кредитів","cat_1463"
"pc_01203","1465","Менеджер (управитель) із страхування","cat_1465"
"pc_01204","1466","Менеджер (управитель) із пенсійного недержавного страхування","cat_1466"
"pc_01205","1467","Менеджер (управитель) із допоміжної діяльності у сфері фінансів","cat_1467"
"pc_01206","1468","Менеджер (управитель) із допоміжної діяльності у сфері страхування","cat_1468"
"pc_01207","1469","Менеджер (управитель) із фінансового посередництва","cat_1469"
"pc_01208","1471","Менеджер (управитель) у сфері операцій з нерухомістю для третіх осіб","cat_1471"
"pc_01209","1472","Менеджер (управитель) у сфері аренди машин та устаткування","cat_1472"
"pc_01210","1473","Менеджер (управитель) у сфері надання інформації","cat_1473"
"pc_01211","1474","Менеджер (управитель) з питань регіонального розвитку","cat_1474"
"pc_01212","1474","Менеджер (управитель) із комунікаційних технологій","cat_1474"
"pc_01213","1475.4","Менеджер (управитель) з маркетингу","cat_1475_4"
"pc_01214","1475.4","Менеджер (управитель) з логістики","cat_1475_4"
"pc_01215","1475.4","Менеджер (управитель) із збуту","cat_1475_4"
"pc_01216","1475.4","Менеджер (управитель) із зв'язків з громадськістю","cat_1475_4"
"pc_01217","1475.4","Менеджер (управитель) із зовнішньоекономічної діяльності","cat_1475_4"
"pc_01218","1475.4","Менеджер (управитель) з адміністративної діяльності","cat_1475_4"
"pc_01219","1475.4","Менеджер (управитель) з постачання","cat_1475_4"
"pc_01220","1476.1","Менеджер (управитель) з реклами","cat_1476_1"
"pc_01221","1477.1","Менеджер (управитель) з персоналу","cat_1477_1"
"pc_01222","1477.1","Менеджер (управитель) з психосоціальної підтримки персоналу, безпеки та гігієни праці","cat_1477_1"
"pc_01223","1478","Менеджер (управитель) у слідчій діяльності","cat_1478"
"pc_01224","1479","Менеджер (управитель) з організації консультативних послуг","cat_1479"
"pc_01225","1482","Менеджер (управитель) з громадської охорони здоров'я","cat_1482"
"pc_01226","1483","Менеджер (управитель) у соціальній сфері","cat_1483"
"pc_01227","1483","Соціальний менеджер","cat_1483"
"pc_01228","1491","Менеджер (управитель) житлового будинку (групи будинків)","cat_1491"
"pc_01229","1491","Менеджер (управитель) підприємства житлово-комунального господарства","cat_1491"
"pc_01230","1492","Менеджер (управитель) банно(лазне)-оздоровчого комплексу","cat_1492"
"pc_01231","1492","Менеджер (управитель) з організації подій (івентів)","cat_1492"
"pc_01232","1492","Менеджер (управитель) спортивної діяльності","cat_1492"
"pc_01233","1492","Менеджер (управитель) у видавничій діяльності","cat_1492"
"pc_01234","1493","Менеджер (управитель) систем якості в державному управлінні","cat_1493"
"pc_01235","1493","Менеджер (управитель) систем якості","cat_1493"
"pc_01236","1494","Менеджер (управитель) екологічних систем","cat_1494"
"pc_01237","1495","Менеджер (управитель) систем з інформаційної безпеки","cat_1495"
"pc_01238","1496","Менеджер (управитель) із соціальної та корпоративної відповідальності","cat_1496"
"pc_01239","1497","Менеджер (управитель) інформаційних технологій","cat_1497"
"pc_01240","1499","Менеджер (управитель)","cat_1499"
"pc_01241","2111.1","Астроном","cat_2111_1"
"pc_01242","2111.1","Астрофізик","cat_2111_1"
"pc_01243","2111.1","Науковий співробітник (фізика, астрономія)","cat_2111_1"
"pc_01244","2111.1","Молодший науковий співробітник (медична фізика)","cat_2111_1"
"pc_01245","2111.1","Молодший науковий співробітник (фізика, астрономія)","cat_2111_1"
"pc_01246","2111.1","Науковий співробітник (медична фізика)","cat_2111_1"
"pc_01247","2111.1","Науковий співробітник-консультант (медична фізика)","cat_2111_1"
"pc_01248","2111.1","Науковий співробітник-консультант (фізика, астрономія)","cat_2111_1"
"pc_01249","2111.2","Аеродинамік","cat_2111_2"
"pc_01250","2111.2","Балістик","cat_2111_2"
"pc_01251","2111.2","Гідродинамік","cat_2111_2"
"pc_01252","2111.2","Інженер з управління блоком атомної станції","cat_2111_2"
"pc_01253","2111.2","Інженер з управління реактором (прискорювачем, ядерно-фізичною установкою)","cat_2111_2"
"pc_01254","2111.2","Інженер-радіолог","cat_2111_2"
"pc_01255","2111.2","Інженер-радіофізик","cat_2111_2"
"pc_01256","2111.2","Консультант науковий (у планетаріях)","cat_2111_2"
"pc_01257","2111.2","Фізик","cat_2111_2"
"pc_01258","2111.2","Інженер з підготовки та ліцензування персоналу атомної електростанції","cat_2111_2"
"pc_01259","2111.2","Інженер з радіаційної безпеки","cat_2111_2"
"pc_01260","2111.2","Інспектор з радіаційної безпеки","cat_2111_2"
"pc_01261","2111.2","Професіонал з медичної фізики","cat_2111_2"
"pc_01262","2111.2","Реолог","cat_2111_2"
"pc_01263","2111.2","Термодинамік","cat_2111_2"
"pc_01264","2112.1","Науковий співробітник (метеорологія)","cat_2112_1"
"pc_01265","2112.1","Молодший науковий співробітник (метеорологія)","cat_2112_1"
"pc_01266","2112.1","Науковий співробітник-консультант (метеорологія)","cat_2112_1"
"pc_01267","2112.2","Агрометеоролог","cat_2112_2"
"pc_01268","2112.2","Аеролог","cat_2112_2"
"pc_01269","2112.2","Метеоролог","cat_2112_2"
"pc_01270","2112.2","Океанолог","cat_2112_2"
"pc_01271","2112.2","Синоптик","cat_2112_2"
"pc_01272","2112.2","Гідрохімік","cat_2112_2"
"pc_01273","2112.2","Радіолог","cat_2112_2"
"pc_01274","2112.2","Кліматолог","cat_2112_2"
"pc_01275","2113.1","Науковий співробітник (хімія)","cat_2113_1"
"pc_01276","2113.1","Молодший науковий співробітник (хімія)","cat_2113_1"
"pc_01277","2113.1","Науковий співробітник-консультант (хімія)","cat_2113_1"
"pc_01278","2113.2","Хімік-аналітик","cat_2113_2"
"pc_01279","2113.2","Хімік-кристалограф","cat_2113_2"
"pc_01280","2113.2","Хімік","cat_2113_2"
"pc_01281","2113.2","Геохімік","cat_2113_2"
"pc_01282","2113.2","Інженер-радіохімік","cat_2113_2"
"pc_01283","2113.2","Енохімік","cat_2113_2"
"pc_01284","2113.2","Інженер з радіаційної та хімічної розвідки","cat_2113_2"
"pc_01285","2113.2","Кристалограф","cat_2113_2"
"pc_01286","2113.2","Хімік газокомпресорної служби","cat_2113_2"
"pc_01287","2114.1","Науковий співробітник (геологія, геофізика, гідрологія, геоінформатика)","cat_2114_1"
"pc_01288","2114.1","Молодший науковий співробітник (геологія, геофізика, гідрологія, геоінформатика)","cat_2114_1"
"pc_01289","2114.1","Науковий співробітник-консультант (геологія, геофізика, гідрологія, геоінформатика)","cat_2114_1"
"pc_01290","2114.2","Професіонал з інформаційного забезпечення геологорозвідувальних робіт","cat_2114_2"
"pc_01291","2114.2","Сейсмолог","cat_2114_2"
"pc_01292","2114.2","Геолог з видобування та підземного зберігання газу","cat_2114_2"
"pc_01293","2114.2","Геоморфолог","cat_2114_2"
"pc_01294","2114.2","Геолог","cat_2114_2"
"pc_01295","2114.2","Геолог кар'єру, рудника, шахти","cat_2114_2"
"pc_01296","2114.2","Геолог нафтогазорозвідки (партії) структурно-пошукового буріння","cat_2114_2"
"pc_01297","2114.2","Геофізик","cat_2114_2"
"pc_01298","2114.2","Геофізик кар'єру, рудника, шахти","cat_2114_2"
"pc_01299","2114.2","Гідрогеолог","cat_2114_2"
"pc_01300","2114.2","Гідролог","cat_2114_2"
"pc_01301","2114.2","Девіатор","cat_2114_2"
"pc_01302","2114.2","Мінералог","cat_2114_2"
"pc_01303","2114.2","Петрограф","cat_2114_2"
"pc_01304","2114.2","Мікропалеонтолог","cat_2114_2"
"pc_01305","2114.2","Стратиграф","cat_2114_2"
"pc_01306","2121.1","Науковий співробітник (математика)","cat_2121_1"
"pc_01307","2121.1","Молодший науковий співробітник (математика)","cat_2121_1"
"pc_01308","2121.1","Науковий співробітник-консультант (математика)","cat_2121_1"
"pc_01309","2121.2","Актуарій","cat_2121_2"
"pc_01310","2121.2","Математик-аналітик з дослідження операцій","cat_2121_2"
"pc_01311","2121.2","Математик","cat_2121_2"
"pc_01312","2121.2","Математик (прикладна математика)","cat_2121_2"
"pc_01313","2122.1","Науковий співробітник (статистика)","cat_2122_1"
"pc_01314","2122.1","Молодший науковий співробітник (статистика)","cat_2122_1"
"pc_01315","2122.1","Науковий співробітник-консультант (статистика)","cat_2122_1"
"pc_01316","2122.2","Економіст-статистик","cat_2122_2"
"pc_01317","2122.2","Біометрист","cat_2122_2"
"pc_01318","2122.2","Економіст-статистик (прикладна статистика)","cat_2122_2"
"pc_01319","2122.2","Економіст-демограф","cat_2122_2"
"pc_01320","2122.2","Професіонал з медичної статистики","cat_2122_2"
"pc_01321","2131.1","Науковий співробітник (обчислювальні системи)","cat_2131_1"
"pc_01322","2131.1","Молодший науковий співробітник (обчислювальні системи)","cat_2131_1"
"pc_01323","2131.1","Науковий співробітник-консультант (обчислювальні системи)","cat_2131_1"
"pc_01324","2131.2","Адміністратор бази даних","cat_2131_2"
"pc_01325","2131.2","Адміністратор вебресурсів","cat_2131_2"
"pc_01326","2131.2","Адміністратор даних","cat_2131_2"
"pc_01327","2131.2","Адміністратор доступу (груповий)","cat_2131_2"
"pc_01328","2131.2","Адміністратор доступу","cat_2131_2"
"pc_01329","2131.2","Адміністратор задач","cat_2131_2"
"pc_01330","2131.2","Адміністратор системи","cat_2131_2"
"pc_01331","2131.2","Аналітик бізнесу (інформаційні системи)","cat_2131_2"
"pc_01332","2131.2","Аналітик даних","cat_2131_2"
"pc_01333","2131.2","Аналітик комп'ютерних систем","cat_2131_2"
"pc_01334","2131.2","Аналітик мобільних додатків","cat_2131_2"
"pc_01335","2131.2","Аналітик програмного забезпечення","cat_2131_2"
"pc_01336","2131.2","Аналітик продукту","cat_2131_2"
"pc_01337","2131.2","Аналітик процесів автоматизації","cat_2131_2"
"pc_01338","2131.2","Інженер з автоматизації робототехнічних процесів","cat_2131_2"
"pc_01339","2131.2","Інженер з автоматизованих систем керування виробництвом","cat_2131_2"
"pc_01340","2131.2","Інженер з даних","cat_2131_2"
"pc_01341","2131.2","Інженер з інтеграції (інформаційні технології)","cat_2131_2"
"pc_01342","2131.2","Інженер з комп'ютерних систем","cat_2131_2"
"pc_01343","2131.2","Інженер з контролю якості програмного продукту","cat_2131_2"
"pc_01344","2131.2","Інженер з підтримки","cat_2131_2"
"pc_01345","2131.2","Інженер з програмного забезпечення","cat_2131_2"
"pc_01346","2131.2","Інженер зі штучного інтелекту","cat_2131_2"
"pc_01347","2131.2","Інженер інтернету речей","cat_2131_2"
"pc_01348","2131.2","Інженер систем знань","cat_2131_2"
"pc_01349","2131.2","Інженер-конструктор з розробки апаратного забезпечення","cat_2131_2"
"pc_01350","2131.2","Інженер-тестувальник","cat_2131_2"
"pc_01351","2131.2","Розробник робототехніки (інженер-робототехнік)","cat_2131_2"
"pc_01352","2131.2","Розробник штучного інтелекту","cat_2131_2"
"pc_01353","2132.1","Молодший науковий співробітник (програмування)","cat_2132_1"
"pc_01354","2132.1","Науковий співробітник (програмування)","cat_2132_1"
"pc_01355","2132.1","Науковий співробітник-консультант (програмування)","cat_2132_1"
"pc_01356","2132.2","Інженер-програміст","cat_2132_2"
"pc_01357","2132.2","Конструктор систем кібербезпеки","cat_2132_2"
"pc_01358","2132.2","Програміст","cat_2132_2"
"pc_01359","2132.2","Розробник архітектури бізнес напряму (інформаційні технології)","cat_2132_2"
"pc_01360","2132.2","Розробник архітектури програмного забезпечення (інформаційні технології)","cat_2132_2"
"pc_01361","2132.2","Розробник архітектури технічних рішень (інформаційні технології)","cat_2132_2"
"pc_01362","2132.2","Розробник програмного забезпечення","cat_2132_2"
"pc_01363","2132.2","Розробник систем захисту інформації","cat_2132_2"
"pc_01364","2132.2","Розробник хмарної архітектури","cat_2132_2"
"pc_01365","2139.1","Науковий співробітник (галузь обчислень)","cat_2139_1"
"pc_01366","2139.1","Молодший науковий співробітник (галузь обчислень)","cat_2139_1"
"pc_01367","2139.1","Науковий співробітник-консультант (галузь обчислень)","cat_2139_1"
"pc_01368","2139.2","Адміністратор безпеки мереж і систем","cat_2139_2"
"pc_01369","2139.2","Аналітик з безпеки інформаційно-комунікаційних систем","cat_2139_2"
"pc_01370","2139.2","Аналітик з оцінки вразливостей","cat_2139_2"
"pc_01371","2139.2","Аналітик загроз безпеки","cat_2139_2"
"pc_01372","2139.2","Аналітик систем захисту інформації","cat_2139_2"
"pc_01373","2139.2","Аудитор інформаційних технологій (з кібербезпеки)","cat_2139_2"
"pc_01374","2139.2","Аудитор програм інформаційних технологій","cat_2139_2"
"pc_01375","2139.2","Дізнавач (сфера кібербезпеки та захисту інформації)","cat_2139_2"
"pc_01376","2139.2","Дизайнер (інформаційні технології)","cat_2139_2"
"pc_01377","2139.2","Експерт з управління інформаційними технологіями","cat_2139_2"
"pc_01378","2139.2","Експерт з цифрової криміналістики (сфера кібербезпеки та захисту інформації)","cat_2139_2"
"pc_01379","2139.2","Експерт-криміналіст судової експертизи (сфера кібербезпеки та захисту інформації)","cat_2139_2"
"pc_01380","2139.2","Слідчий з кіберзлочинів","cat_2139_2"
"pc_01381","2139.2","Уповноважений з авторизації безпеки інформації","cat_2139_2"
"pc_01382","2139.2","Фахівець з безпеки електронних комунікацій","cat_2139_2"
"pc_01383","2139.2","Фахівець з кібердосліджень та розробок систем безпеки","cat_2139_2"
"pc_01384","2139.2","Фахівець з криптографічного захисту інформації","cat_2139_2"
"pc_01385","2139.2","Фахівець з оцінки заходів захисту інформації (кібербезпеки)","cat_2139_2"
"pc_01386","2139.2","Фахівець з питань безпеки (інформаційно-комунікаційні технології)","cat_2139_2"
"pc_01387","2139.2","Фахівець з підтримки інфраструктури кіберзахисту","cat_2139_2"
"pc_01388","2139.2","Фахівець з планування ефективності електронних комунікацій","cat_2139_2"
"pc_01389","2139.2","Фахівець з планування політики та стратегії кібербезпеки","cat_2139_2"
"pc_01390","2139.2","Фахівець з реагування на інциденти кібербезпеки","cat_2139_2"
"pc_01391","2139.2","Фахівець з розробки та тестування програмного забезпечення","cat_2139_2"
"pc_01392","2139.2","Фахівець з тестування систем безпеки та захисту інформації","cat_2139_2"
"pc_01393","2139.2","Фахівець з технічного захисту інформації","cat_2139_2"
"pc_01394","2139.2","Фахівець з юридичних консультацій та адвокації в сфері кібербезпеки","cat_2139_2"
"pc_01395","2139.2","Фахівець сфери захисту інформації","cat_2139_2"
"pc_01396","2139.2","Інженер системний видавничо-поліграфічного виробництва","cat_2139_2"
"pc_01397","2141.1","Науковий співробітник (архітектура, планування міст)","cat_2141_1"
"pc_01398","2141.1","Молодший науковий співробітник (архітектура, планування міст)","cat_2141_1"
"pc_01399","2141.1","Науковий співробітник-консультант (архітектура, планування міст)","cat_2141_1"
"pc_01400","2141.2","Інженер-проектувальник (планування міст)","cat_2141_2"
"pc_01401","2141.2","Архітектор з реставрації пам'яток архітектури та містобудування","cat_2141_2"
"pc_01402","2141.2","Архітектор","cat_2141_2"
"pc_01403","2142.1","Молодший науковий співробітник (будівництво)","cat_2142_1"
"pc_01404","2142.1","Науковий співробітник (будівництво)","cat_2142_1"
"pc_01405","2142.1","Науковий співробітник-консультант (будівництво)","cat_2142_1"
"pc_01406","2142.2","Інженер з технічного нагляду (будівництво)","cat_2142_2"
"pc_01407","2142.2","Інженер-проектувальник","cat_2142_2"
"pc_01408","2142.2","Експерт будівельний","cat_2142_2"
"pc_01409","2142.2","Енергетичний аудитор будівель","cat_2142_2"
"pc_01410","2142.2","Інженер-консультант (будівництво)","cat_2142_2"
"pc_01411","2142.2","Гідротехнік","cat_2142_2"
"pc_01412","2142.2","Інженер-будівельник","cat_2142_2"
"pc_01413","2142.2","Інженер з меліорації","cat_2142_2"
"pc_01414","2142.2","Інженер з проектно-кошторисної роботи","cat_2142_2"
"pc_01415","2142.2","Інженер з експлуатації аеродромів","cat_2142_2"
"pc_01416","2142.2","Інженер-будівельник з реставрації пам'яток архітектури та містобудування","cat_2142_2"
"pc_01417","2142.2","Технолог (будівельні матеріали)","cat_2142_2"
"pc_01418","2143.1","Науковий співробітник (електротехніка)","cat_2143_1"
"pc_01419","2143.1","Інженер-дослідник із енергетики сільського господарства","cat_2143_1"
"pc_01420","2143.1","Молодший науковий співробітник (електротехніка)","cat_2143_1"
"pc_01421","2143.1","Науковий співробітник-консультант (електротехніка)","cat_2143_1"
"pc_01422","2143.2","Диспетчер оперативно-диспетчерської служби магістральних електричних мереж","cat_2143_2"
"pc_01423","2143.2","Диспетчер централізованого диспетчерського управління об'єднаною енергосистемою України","cat_2143_2"
"pc_01424","2143.2","Диспетчер центральної диспетчерської служби енергосистеми","cat_2143_2"
"pc_01425","2143.2","Інженер з технічного аудиту","cat_2143_2"
"pc_01426","2143.2","Інженер-електрик в енергетичній сфері","cat_2143_2"
"pc_01427","2143.2","Професіонал з експлуатації електричних станцій, енергетичних установок та мереж","cat_2143_2"
"pc_01428","2143.2","Інженер з експлуатації протиаварійної автоматики","cat_2143_2"
"pc_01429","2143.2","Диспетчер об'єднаного диспетчерського управління енергосистеми","cat_2143_2"
"pc_01430","2143.2","Інженер-конструктор (електротехніка)","cat_2143_2"
"pc_01431","2143.2","Інженер з налагодження, удосконалення технології та експлуатації електричних станцій та мереж","cat_2143_2"
"pc_01432","2143.2","Інженер з ремонту та налагодження електроенергетичного устаткування атомної станції","cat_2143_2"
"pc_01433","2143.2","Інженер із світлотехнічного та електротехнічного забезпечення польотів","cat_2143_2"
"pc_01434","2143.2","Інженер з електрифікації сільськогосподарського підприємства","cat_2143_2"
"pc_01435","2143.2","Інженер перетворювального комплексу","cat_2143_2"
"pc_01436","2143.2","Інженер-енергетик","cat_2143_2"
"pc_01437","2143.2","Старший електромеханік-капітан","cat_2143_2"
"pc_01438","2143.2","Старший електромеханік-командир","cat_2143_2"
"pc_01439","2143.2","Інженер з режимів оперативно-диспетчерської служби","cat_2143_2"
"pc_01440","2143.2","Інженер з релейного захисту і електроавтоматики","cat_2143_2"
"pc_01441","2143.2","Інженер із засобів диспетчерського і технологічного керування","cat_2143_2"
"pc_01442","2143.2","Інженер служби ізоляції та захисту від перенапруг","cat_2143_2"
"pc_01443","2143.2","Інженер служби ліній енергопідприємства","cat_2143_2"
"pc_01444","2143.2","Інженер служби підстанцій","cat_2143_2"
"pc_01445","2143.2","Інженер служби розподільних мереж","cat_2143_2"
"pc_01446","2143.2","Професіонал з енергетичного менеджменту","cat_2143_2"
"pc_01447","2144.1","Науковий співробітник (електроніка, електронні комунікації)","cat_2144_1"
"pc_01448","2144.1","Молодший науковий співробітник (електроніка, електронні комунікації)","cat_2144_1"
"pc_01449","2144.1","Науковий співробітник-консультант (електроніка, електронні комунікації)","cat_2144_1"
"pc_01450","2144.2","Інженер інформаційно-комунікаційних систем","cat_2144_2"
"pc_01451","2144.2","Інженер інформаційно-комунікаційних технологій","cat_2144_2"
"pc_01452","2144.2","Інженер з організації виробничих процесів електрозв'язку","cat_2144_2"
"pc_01453","2144.2","Інженер засобів радіо та телебачення","cat_2144_2"
"pc_01454","2144.2","Інженер лінійних споруд електрозв'язку та абонентських пристроїв","cat_2144_2"
"pc_01455","2144.2","Інженер-конструктор (електроніка)","cat_2144_2"
"pc_01456","2144.2","Інженер із звукозапису","cat_2144_2"
"pc_01457","2144.2","Інженер з радіонавігації та радіолокації","cat_2144_2"
"pc_01458","2144.2","Інженер-електронік","cat_2144_2"
"pc_01459","2144.2","Інженер-електрорадіонавігатор","cat_2144_2"
"pc_01460","2144.2","Інженер з високовольтних випробувань та вимірювань енергоустаткування","cat_2144_2"
"pc_01461","2144.2","Інженер з ремонту та обслуговування автоматики та засобів вимірювань атомної електростанції","cat_2144_2"
"pc_01462","2144.2","Інженер антенно-щоглових споруд","cat_2144_2"
"pc_01463","2144.2","Інженер електрозв'язку","cat_2144_2"
"pc_01464","2144.2","Інженер мережі стільникового зв'язку","cat_2144_2"
"pc_01465","2144.2","Інженер-електронік систем виробництва нетрадиційних і відновлювальних видів енергії","cat_2144_2"
"pc_01466","2145.1","Науковий співробітник (інженерна механіка)","cat_2145_1"
"pc_01467","2145.1","Інженер-дослідник із механізації сільського господарства","cat_2145_1"
"pc_01468","2145.1","Молодший науковий співробітник (інженерна механіка)","cat_2145_1"
"pc_01469","2145.1","Науковий співробітник-консультант (інженерна механіка)","cat_2145_1"
"pc_01470","2145.2","Інженер з приймання локомотивів (вагонів)","cat_2145_2"
"pc_01471","2145.2","Інженер з діагностування технічного стану колісних транспортних засобів (машинно-тракторного парку, дорожньо-будівельних машин на колісних шасі та мототехніки)","cat_2145_2"
"pc_01472","2145.2","Інженер-випробувач (спеціальні виробництва)","cat_2145_2"
"pc_01473","2145.2","Інженер з технічної діагностики котельного і турбінного устаткування","cat_2145_2"
"pc_01474","2145.2","Провідний інженер з льотних випробувань повітряних суден","cat_2145_2"
"pc_01475","2145.2","Провідний інженер з експериментальних робіт і льотних випробувань систем повітряних суден","cat_2145_2"
"pc_01476","2145.2","Провідний інженер з експлуатації повітряних суден","cat_2145_2"
"pc_01477","2145.2","Інженер-випробувач літальної лабораторії бортової","cat_2145_2"
"pc_01478","2145.2","Інженер-дослідник підводного апарата","cat_2145_2"
"pc_01479","2145.2","Інженер-конструктор (механіка)","cat_2145_2"
"pc_01480","2145.2","інженер-механік груповий","cat_2145_2"
"pc_01481","2145.2","Інженер-механік з флоту груповий","cat_2145_2"
"pc_01482","2145.2","Інженер-механік з флоту лінійний","cat_2145_2"
"pc_01483","2145.2","Інженер з вишкобудування","cat_2145_2"
"pc_01484","2145.2","Інженер з інструменту","cat_2145_2"
"pc_01485","2145.2","Інженер з комплектації устаткування","cat_2145_2"
"pc_01486","2145.2","Інженер з механізації та автоматизації виробничих процесів","cat_2145_2"
"pc_01487","2145.2","Інженер з механізації трудомістких процесів","cat_2145_2"
"pc_01488","2145.2","Інженер з нагляду за будівництвом флоту","cat_2145_2"
"pc_01489","2145.2","Інженер із зварювання","cat_2145_2"
"pc_01490","2145.2","Інженер із суднопідіймальних робіт","cat_2145_2"
"pc_01491","2145.2","Інженер з теплофікації сільськогосподарського підприємства","cat_2145_2"
"pc_01492","2145.2","Інженер з технічного обслуговування, ремонту та діагностики авіаційної техніки","cat_2145_2"
"pc_01493","2145.2","Інженер з управління турбіною атомної станції","cat_2145_2"
"pc_01494","2145.2","Інженер з експлуатації авіаційного устаткування об'єктивного контролю","cat_2145_2"
"pc_01495","2145.2","Інженер з експлуатації повітряних суден (систем повітряних суден)","cat_2145_2"
"pc_01496","2145.2","Інженер з експлуатації машинно-тракторного парку","cat_2145_2"
"pc_01497","2145.2","Інженер з експлуатації споруд та устаткування водопровідно-каналізаційного господарства","cat_2145_2"
"pc_01498","2145.2","Інженер спеціального флоту","cat_2145_2"
"pc_01499","2145.2","Інженер-технолог (механіка)","cat_2145_2"
"pc_01500","2145.2","Механік лінійний флоту (з флоту)","cat_2145_2"
"pc_01501","2145.2","Старший механік-командир","cat_2145_2"
"pc_01502","2145.2","Будівельник суден","cat_2145_2"
"pc_01503","2145.2","Суперінтендант","cat_2145_2"
"pc_01504","2146.1","Науковий співробітник (хімічні технології)","cat_2146_1"
"pc_01505","2146.1","Молодший науковий співробітник (хімічні технології)","cat_2146_1"
"pc_01506","2146.1","Науковий співробітник-консультант (хімічні технології)","cat_2146_1"
"pc_01507","2146.2","Інженер (хімічні технології)","cat_2146_2"
"pc_01508","2146.2","Інженер-технолог (хімічні технології)","cat_2146_2"
"pc_01509","2146.2","Інженер з паливно-мастильних матеріалів","cat_2146_2"
"pc_01510","2146.2","Інженер з випробування та оброблення плівки","cat_2146_2"
"pc_01511","2146.2","Інженер з електрохімічного захисту","cat_2146_2"
"pc_01512","2146.2","Інженер з обліку та зберігання ядерних матеріалів атомної електростанції","cat_2146_2"
"pc_01513","2146.2","Інженер з переробки радіоактивних відходів","cat_2146_2"
"pc_01514","2146.2","Інженер-технолог з очищення води","cat_2146_2"
"pc_01515","2147.1","Науковий співробітник (гірництво, металургія)","cat_2147_1"
"pc_01516","2147.1","Молодший науковий співробітник (гірництво, металургія)","cat_2147_1"
"pc_01517","2147.1","Науковий співробітник-консультант (гірництво, металургія)","cat_2147_1"
"pc_01518","2147.2","Інженер з буропідривних (підривних) робіт","cat_2147_2"
"pc_01519","2147.2","Інженер з піротехнічних, саперних та підривних робіт","cat_2147_2"
"pc_01520","2147.2","Інженер конверторного виробництва","cat_2147_2"
"pc_01521","2147.2","Інженер (металургія)","cat_2147_2"
"pc_01522","2147.2","Інженер-технолог (металургія)","cat_2147_2"
"pc_01523","2147.2","Гідрогеолог кар'єру, рудника, шахти","cat_2147_2"
"pc_01524","2147.2","Інженер з буріння (бурових робіт)","cat_2147_2"
"pc_01525","2147.2","Інженер з вентиляції","cat_2147_2"
"pc_01526","2147.2","Інженер з глинястих розчинів у надглибокому бурінні","cat_2147_2"
"pc_01527","2147.2","Інженер з гірничих робіт","cat_2147_2"
"pc_01528","2147.2","Інженер з видобутку нафти й газу","cat_2147_2"
"pc_01529","2147.2","Інженер із заливання свердловин","cat_2147_2"
"pc_01530","2147.2","Інженер з кріплення","cat_2147_2"
"pc_01531","2147.2","Інженер з кріплення свердловин","cat_2147_2"
"pc_01532","2147.2","Інженер з випробування свердловин","cat_2147_2"
"pc_01533","2147.2","Інженер з підготовки та транспортування нафти","cat_2147_2"
"pc_01534","2147.2","Інженер з підтримання пластового тиску","cat_2147_2"
"pc_01535","2147.2","Інженер із складних робіт у бурінні (капітальному ремонті) свердловин","cat_2147_2"
"pc_01536","2147.2","Інженер з експлуатації нафтогазопроводів","cat_2147_2"
"pc_01537","2147.2","Інженер з експлуатації устаткування газових об'єктів","cat_2147_2"
"pc_01538","2147.2","Калібрувальник","cat_2147_2"
"pc_01539","2147.2","Маркшейдер","cat_2147_2"
"pc_01540","2147.2","Маркшейдер кар'єру, рудника, шахти","cat_2147_2"
"pc_01541","2147.2","Маркшейдер на підземних роботах","cat_2147_2"
"pc_01542","2147.2","Інженер з експлуатації лінійної частини магістрального газопроводу","cat_2147_2"
"pc_01543","2147.2","Інженер з технічної діагностики","cat_2147_2"
"pc_01544","2148.1","Науковий співробітник (картографія, топографія)","cat_2148_1"
"pc_01545","2148.1","Молодший науковий співробітник (картографія, топографія)","cat_2148_1"
"pc_01546","2148.1","Науковий співробітник-консультант (картографія, топографія)","cat_2148_1"
"pc_01547","2148.2","Інженер-землевпорядник","cat_2148_2"
"pc_01548","2148.2","Аерофотозйомник","cat_2148_2"
"pc_01549","2148.2","Гідрограф","cat_2148_2"
"pc_01550","2148.2","Геодезист","cat_2148_2"
"pc_01551","2148.2","Картограф","cat_2148_2"
"pc_01552","2148.2","Картограф-укладач","cat_2148_2"
"pc_01553","2148.2","Редактор карт","cat_2148_2"
"pc_01554","2148.2","Редактор карт технічний","cat_2148_2"
"pc_01555","2148.2","Укладач лоцій","cat_2148_2"
"pc_01556","2148.2","Топограф","cat_2148_2"
"pc_01557","2148.2","Топограф кадастровий","cat_2148_2"
"pc_01558","2148.2","Фахівець з геосистемного моніторингу навколишнього середовища","cat_2148_2"
"pc_01559","2148.2","Фахівець з дистанційного зондування землі та аерокосмічного моніторингу","cat_2148_2"
"pc_01560","2148.2","Фотограмметрист","cat_2148_2"
"pc_01561","2149.1","Космонавт-дослідник","cat_2149_1"
"pc_01562","2149.1","Науковий співробітник (галузь інженерної справи)","cat_2149_1"
"pc_01563","2149.1","Технолог-дослідник (видавничо-поліграфічне виробництво)","cat_2149_1"
"pc_01564","2149.1","Молодший науковий співробітник (галузь інженерної справи)","cat_2149_1"
"pc_01565","2149.1","Молодший науковий співробітник (транспорт)","cat_2149_1"
"pc_01566","2149.1","Науковий співробітник (транспорт)","cat_2149_1"
"pc_01567","2149.1","Науковий співробітник-консультант (галузь інженерної справи)","cat_2149_1"
"pc_01568","2149.1","Науковий співробітник-консультант (транспорт)","cat_2149_1"
"pc_01569","2149.2","Державний експерт з розслідування аварійних подій","cat_2149_2"
"pc_01570","2149.2","Державний експерт з розслідування авіаційних подій","cat_2149_2"
"pc_01571","2149.2","Експерт з радіаційного захисту","cat_2149_2"
"pc_01572","2149.2","Експерт технічний з промислової безпеки","cat_2149_2"
"pc_01573","2149.2","Інженер біомедичний","cat_2149_2"
"pc_01574","2149.2","Інженер з підводно-підривних робіт","cat_2149_2"
"pc_01575","2149.2","Інженер судновий","cat_2149_2"
"pc_01576","2149.2","Інженер-електромеханік гірничий","cat_2149_2"
"pc_01577","2149.2","Інженер-технолог з переробки відходів","cat_2149_2"
"pc_01578","2149.2","Мехатронік","cat_2149_2"
"pc_01579","2149.2","Фахівець з питань цивільного захисту","cat_2149_2"
"pc_01580","2149.2","Державний реєстратор суден","cat_2149_2"
"pc_01581","2149.2","Консультант (у певній галузі інженерної справи)","cat_2149_2"
"pc_01582","2149.2","Експерт з оцінки пожежних ризиків","cat_2149_2"
"pc_01583","2149.2","Експерт у сфері пожежної та техногенної безпеки","cat_2149_2"
"pc_01584","2149.2","Енергетичний аудитор процесів","cat_2149_2"
"pc_01585","2149.2","Енергетичний аудитор транспорту","cat_2149_2"
"pc_01586","2149.2","Інженер з нормування трудових процесів","cat_2149_2"
"pc_01587","2149.2","Інженер з охорони праці","cat_2149_2"
"pc_01588","2149.2","Фахівець з неруйнівного контролю","cat_2149_2"
"pc_01589","2149.2","Фахівець з обстеження інженерних систем","cat_2149_2"
"pc_01590","2149.2","Аналітик комунікацій (крім комп'ютерів)","cat_2149_2"
"pc_01591","2149.2","Аналітик систем (крім комп'ютерів)","cat_2149_2"
"pc_01592","2149.2","Диспетчер з транспортування газу","cat_2149_2"
"pc_01593","2149.2","Експерт із енергозбереження та енергоефективності","cat_2149_2"
"pc_01594","2149.2","Ергономіст","cat_2149_2"
"pc_01595","2149.2","Провідний інженер з об'єктивного контролю","cat_2149_2"
"pc_01596","2149.2","Черговий по метрополітену","cat_2149_2"
"pc_01597","2149.2","Черговий по об'єднанню (промислового залізничного транспорту)","cat_2149_2"
"pc_01598","2149.2","Черговий по району (на залізничному транспорті)","cat_2149_2"
"pc_01599","2149.2","Черговий з польотів","cat_2149_2"
"pc_01600","2149.2","Черговий служби руху","cat_2149_2"
"pc_01601","2149.2","Диспетчер диспетчерської служби керування","cat_2149_2"
"pc_01602","2149.2","Диспетчер шляховий","cat_2149_2"
"pc_01603","2149.2","Диспетчер-інструктор служби руху","cat_2149_2"
"pc_01604","2149.2","Диспетчер з регулювання вагонного парку","cat_2149_2"
"pc_01605","2149.2","Диспетчер з флоту","cat_2149_2"
"pc_01606","2149.2","Диспетчер служби руху","cat_2149_2"
"pc_01607","2149.2","Інженер","cat_2149_2"
"pc_01608","2149.2","Інженер-диспетчер груповий","cat_2149_2"
"pc_01609","2149.2","Інженер-диспетчер з руху флоту (у флоті)","cat_2149_2"
"pc_01610","2149.2","Інженер-дослідник","cat_2149_2"
"pc_01611","2149.2","Інженер-конструктор","cat_2149_2"
"pc_01612","2149.2","Інженер-контролер","cat_2149_2"
"pc_01613","2149.2","Інженер-лаборант","cat_2149_2"
"pc_01614","2149.2","Інженер з аварійно-рятувальних робіт","cat_2149_2"
"pc_01615","2149.2","Інженер з боротьби з аварійними розливами нафти й нафтопродуктів у морі","cat_2149_2"
"pc_01616","2149.2","Інженер із впровадження нової техніки й технології","cat_2149_2"
"pc_01617","2149.2","Інженер з якості","cat_2149_2"
"pc_01618","2149.2","Інженер з комплектації устаткування й матеріалів","cat_2149_2"
"pc_01619","2149.2","Інженер з метрології","cat_2149_2"
"pc_01620","2149.2","Інженер з налагодження й випробувань","cat_2149_2"
"pc_01621","2149.2","Інженер з організації експлуатації та ремонту","cat_2149_2"
"pc_01622","2149.2","Інженер з охорони навколишнього середовища","cat_2149_2"
"pc_01623","2149.2","Інженер з патентної та винахідницької роботи","cat_2149_2"
"pc_01624","2149.2","Інженер з підводно-технічних робіт","cat_2149_2"
"pc_01625","2149.2","Інженер з підготовки виробництва","cat_2149_2"
"pc_01626","2149.2","Інженер із застосування авіації в галузях економіки","cat_2149_2"
"pc_01627","2149.2","Інженер з проектування механізованих розробок","cat_2149_2"
"pc_01628","2149.2","Інженер з розрахунків та режимів","cat_2149_2"
"pc_01629","2149.2","Інженер з ремонту","cat_2149_2"
"pc_01630","2149.2","Інженер із стандартизації","cat_2149_2"
"pc_01631","2149.2","Інженер з транспорту","cat_2149_2"
"pc_01632","2149.2","Інженер з керування й обслуговування систем","cat_2149_2"
"pc_01633","2149.2","Інженер-протезист","cat_2149_2"
"pc_01634","2149.2","Інженер садово-паркового господарства","cat_2149_2"
"pc_01635","2149.2","Інженер-технолог","cat_2149_2"
"pc_01636","2149.2","Інженер-технолог-протезист","cat_2149_2"
"pc_01637","2149.2","Конструктор (інші галузі інженерної справи)","cat_2149_2"
"pc_01638","2149.2","Конструктор взуття","cat_2149_2"
"pc_01639","2149.2","Конструктор одягу","cat_2149_2"
"pc_01640","2149.2","Інженер-матеріалознавець видавничо-поліграфічного виробництва","cat_2149_2"
"pc_01641","2149.2","Технолог (видавничо-поліграфічне виробництво)","cat_2149_2"
"pc_01642","2149.2","Технолог електронних мультимедійних видань","cat_2149_2"
"pc_01643","2149.2","Технолог-видавець","cat_2149_2"
"pc_01644","2149.2","Інженер з експлуатації устаткування газорозподільних станцій","cat_2149_2"
"pc_01645","2149.2","Інженер з підготовки газу до транспортування","cat_2149_2"
"pc_01646","2149.2","Інженер з експлуатації гідротехнічних споруд атомної електростанції","cat_2149_2"
"pc_01647","2149.2","Інженер з експлуатації устаткування атомної електростанції","cat_2149_2"
"pc_01648","2149.2","Інженер-дефектоскопіст","cat_2149_2"
"pc_01649","2149.2","Інженер з автоматизованих систем льотного контролю","cat_2149_2"
"pc_01650","2149.2","Інженер з автоматизованих систем управління повітряним рухом","cat_2149_2"
"pc_01651","2149.2","Інженер з об'єктивного контролю","cat_2149_2"
"pc_01652","2149.2","Інженер-технолог центру комунікації повідомлень","cat_2149_2"
"pc_01653","2149.2","Інженер з експлуатації споруд та устаткування газокомпресорної служби","cat_2149_2"
"pc_01654","2149.2","Інженер з інвентаризації нерухомого майна","cat_2149_2"
"pc_01655","2149.2","Інженер з контролю систем обліку газу","cat_2149_2"
"pc_01656","2149.2","Інженер з пожежної безпеки","cat_2149_2"
"pc_01657","2149.2","Інженер з пожежно-рятувальних робіт","cat_2149_2"
"pc_01658","2149.2","Інженер з профілактичних робіт","cat_2149_2"
"pc_01659","2149.2","Інженер з техногенно-екологічної безпеки","cat_2149_2"
"pc_01660","2149.2","Інженер з управління повітряним рухом","cat_2149_2"
"pc_01661","2149.2","Інженер з фізичного захисту (сфера використання ядерної енергії)","cat_2149_2"
"pc_01662","2149.2","Інженер із стандартизації та якості","cat_2149_2"
"pc_01663","2149.2","Інженер оперативно-рятувальної служби цивільного захисту","cat_2149_2"
"pc_01664","2149.2","Інженер-конструктор машин та устаткування сільськогосподарського виробництва","cat_2149_2"
"pc_01665","2149.2","Консультант із енергозбереження в будівлях","cat_2149_2"
"pc_01666","2149.2","Консультант із енергозбереження та енергоефективності","cat_2149_2"
"pc_01667","2149.2","Льотчик-космонавт","cat_2149_2"
"pc_01668","2149.2","Професіонал із організації захисту інформації з обмеженим доступом","cat_2149_2"
"pc_01669","2149.2","Розробник систем (крім комп'ютерів)","cat_2149_2"
"pc_01670","2149.2","Фахівець з питань мобілізаційної роботи","cat_2149_2"
"pc_01671","2149.2","Фахівець із забезпечення Оперативно-рятувальної служби цивільного захисту","cat_2149_2"
"pc_01672","2211.1","Вірусолог","cat_2211_1"
"pc_01673","2211.1","Фізіолог рослин","cat_2211_1"
"pc_01674","2211.1","Біолог-дослідник","cat_2211_1"
"pc_01675","2211.1","Генетик","cat_2211_1"
"pc_01676","2211.1","Науковий співробітник (біологія)","cat_2211_1"
"pc_01677","2211.1","Іхтіолог-дослідник","cat_2211_1"
"pc_01678","2211.1","Молодший науковий співробітник (біологія)","cat_2211_1"
"pc_01679","2211.1","Науковий співробітник-консультант (біологія)","cat_2211_1"
"pc_01680","2211.1","Рибовод-дослідник","cat_2211_1"
"pc_01681","2211.2","Цитоморфолог","cat_2211_2"
"pc_01682","2211.2","Еколог","cat_2211_2"
"pc_01683","2211.2","Біотехнолог","cat_2211_2"
"pc_01684","2211.2","Ботанік","cat_2211_2"
"pc_01685","2211.2","Гістолог","cat_2211_2"
"pc_01686","2211.2","Дресирувальник морських тварин","cat_2211_2"
"pc_01687","2211.2","Експерт з екології","cat_2211_2"
"pc_01688","2211.2","Ембріолог","cat_2211_2"
"pc_01689","2211.2","Експерт-кінолог","cat_2211_2"
"pc_01690","2211.2","Бактеріолог","cat_2211_2"
"pc_01691","2211.2","Біолог","cat_2211_2"
"pc_01692","2211.2","Біофізик","cat_2211_2"
"pc_01693","2211.2","Геоботанік","cat_2211_2"
"pc_01694","2211.2","Гідробіолог","cat_2211_2"
"pc_01695","2211.2","Екологічний аудитор","cat_2211_2"
"pc_01696","2211.2","Зоолог","cat_2211_2"
"pc_01697","2211.2","Іхтіолог","cat_2211_2"
"pc_01698","2211.2","Іхтіопатолог","cat_2211_2"
"pc_01699","2211.2","Міколог","cat_2211_2"
"pc_01700","2211.2","Мікробіолог","cat_2211_2"
"pc_01701","2211.2","Палеонтолог","cat_2211_2"
"pc_01702","2211.2","Ентомолог","cat_2211_2"
"pc_01703","2211.2","Ентофітопатолог","cat_2211_2"
"pc_01704","2211.2","Імунолог","cat_2211_2"
"pc_01705","2211.2","Маммолог","cat_2211_2"
"pc_01706","2211.2","Орнітолог","cat_2211_2"
"pc_01707","2211.2","Паразитолог","cat_2211_2"
"pc_01708","2211.2","Таксономіст","cat_2211_2"
"pc_01709","2211.2","Теріолог","cat_2211_2"
"pc_01710","2211.2","Цитолог","cat_2211_2"
"pc_01711","2212.1","Науковий співробітник (патологія, токсикологія, фармакологія, фізіологія, епідеміологія)","cat_2212_1"
"pc_01712","2212.1","Молодший науковий співробітник (патологія, токсикологія, фармакологія, фізіологія, епідеміологія)","cat_2212_1"
"pc_01713","2212.1","Науковий співробітник-консультант (патологія, токсикологія, фармакологія, фізіологія, епідеміологія)","cat_2212_1"
"pc_01714","2212.2","Професіонал з клінічних досліджень","cat_2212_2"
"pc_01715","2212.2","Біохімік","cat_2212_2"
"pc_01716","2212.2","Лікар-патологоанатом","cat_2212_2"
"pc_01717","2212.2","Токсиколог","cat_2212_2"
"pc_01718","2212.2","Фармаколог","cat_2212_2"
"pc_01719","2212.2","Фізіолог","cat_2212_2"
"pc_01720","2212.2","Епідеміолог","cat_2212_2"
"pc_01721","2213.1","Науковий співробітник (агрономія, зоотехнія, лісівництво, природно-заповідна справа)","cat_2213_1"
"pc_01722","2213.1","Гідротехнік-дослідник","cat_2213_1"
"pc_01723","2213.1","Дослідник аквакультури","cat_2213_1"
"pc_01724","2213.1","Дослідник із агрохімії та ґрунтознавства","cat_2213_1"
"pc_01725","2213.1","Дослідник із захисту рослин","cat_2213_1"
"pc_01726","2213.1","Дослідник із плодоовочівництва та виноградарства","cat_2213_1"
"pc_01727","2213.1","Дослідник із селекції та генетики сільськогосподарських культур","cat_2213_1"
"pc_01728","2213.1","Агроном-дослідник","cat_2213_1"
"pc_01729","2213.1","Молодший науковий співробітник (агрономія, зоотехнія, лісівництво, природно-заповідна справа)","cat_2213_1"
"pc_01730","2213.1","Науковий співробітник-консультант (агрономія, зоотехнія, лісівництво, природно-заповідна справа)","cat_2213_1"
"pc_01731","2213.2","Технолог зі зберігання та первинної переробки продукції рослинництва","cat_2213_2"
"pc_01732","2213.2","Технолог-дослідник зі зберігання та первинної переробки продукції рослинництва","cat_2213_2"
"pc_01733","2213.2","Інженер-таксатор","cat_2213_2"
"pc_01734","2213.2","Агролісомеліоратор","cat_2213_2"
"pc_01735","2213.2","Агроном","cat_2213_2"
"pc_01736","2213.2","Агроном аеродрому","cat_2213_2"
"pc_01737","2213.2","Аудитор із сертифікації (агроном-інспектор)","cat_2213_2"
"pc_01738","2213.2","Агроном із захисту рослин","cat_2213_2"
"pc_01739","2213.2","Агроном з насінництва","cat_2213_2"
"pc_01740","2213.2","Агрохімік","cat_2213_2"
"pc_01741","2213.2","Зоотехнік","cat_2213_2"
"pc_01742","2213.2","Зоотехнік з контролю якості продукції","cat_2213_2"
"pc_01743","2213.2","Зоотехнік з племінної справи","cat_2213_2"
"pc_01744","2213.2","Інженер лісового господарства","cat_2213_2"
"pc_01745","2213.2","Інженер-лісопатолог","cat_2213_2"
"pc_01746","2213.2","Інженер з лісокористування","cat_2213_2"
"pc_01747","2213.2","Інженер з лісосировинних ресурсів","cat_2213_2"
"pc_01748","2213.2","Інженер з охорони та захисту лісу","cat_2213_2"
"pc_01749","2213.2","Мисливствознавець","cat_2213_2"
"pc_01750","2213.2","Ґрунтознавець","cat_2213_2"
"pc_01751","2213.2","Інженер-технолог з виробництва та переробки продукції тваринництва","cat_2213_2"
"pc_01752","2213.2","Технолог-дослідник з виробництва та переробки продукції тваринництва","cat_2213_2"
"pc_01753","2213.2","Інженер з лісових культур","cat_2213_2"
"pc_01754","2213.2","Інженер з лісозаготівель","cat_2213_2"
"pc_01755","2213.2","Інженер з використання водних ресурсів","cat_2213_2"
"pc_01756","2213.2","Інженер з відтворення природних екосистем","cat_2213_2"
"pc_01757","2213.2","Інженер з охорони природних екосистем","cat_2213_2"
"pc_01758","2213.2","Інженер з охорони тваринного світу","cat_2213_2"
"pc_01759","2213.2","Інженер з природокористування","cat_2213_2"
"pc_01760","2213.2","Інженер з проектування систем індустріального рибництва","cat_2213_2"
"pc_01761","2213.2","Інженер з рекреаційного благоустрою","cat_2213_2"
"pc_01762","2213.2","Інженер станції насосної (групи станцій)","cat_2213_2"
"pc_01763","2213.2","Інженер-гідротехнік","cat_2213_2"
"pc_01764","2213.2","Інженер-проектувальник (водне господарство)","cat_2213_2"
"pc_01765","2213.2","Інспектор з карантину рослин","cat_2213_2"
"pc_01766","2213.2","Професіонал з плодоовочівництва і виноградарства","cat_2213_2"
"pc_01767","2213.2","Професіонал з рибальства","cat_2213_2"
"pc_01768","2213.2","Рибовод","cat_2213_2"
"pc_01769","2213.2","Сільськогосподарський дорадник","cat_2213_2"
"pc_01770","2213.2","Сільськогосподарський експерт-дорадник","cat_2213_2"
"pc_01771","2213.2","Фахівець з використання водних ресурсів","cat_2213_2"
"pc_01772","2213.2","Фахівець з виробництва продукції аквакультури","cat_2213_2"
"pc_01773","2213.2","Фахівець з екологічної освіти","cat_2213_2"
"pc_01774","2213.2","Фахівець з квітникарства","cat_2213_2"
"pc_01775","2213.2","Фахівець з ландшафтного дизайну","cat_2213_2"
"pc_01776","2213.2","Фахівець з рекреації","cat_2213_2"
"pc_01777","2213.2","Фахівець із агрохімії та ґрунтознавства","cat_2213_2"
"pc_01778","2213.2","Фахівець із селекції та генетики сільськогосподарських культур","cat_2213_2"
"pc_01779","2221.1","Науковий співробітник (галузь лікувальної справи, крім стоматології)","cat_2221_1"
"pc_01780","2221.1","Молодший науковий співробітник (галузь лікувальної справи, крім стоматології)","cat_2221_1"
"pc_01781","2221.1","Науковий співробітник-консультант (галузь лікувальної справи, крім стоматології)","cat_2221_1"
"pc_01782","2221.2","Лікар-терапевт","cat_2221_2"
"pc_01783","2221.2","Лікар-терапевт цехової лікарської дільниці","cat_2221_2"
"pc_01784","2221.2","Лікар внутрішньої медицини","cat_2221_2"
"pc_01785","2221.2","Лікар з медицини невідкладних станів","cat_2221_2"
"pc_01786","2221.2","Лікар фізичної та реабілітаційної медицини","cat_2221_2"
"pc_01787","2221.2","Лікар-гематолог-онколог дитячий","cat_2221_2"
"pc_01788","2221.2","Лікар-хірург-дерматолог","cat_2221_2"
"pc_01789","2221.2","Лікар з авіаційної медицини","cat_2221_2"
"pc_01790","2221.2","Лікар з народної та нетрадиційної медицини","cat_2221_2"
"pc_01791","2221.2","Лікар з радіаційної онкології","cat_2221_2"
"pc_01792","2221.2","Лікар з ядерної медицини","cat_2221_2"
"pc_01793","2221.2","Лікар з ультразвукової діагностики","cat_2221_2"
"pc_01794","2221.2","Лікар загальної практики - сімейний лікар","cat_2221_2"
"pc_01795","2221.2","Лікар судновий","cat_2221_2"
"pc_01796","2221.2","Лікар-анестезіолог","cat_2221_2"
"pc_01797","2221.2","Лікар-генетик","cat_2221_2"
"pc_01798","2221.2","Лікар-геріатр","cat_2221_2"
"pc_01799","2221.2","Лікар-імунолог","cat_2221_2"
"pc_01800","2221.2","Лікар-кардіолог","cat_2221_2"
"pc_01801","2221.2","Лікар-кардіоревматолог дитячий","cat_2221_2"
"pc_01802","2221.2","Лікар-комбустіолог","cat_2221_2"
"pc_01803","2221.2","Лікар-невролог дитячий","cat_2221_2"
"pc_01804","2221.2","Лікар-нефролог","cat_2221_2"
"pc_01805","2221.2","Лікар-ортопед-травматолог","cat_2221_2"
"pc_01806","2221.2","Лікар-педіатр-неонатолог","cat_2221_2"
"pc_01807","2221.2","Лікар-психолог","cat_2221_2"
"pc_01808","2221.2","Лікар-психотерапевт","cat_2221_2"
"pc_01809","2221.2","Лікар-психофізіолог","cat_2221_2"
"pc_01810","2221.2","Лікар-пульмонолог","cat_2221_2"
"pc_01811","2221.2","Лікар-ревматолог","cat_2221_2"
"pc_01812","2221.2","Лікар-рефлексотерапевт","cat_2221_2"
"pc_01813","2221.2","Лікар-сексопатолог","cat_2221_2"
"pc_01814","2221.2","Лікар-сурдолог","cat_2221_2"
"pc_01815","2221.2","Лікар-трансплантолог","cat_2221_2"
"pc_01816","2221.2","Лікар-трансфузіолог","cat_2221_2"
"pc_01817","2221.2","Лікар-хірург серцево-судинний","cat_2221_2"
"pc_01818","2221.2","Лікар-хірург судинний","cat_2221_2"
"pc_01819","2221.2","Лікар-хірург торакальний","cat_2221_2"
"pc_01820","2221.2","Лікар-хірург-онколог","cat_2221_2"
"pc_01821","2221.2","Лікар-хірург-проктолог","cat_2221_2"
"pc_01822","2221.2","Лікар","cat_2221_2"
"pc_01823","2221.2","Лікар-акушер-гінеколог","cat_2221_2"
"pc_01824","2221.2","Лікар-алерголог","cat_2221_2"
"pc_01825","2221.2","Лікар-гастроентеролог","cat_2221_2"
"pc_01826","2221.2","Лікар-гематолог","cat_2221_2"
"pc_01827","2221.2","Лікар гірничорятувальної частини","cat_2221_2"
"pc_01828","2221.2","Лікар-дерматовенеролог","cat_2221_2"
"pc_01829","2221.2","Лікар пункту охорони здоров'я","cat_2221_2"
"pc_01830","2221.2","Лікар-інфекціоніст","cat_2221_2"
"pc_01831","2221.2","Лікар-методист","cat_2221_2"
"pc_01832","2221.2","Лікар-нарколог","cat_2221_2"
"pc_01833","2221.2","Лікар-невролог","cat_2221_2"
"pc_01834","2221.2","Лікар-нейрохірург","cat_2221_2"
"pc_01835","2221.2","Лікар-онколог","cat_2221_2"
"pc_01836","2221.2","Лікар-отоларинголог","cat_2221_2"
"pc_01837","2221.2","Лікар-отоларинголог-онколог","cat_2221_2"
"pc_01838","2221.2","Лікар-офтальмолог","cat_2221_2"
"pc_01839","2221.2","Лікар-педіатр","cat_2221_2"
"pc_01840","2221.2","Лікар підводного апарата","cat_2221_2"
"pc_01841","2221.2","Лікар приймальної палати (відділення)","cat_2221_2"
"pc_01842","2221.2","Лікар-психіатр","cat_2221_2"
"pc_01843","2221.2","Лікар-радіолог","cat_2221_2"
"pc_01844","2221.2","Лікар роз'їзний (лінійний) на залізничному транспорті","cat_2221_2"
"pc_01845","2221.2","Лікар-токсиколог","cat_2221_2"
"pc_01846","2221.2","Лікар-уролог","cat_2221_2"
"pc_01847","2221.2","Лікар-фтизіатр","cat_2221_2"
"pc_01848","2221.2","Лікар-хірург","cat_2221_2"
"pc_01849","2221.2","Лікар-ендокринолог","cat_2221_2"
"pc_01850","2221.2","Лікар-гінеколог дитячого та підліткового віку","cat_2221_2"
"pc_01851","2221.2","Лікар-гінеколог-онколог","cat_2221_2"
"pc_01852","2221.2","Лікар-кардіолог дитячий","cat_2221_2"
"pc_01853","2221.2","Лікар-кардіолог електрофізіолог","cat_2221_2"
"pc_01854","2221.2","Лікар-кардіолог інтервенційний","cat_2221_2"
"pc_01855","2221.2","Лікар-нейрофізіолог","cat_2221_2"
"pc_01856","2221.2","Лікар-ревматолог дитячий","cat_2221_2"
"pc_01857","2221.2","Лікар-хірург пластичний","cat_2221_2"
"pc_01858","2222.1","Науковий співробітник (стоматологія)","cat_2222_1"
"pc_01859","2222.1","Молодший науковий співробітник (стоматологія)","cat_2222_1"
"pc_01860","2222.1","Науковий співробітник-консультант (стоматологія)","cat_2222_1"
"pc_01861","2222.2","Лікар-стоматолог-пародонтолог","cat_2222_2"
"pc_01862","2222.2","Лікар-хірург щелепно-лицевий","cat_2222_2"
"pc_01863","2222.2","Лікар-стоматолог-ортопед","cat_2222_2"
"pc_01864","2222.2","Лікар-стоматолог-терапевт","cat_2222_2"
"pc_01865","2222.2","Лікар-стоматолог","cat_2222_2"
"pc_01866","2222.2","Лікар-стоматолог-ортодонт","cat_2222_2"
"pc_01867","2222.2","Лікар-стоматолог-хірург","cat_2222_2"
"pc_01868","2223.1","Науковий співробітник (ветеринарна медицина)","cat_2223_1"
"pc_01869","2223.1","Молодший науковий співробітник (ветеринарна медицина)","cat_2223_1"
"pc_01870","2223.1","Науковий співробітник-консультант (ветеринарна медицина)","cat_2223_1"
"pc_01871","2223.2","Лікар ветеринарної медицини з безпеки та якості сільськогосподарських і харчових продуктів","cat_2223_2"
"pc_01872","2223.2","Лікар ветеринарної медицини з біотехнології","cat_2223_2"
"pc_01873","2223.2","Лікар ветеринарної медицини з гігієни та санітарії","cat_2223_2"
"pc_01874","2223.2","Лікар ветеринарної медицини з лабораторної діагностики","cat_2223_2"
"pc_01875","2223.2","Лікар ветеринарної медицини з фармації","cat_2223_2"
"pc_01876","2223.2","Лікар ветеринарної медицини із громадського здоров’я","cat_2223_2"
"pc_01877","2223.2","Лікар ветеринарної медицини","cat_2223_2"
"pc_01878","2223.2","Лікар ветеринарної медицини м'ясопереробних підприємств","cat_2223_2"
"pc_01879","2223.2","Офіційний лікар ветеринарної медицини","cat_2223_2"
"pc_01880","2224.1","Науковий співробітник (фармація)","cat_2224_1"
"pc_01881","2224.1","Молодший науковий співробітник (фармація)","cat_2224_1"
"pc_01882","2224.1","Науковий співробітник-консультант (фармація)","cat_2224_1"
"pc_01883","2224.2","Фармацевт","cat_2224_2"
"pc_01884","2224.2","Фармацевт клінічний","cat_2224_2"
"pc_01885","2224.2","Фармацевт промисловий","cat_2224_2"
"pc_01886","2224.2","Фармацевт-аналітик","cat_2224_2"
"pc_01887","2224.2","Фармацевт-косметолог","cat_2224_2"
"pc_01888","2224.2","Фармацевт-токсиколог","cat_2224_2"
"pc_01889","2225.2","Лікар з гігієни дітей та підлітків","cat_2225_2"
"pc_01890","2225.2","Лікар з гігієни праці","cat_2225_2"
"pc_01891","2225.2","Лікар з гігієни харчування","cat_2225_2"
"pc_01892","2225.2","Лікар з комунальної гігієни","cat_2225_2"
"pc_01893","2225.2","Лікар з радіаційної гігієни","cat_2225_2"
"pc_01894","2225.2","Лікар із загальної гігієни","cat_2225_2"
"pc_01895","2225.2","Лікар-профпатолог","cat_2225_2"
"pc_01896","2225.2","Лікар превентивної медицини","cat_2225_2"
"pc_01897","2225.2","Лікар-бактеріолог","cat_2225_2"
"pc_01898","2225.2","Лікар-вірусолог","cat_2225_2"
"pc_01899","2225.2","Лікар-дезінфекціоніст","cat_2225_2"
"pc_01900","2225.2","Лікар-паразитолог","cat_2225_2"
"pc_01901","2225.2","Лікар-епідеміолог","cat_2225_2"
"pc_01902","2225.2","Лікар-мікробіолог-вірусолог","cat_2225_2"
"pc_01903","2225.2","Професіонал з громадського здоров’я","cat_2225_2"
"pc_01904","2225.2","Професіонал з довкілля та здоров’я","cat_2225_2"
"pc_01905","2225.2","Професіонал з дослідження факторів навколишнього середовища","cat_2225_2"
"pc_01906","2229.1","Науковий співробітник (галузь медицини, крім сестринської справи та акушерства)","cat_2229_1"
"pc_01907","2229.1","Молодший науковий співробітник (галузь медицини, крім сестринської справи та акушерства)","cat_2229_1"
"pc_01908","2229.1","Науковий співробітник-консультант (галузь медицини, крім сестринської справи та акушерства)","cat_2229_1"
"pc_01909","2229.2","Лікар судово-медичний експерт","cat_2229_2"
"pc_01910","2229.2","Лікар судово-медичний експерт-гістолог","cat_2229_2"
"pc_01911","2229.2","Лікар судово-медичний експерт-імунолог","cat_2229_2"
"pc_01912","2229.2","Лікар судово-медичний експерт-криміналіст","cat_2229_2"
"pc_01913","2229.2","Лікар судово-медичний експерт-токсиколог","cat_2229_2"
"pc_01914","2229.2","Лікар судово-медичний експерт-цитолог","cat_2229_2"
"pc_01915","2229.2","Експерт з оцінки медичних технологій","cat_2229_2"
"pc_01916","2229.2","Ерготерапевт","cat_2229_2"
"pc_01917","2229.2","Терапевт мови і мовлення","cat_2229_2"
"pc_01918","2229.2","Фізичний терапевт","cat_2229_2"
"pc_01919","2229.2","Лікар спортивний (збірної чи клубної команди)","cat_2229_2"
"pc_01920","2229.2","Лікар з лікувальної фізкультури та спортивної медицини","cat_2229_2"
"pc_01921","2229.2","Лікар-дієтолог","cat_2229_2"
"pc_01922","2229.2","Лікар-лаборант","cat_2229_2"
"pc_01923","2229.2","Лікар-рентгенолог","cat_2229_2"
"pc_01924","2229.2","Лікар-статистик","cat_2229_2"
"pc_01925","2229.2","Лікар-психіатр судовий","cat_2229_2"
"pc_01926","2229.2","Лікар-фізіотерапевт","cat_2229_2"
"pc_01927","2229.2","Лікар з функціональної діагностики","cat_2229_2"
"pc_01928","2229.2","Лікар-ендоскопіст","cat_2229_2"
"pc_01929","2229.2","Інспектор-лікар","cat_2229_2"
"pc_01930","2229.2","Лікар з лікувальної фізкультури","cat_2229_2"
"pc_01931","2229.2","Лікар зі спортивної медицини","cat_2229_2"
"pc_01932","2229.2","Лікар-лаборант з клінічної біохімії","cat_2229_2"
"pc_01933","2229.2","Лікар-лаборант-генетик","cat_2229_2"
"pc_01934","2229.2","Лікар-лаборант-гігієніст з дослідження фізичних факторів навколишнього середовища","cat_2229_2"
"pc_01935","2229.2","Лікар-лаборант-гігієніст з дослідження хімічних факторів навколишнього середовища","cat_2229_2"
"pc_01936","2229.2","Лікар-лаборант-гігієніст","cat_2229_2"
"pc_01937","2229.2","Лікар-лаборант-імунолог","cat_2229_2"
"pc_01938","2229.2","Протезист-ортезист","cat_2229_2"
"pc_01939","2229.2","Професіонал з контролю якості лікарських засобів","cat_2229_2"
"pc_01940","2229.2","Професіонал з фармаконагляду","cat_2229_2"
"pc_01941","2229.2","Трансплант-координатор","cat_2229_2"
"pc_01942","2230.1","Науковий співробітник (сестринська справа, акушерство)","cat_2230_1"
"pc_01943","2230.1","Молодший науковий співробітник (сестринська справа, акушерство)","cat_2230_1"
"pc_01944","2230.1","Науковий співробітник-консультант (сестринська справа, акушерство)","cat_2230_1"
"pc_01945","2230.2","Фельдшер на морських і річкових суднах","cat_2230_2"
"pc_01946","2310.1","Професор закладу вищої освіти","cat_2310_1"
"pc_01947","2310.1","Докторант","cat_2310_1"
"pc_01948","2310.1","Доцент закладу вищої освіти","cat_2310_1"
"pc_01949","2310.2","Богослов","cat_2310_2"
"pc_01950","2310.2","Викладач-стажист","cat_2310_2"
"pc_01951","2310.2","Асистент","cat_2310_2"
"pc_01952","2310.2","Викладач закладу вищої освіти","cat_2310_2"
"pc_01953","2320","Викладач мистецького ліцею","cat_2320"
"pc_01954","2320","Вчитель закладу загальної середньої освіти","cat_2320"
"pc_01955","2320","Вчитель спеціалізованого закладу загальної середньої освіти","cat_2320"
"pc_01956","2320","Концертмейстер мистецького ліцею (мистецької школи)","cat_2320"
"pc_01957","2320","Викладач театральних дисциплін","cat_2320"
"pc_01958","2320","Викладач хореографічних дисциплін","cat_2320"
"pc_01959","2320","Викладач хорових дисциплін","cat_2320"
"pc_01960","2320","Методист заочних шкіл і відділень","cat_2320"
"pc_01961","2321","Викладач закладу професійної освіти","cat_2321"
"pc_01962","2322","Викладач закладу фахової передвищої освіти","cat_2322"
"pc_01963","2322","Викладач мистецьких дисциплін (за видами)","cat_2322"
"pc_01964","2331","Вчитель початкових класів закладу загальної середньої освіти","cat_2331"
"pc_01965","2332","Вихователь закладу дошкільної освіти","cat_2332"
"pc_01966","2332","Методист дошкільної освіти","cat_2332"
"pc_01967","2340","Вихователь соціальний по роботі з дітьми з інвалідністю","cat_2340"
"pc_01968","2340","Фахівець (консультант) інклюзивно-ресурсного центру","cat_2340"
"pc_01969","2340","Вчитель-реабілітолог","cat_2340"
"pc_01970","2340","Вчитель спеціальної освіти","cat_2340"
"pc_01971","2340","Інструктор слухового кабінету","cat_2340"
"pc_01972","2340","Соціальний педагог","cat_2340"
"pc_01973","2340","Вчитель-дефектолог","cat_2340"
"pc_01974","2340","Вчитель-логопед","cat_2340"
"pc_01975","2340","Перекладач-дактилолог закладу освіти","cat_2340"
"pc_01976","2351.1","Науковий співробітник (методи навчання)","cat_2351_1"
"pc_01977","2351.1","Молодший науковий співробітник (методи навчання)","cat_2351_1"
"pc_01978","2351.1","Науковий співробітник-консультант (методи навчання)","cat_2351_1"
"pc_01979","2351.2","Консультант центру професійного розвитку","cat_2351_2"
"pc_01980","2351.2","Вихователь-методист","cat_2351_2"
"pc_01981","2351.2","Методист з фізичної культури","cat_2351_2"
"pc_01982","2351.2","Методист з економічної освіти","cat_2351_2"
"pc_01983","2351.2","Викладач (методи навчання)","cat_2351_2"
"pc_01984","2351.2","Інструктор-льотчик-методист","cat_2351_2"
"pc_01985","2351.2","Консультант з питань здорового способу життя","cat_2351_2"
"pc_01986","2351.2","Методист","cat_2351_2"
"pc_01987","2352","Інспектор-методист","cat_2352"
"pc_01988","2352","Інспектор з військово-технічної підготовки","cat_2352"
"pc_01989","2352","Інспектор з дошкільного виховання, позашкільної роботи","cat_2352"
"pc_01990","2352","Інспектор з охорони дитинства","cat_2352"
"pc_01991","2352","Інспектор з навчальної, виховної, методичної роботи, виробничого навчання і початкової військової підготовки","cat_2352"
"pc_01992","2359.1","Науковий співробітник (валеологія)","cat_2359_1"
"pc_01993","2359.1","Науковий співробітник (в інших галузях навчання)","cat_2359_1"
"pc_01994","2359.1","Молодший науковий співробітник (в інших галузях навчання)","cat_2359_1"
"pc_01995","2359.1","Молодший науковий співробітник (валеологія)","cat_2359_1"
"pc_01996","2359.1","Науковий співробітник-консультант (в інших галузях навчання)","cat_2359_1"
"pc_01997","2359.1","Науковий співробітник-консультант (валеологія)","cat_2359_1"
"pc_01998","2359.2","Інструктор-методист з інформаційної безпеки та кібербезпеки","cat_2359_2"
"pc_01999","2359.2","Фахівець з адаптивного спорту","cat_2359_2"
"pc_02000","2359.2","Фахівець з питань молоді (молодіжний працівник)","cat_2359_2"
"pc_02001","2359.2","Інженер-інструктор біолокацій","cat_2359_2"
"pc_02002","2359.2","Інструктор-пілот (льотчик)","cat_2359_2"
"pc_02003","2359.2","Лектор","cat_2359_2"
"pc_02004","2359.2","Механік-наставник","cat_2359_2"
"pc_02005","2359.2","Організатор позакласної та позашкільної виховної роботи з дітьми","cat_2359_2"
"pc_02006","2359.2","Педагог-організатор","cat_2359_2"
"pc_02007","2359.2","Штурман-інструктор","cat_2359_2"
"pc_02008","2359.2","Методист-валеолог","cat_2359_2"
"pc_02009","2359.2","Педагог-валеолог","cat_2359_2"
"pc_02010","2359.2","Андрагог","cat_2359_2"
"pc_02011","2359.2","Вихователь закладу загальної середньої освіти","cat_2359_2"
"pc_02012","2359.2","Інструктор з праці","cat_2359_2"
"pc_02013","2359.2","Інструктор навчально-тренувального центру","cat_2359_2"
"pc_02014","2359.2","Кар’єрний освітній радник","cat_2359_2"
"pc_02015","2359.2","Керівник секції спортивного напряму","cat_2359_2"
"pc_02016","2359.2","Методист закладу позашкільної освіти","cat_2359_2"
"pc_02017","2411.1","Науковий співробітник (аудит, бухгалтерський облік)","cat_2411_1"
"pc_02018","2411.1","Молодший науковий співробітник (аудит, бухгалтерський облік)","cat_2411_1"
"pc_02019","2411.1","Науковий співробітник-консультант (аудит, бухгалтерський облік)","cat_2411_1"
"pc_02020","2411.2","Бухгалтер (з дипломом магістра)","cat_2411_2"
"pc_02021","2411.2","Аудитор","cat_2411_2"
"pc_02022","2411.2","Бухгалтер-ревізор","cat_2411_2"
"pc_02023","2411.2","Бухгалтер-експерт","cat_2411_2"
"pc_02024","2411.2","Інспектор з контролю якості аудиторських послуг","cat_2411_2"
"pc_02025","2411.2","Консультант з податків і зборів","cat_2411_2"
"pc_02026","2412.1","Науковий співробітник (праця та зайнятість)","cat_2412_1"
"pc_02027","2412.1","Молодший науковий співробітник (праця та зайнятість)","cat_2412_1"
"pc_02028","2412.1","Науковий співробітник-консультант (праця та зайнятість)","cat_2412_1"
"pc_02029","2412.1","Професіолог","cat_2412_1"
"pc_02030","2412.2","Оцінювач професійної кваліфікації","cat_2412_2"
"pc_02031","2412.2","Фахівець з аналізу ринку праці","cat_2412_2"
"pc_02032","2412.2","Фахівець з питань зайнятості (хедхантер)","cat_2412_2"
"pc_02033","2412.2","Експерт з умов праці","cat_2412_2"
"pc_02034","2412.2","Аналітик у сфері професійної зайнятості","cat_2412_2"
"pc_02035","2412.2","Експерт із соціальної відповідальності","cat_2412_2"
"pc_02036","2412.2","Експерт з регулювання соціально-трудових відносин","cat_2412_2"
"pc_02037","2412.2","Фахівець з організації праці","cat_2412_2"
"pc_02038","2412.2","Фахівець з підготовки кадрів","cat_2412_2"
"pc_02039","2412.2","Фахівець з профадаптації","cat_2412_2"
"pc_02040","2412.2","Інструктор передових методів праці","cat_2412_2"
"pc_02041","2412.2","Нормувальник гірничий","cat_2412_2"
"pc_02042","2412.2","Нормувальник гірничий кар'єру, рудника, шахти","cat_2412_2"
"pc_02043","2412.2","Нормувальник гірничий на підземних роботах","cat_2412_2"
"pc_02044","2412.2","Профконсультант","cat_2412_2"
"pc_02045","2412.2","Економіст з праці","cat_2412_2"
"pc_02046","2412.2","Кар’єрний радник","cat_2412_2"
"pc_02047","2412.2","Професіонал з розвитку персоналу","cat_2412_2"
"pc_02048","2412.2","Фахівець з профорієнтації","cat_2412_2"
"pc_02049","2413.1","Молодший науковий співробітник (біржові операції)","cat_2413_1"
"pc_02050","2413.1","Науковий співробітник (біржові операції)","cat_2413_1"
"pc_02051","2413.1","Науковий співробітник-консультант (біржові операції)","cat_2413_1"
"pc_02052","2413.2","Професіонал з ведення реєстру власників іменних цінних паперів","cat_2413_2"
"pc_02053","2413.2","Професіонал з депозитарної діяльності","cat_2413_2"
"pc_02054","2413.2","Професіонал з корпоративного управління","cat_2413_2"
"pc_02055","2413.2","Професіонал з торгівлі цінними паперами","cat_2413_2"
"pc_02056","2413.2","Професіонал з управління активами","cat_2413_2"
"pc_02057","2413.2","Професіонал-організатор торгівлі на ринку цінних паперів","cat_2413_2"
"pc_02058","2414.1","Молодший науковий співробітник (фінансово-економічна безпека підприємств, установ та організацій)","cat_2414_1"
"pc_02059","2414.1","Науковий співробітник (фінансово-економічна безпека підприємств, установ та організацій)","cat_2414_1"
"pc_02060","2414.1","Науковий співробітник-консультант (фінансово-економічна безпека підприємств, установ та організацій)","cat_2414_1"
"pc_02061","2414.2","Професіонал з антикорупційної діяльності","cat_2414_2"
"pc_02062","2414.2","Уповноважений з антикорупційної діяльності","cat_2414_2"
"pc_02063","2414.2","Аналітик з питань фінансово-економічної безпеки","cat_2414_2"
"pc_02064","2414.2","Професіонал з фінансово-економічної безпеки","cat_2414_2"
"pc_02065","2419.1","Науковий співробітник (маркетинг, ефективність господарської діяльності, раціоналізація виробництва)","cat_2419_1"
"pc_02066","2419.1","Молодший науковий співробітник (інтелектуальна власність)","cat_2419_1"
"pc_02067","2419.1","Молодший науковий співробітник (маркетинг, ефективність господарської діяльності, раціоналізація виробництва)","cat_2419_1"
"pc_02068","2419.1","Науковий співробітник (інтелектуальна власність)","cat_2419_1"
"pc_02069","2419.1","Науковий співробітник-консультант (інтелектуальна власність)","cat_2419_1"
"pc_02070","2419.1","Науковий співробітник-консультант (маркетинг, ефективність господарської діяльності, раціоналізація виробництва)","cat_2419_1"
"pc_02071","2419.2","Аудитор безпеки автомобільних доріг","cat_2419_2"
"pc_02072","2419.2","Аудитор систем харчової безпеки","cat_2419_2"
"pc_02073","2419.2","Аудитор систем якості","cat_2419_2"
"pc_02074","2419.2","Відповідальний працівник банку (філіалу (філії) банку, іншої фінансової установи)","cat_2419_2"
"pc_02075","2419.2","Головний інспектор будівельного нагляду","cat_2419_2"
"pc_02076","2419.2","Експерт із енергоефективності нетрадиційних і відновлювальних видів енергії","cat_2419_2"
"pc_02077","2419.2","Економіст із збуту","cat_2419_2"
"pc_02078","2419.2","Експерт із зовнішньоекономічних питань","cat_2419_2"
"pc_02079","2419.2","Експерт із торговельно-економічних операцій","cat_2419_2"
"pc_02080","2419.2","Інженер з організації керування виробництвом","cat_2419_2"
"pc_02081","2419.2","Консультант","cat_2419_2"
"pc_02082","2419.2","Консультант з ефективності підприємництва","cat_2419_2"
"pc_02083","2419.2","Консультант з маркетингу","cat_2419_2"
"pc_02084","2419.2","Консультант з раціоналізації виробництва","cat_2419_2"
"pc_02085","2419.2","Консультант із зовнішньоекономічних питань","cat_2419_2"
"pc_02086","2419.2","Логіст","cat_2419_2"
"pc_02087","2419.2","Професіонал з економічної кібернетики","cat_2419_2"
"pc_02088","2419.2","Професіонал з інноваційної діяльності","cat_2419_2"
"pc_02089","2419.2","Професіонал з інтелектуальної власності","cat_2419_2"
"pc_02090","2419.2","Професіонал з лобіювання (лобіст)","cat_2419_2"
"pc_02091","2419.2","Професіонал із зв’язків з органами влади","cat_2419_2"
"pc_02092","2419.2","Рекламіст","cat_2419_2"
"pc_02093","2419.2","Уповноважена особа з питань відповідності (енергетика)","cat_2419_2"
"pc_02094","2419.2","Фахівець з економічного моделювання екологічних систем","cat_2419_2"
"pc_02095","2419.2","Фахівець з ефективності підприємництва","cat_2419_2"
"pc_02096","2419.2","Фахівець з методів розширення ринку збуту (маркетолог)","cat_2419_2"
"pc_02097","2419.2","Фахівець з публічних закупівель","cat_2419_2"
"pc_02098","2419.2","Фахівець з раціоналізації виробництва","cat_2419_2"
"pc_02099","2419.2","Фахівець із зв'язків з громадськістю та пресою","cat_2419_2"
"pc_02100","2419.2","Фахівець із стандартизації, сертифікації та якості","cat_2419_2"
"pc_02101","2419.2","Фахівець із сертифікації","cat_2419_2"
"pc_02102","2419.2","Фахівець із стандартизації","cat_2419_2"
"pc_02103","2419.2","Фахівець із якості","cat_2419_2"
"pc_02104","2419.2","Фахівець-аналітик з дослідження товарного ринку","cat_2419_2"
"pc_02105","2419.2","Фінансовий аналітик","cat_2419_2"
"pc_02106","2419.3","Спеціаліст з питань персоналу державної служби","cat_2419_3"
"pc_02107","2419.3","Адміністратор (органи державної влади та місцевого самоврядування)","cat_2419_3"
"pc_02108","2419.3","Головний консультант","cat_2419_3"
"pc_02109","2419.3","Головний консультант-інспектор","cat_2419_3"
"pc_02110","2419.3","Державний кадастровий реєстратор","cat_2419_3"
"pc_02111","2419.3","Державний реєстратор","cat_2419_3"
"pc_02112","2419.3","Державний реєстратор прав на нерухоме майно","cat_2419_3"
"pc_02113","2419.3","Детектив","cat_2419_3"
"pc_02114","2419.3","Інспектор державний","cat_2419_3"
"pc_02115","2419.3","Інспектор фінансовий","cat_2419_3"
"pc_02116","2419.3","Представник","cat_2419_3"
"pc_02117","2419.3","Радник-посланник","cat_2419_3"
"pc_02118","2419.3","Державний аудитор","cat_2419_3"
"pc_02119","2419.3","Державний експерт","cat_2419_3"
"pc_02120","2419.3","Спеціаліст-бухгалтер","cat_2419_3"
"pc_02121","2419.3","Спеціаліст-юрисконсульт","cat_2419_3"
"pc_02122","2419.3","Казначей","cat_2419_3"
"pc_02123","2419.3","Консультант (в апараті органів державної влади, місцевого самоврядування)","cat_2419_3"
"pc_02124","2419.3","Помічник-консультант народного депутата України (члена Національної ради)","cat_2419_3"
"pc_02125","2419.3","Радник (органи державної влади, місцевого самоврядування)","cat_2419_3"
"pc_02126","2419.3","Спеціаліст державної служби (місцевого самоврядування)","cat_2419_3"
"pc_02127","2419.3","Страховий експерт з охорони праці","cat_2419_3"
"pc_02128","2421.1","Науковий співробітник (правознавство)","cat_2421_1"
"pc_02129","2421.1","Молодший науковий співробітник (правознавство)","cat_2421_1"
"pc_02130","2421.1","Науковий співробітник-консультант (правознавство)","cat_2421_1"
"pc_02131","2421.2","Адвокат","cat_2421_2"
"pc_02132","2421.2","Помічник адвоката","cat_2421_2"
"pc_02133","2421.2","Прокурор","cat_2421_2"
"pc_02134","2421.2","Прокурор-стажист","cat_2421_2"
"pc_02135","2422","Суддя","cat_2422"
"pc_02136","2423","Професіонал з охоронної діяльності та безпеки","cat_2423"
"pc_02137","2423","Спеціаліст-підривник","cat_2423"
"pc_02138","2423","Старший оперуповноважений з особливих доручень (поліція)","cat_2423"
"pc_02139","2423","Дізнавач (з дипломом магістра)","cat_2423"
"pc_02140","2423","Інспектор (з дипломом магістра)","cat_2423"
"pc_02141","2423","Оперуповноважений (з дипломом магістра)","cat_2423"
"pc_02142","2423","Помічник начальника чергової частини","cat_2423"
"pc_02143","2423","Спеціаліст-криміналіст","cat_2423"
"pc_02144","2423","Старший дізнавач з особливих доручень","cat_2423"
"pc_02145","2423","Старший інспектор з особливих доручень","cat_2423"
"pc_02146","2423","Старший оперуповноважений в особливо важливих справах","cat_2423"
"pc_02147","2424","Інспектор (пенітенціарна система)","cat_2424"
"pc_02148","2424","Інспектор уповноваженого органу з питань пробації","cat_2424"
"pc_02149","2424","Оперуповноважений (пенітенціарна система)","cat_2424"
"pc_02150","2424","Старший інспектор з особливих доручень (пенітенціарна система)","cat_2424"
"pc_02151","2424","Старший інспектор уповноваженого органу з питань пробації","cat_2424"
"pc_02152","2424","Старший оперуповноважений в особливо важливих справах (пенітенціарна система)","cat_2424"
"pc_02153","2426","Слідчий (поліція)","cat_2426"
"pc_02154","2426","Слідчий-криміналіст (поліція)","cat_2426"
"pc_02155","2426","Старший слідчий (поліція)","cat_2426"
"pc_02156","2426","Старший слідчий-криміналіст (поліція)","cat_2426"
"pc_02157","2426","Старший слідчий в особливо важливих справах","cat_2426"
"pc_02158","2426","Старший слідчий в особливо важливих справах-криміналіст (поліція)","cat_2426"
"pc_02159","2427","Офіцер (прикордонна служба)","cat_2427"
"pc_02160","2429","Державний виконавець","cat_2429"
"pc_02161","2429","Дисциплінарний інспектор Вищої ради правосуддя","cat_2429"
"pc_02162","2429","Експерт-імунолог судовий","cat_2429"
"pc_02163","2429","Експерт-психолог судовий","cat_2429"
"pc_02164","2429","Експерт-токсиколог судовий","cat_2429"
"pc_02165","2429","Експерт-цитолог судовий","cat_2429"
"pc_02166","2429","Експерт у галузі права","cat_2429"
"pc_02167","2429","Інспектор Вищої кваліфікаційної комісії суддів України","cat_2429"
"pc_02168","2429","Інспектор праці (правовий)","cat_2429"
"pc_02169","2429","Консультант науковий (правознавство)","cat_2429"
"pc_02170","2429","Консультант суду","cat_2429"
"pc_02171","2429","Медіатор","cat_2429"
"pc_02172","2429","Нотаріус","cat_2429"
"pc_02173","2429","Нотаріус державний","cat_2429"
"pc_02174","2429","Помічник Голови Верховного Суду","cat_2429"
"pc_02175","2429","Помічник заступника Голови Верховного Суду","cat_2429"
"pc_02176","2429","Помічник судді (Верховного суду)","cat_2429"
"pc_02177","2429","Приватний виконавець","cat_2429"
"pc_02178","2429","Приватний детектив","cat_2429"
"pc_02179","2429","Радник Голови Верховного Суду","cat_2429"
"pc_02180","2429","Слідчий","cat_2429"
"pc_02181","2429","Судовий експерт","cat_2429"
"pc_02182","2429","Юрисконсульт (радник юридичний)","cat_2429"
"pc_02183","2429","Юрист","cat_2429"
"pc_02184","2429","Юрист-міжнародник","cat_2429"
"pc_02185","2431.1","Науковий співробітник (архівна справа, музеєзнавство)","cat_2431_1"
"pc_02186","2431.1","Молодший науковий співробітник (архівна справа, музеєзнавство)","cat_2431_1"
"pc_02187","2431.1","Науковий співробітник-консультант (архівна справа, музеєзнавство)","cat_2431_1"
"pc_02188","2431.2","Архівіст","cat_2431_2"
"pc_02189","2431.2","Зберігач фондів","cat_2431_2"
"pc_02190","2431.2","Зберігач експонатів","cat_2431_2"
"pc_02191","2431.2","Експерт з комплектування музейного та виставочного фонду","cat_2431_2"
"pc_02192","2432.1","Документознавець","cat_2432_1"
"pc_02193","2432.1","Науковий співробітник (бібліотечна справа, науково-технічна інформація)","cat_2432_1"
"pc_02194","2432.1","Молодший науковий співробітник (бібліотечна справа, науково-технічна інформація)","cat_2432_1"
"pc_02195","2432.1","Науковий співробітник-консультант (бібліотечна справа, науково-технічна інформація)","cat_2432_1"
"pc_02196","2432.2","Експерт з питань інтелектуальної власності","cat_2432_2"
"pc_02197","2432.2","Бібліограф","cat_2432_2"
"pc_02198","2432.2","Бібліотекар","cat_2432_2"
"pc_02199","2432.2","Методист із складання кінопрограм","cat_2432_2"
"pc_02200","2433.1","Молодший науковий співробітник (інформаційна аналітика)","cat_2433_1"
"pc_02201","2433.1","Науковий співробітник (інформаційна аналітика)","cat_2433_1"
"pc_02202","2433.1","Науковий співробітник-консультант (інформаційна аналітика)","cat_2433_1"
"pc_02203","2433.2","Аналітик консолідованої інформації","cat_2433_2"
"pc_02204","2433.2","Інженер з науково-технічної інформації","cat_2433_2"
"pc_02205","2433.2","Фахівець з управління дослідницькими даними","cat_2433_2"
"pc_02206","2441.1","Науковий співробітник (економіка)","cat_2441_1"
"pc_02207","2441.1","Молодший науковий співробітник (економіка)","cat_2441_1"
"pc_02208","2441.1","Науковий співробітник-консультант (економіка)","cat_2441_1"
"pc_02209","2441.2","Аналітик (банківська діяльність)","cat_2441_2"
"pc_02210","2441.2","Аналітик у сфері віртуальних активів","cat_2441_2"
"pc_02211","2441.2","Економіст з режимів газопостачання, обліку та контролю за витрачанням газу","cat_2441_2"
"pc_02212","2441.2","Економічний радник","cat_2441_2"
"pc_02213","2441.2","Аналітик з інвестицій","cat_2441_2"
"pc_02214","2441.2","Аналітик з кредитування","cat_2441_2"
"pc_02215","2441.2","Економетрист","cat_2441_2"
"pc_02216","2441.2","Економіст з міжнародної торгівлі","cat_2441_2"
"pc_02217","2441.2","Економіст з податків і зборів","cat_2441_2"
"pc_02218","2441.2","Економіст із ціноутворення","cat_2441_2"
"pc_02219","2441.2","Консультант з економічних питань","cat_2441_2"
"pc_02220","2441.2","Оглядач з економічних питань","cat_2441_2"
"pc_02221","2441.2","Економіст","cat_2441_2"
"pc_02222","2441.2","Економіст обчислювального (інформаційно-обчислювального) центру","cat_2441_2"
"pc_02223","2441.2","Економіст з бухгалтерського обліку та аналізу господарської діяльності","cat_2441_2"
"pc_02224","2441.2","Економіст з договірних та претензійних робіт","cat_2441_2"
"pc_02225","2441.2","Економіст з матеріально-технічного забезпечення","cat_2441_2"
"pc_02226","2441.2","Економіст з планування","cat_2441_2"
"pc_02227","2441.2","Економіст з фінансової роботи","cat_2441_2"
"pc_02228","2441.2","Член ревізійної комісії","cat_2441_2"
"pc_02229","2441.2","Член спостережної (наглядової) ради","cat_2441_2"
"pc_02230","2442.1","Антрополог","cat_2442_1"
"pc_02231","2442.1","Науковий співробітник (археографія, археологія, географія, кримінологія, палеографія, соціологія)","cat_2442_1"
"pc_02232","2442.1","Молодший науковий співробітник (археографія, археологія, географія, кримінологія, палеографія, соціологія)","cat_2442_1"
"pc_02233","2442.1","Науковий співробітник-консультант (археографія, археологія, географія, кримінологія, палеографія, соціологія)","cat_2442_1"
"pc_02234","2442.2","Фахівець з урегулювання конфліктів та медіації у соціально-політичній сфері","cat_2442_2"
"pc_02235","2442.2","Географ","cat_2442_2"
"pc_02236","2442.2","Географ-економіст","cat_2442_2"
"pc_02237","2442.2","Кримінолог","cat_2442_2"
"pc_02238","2442.2","Соціолог з ефективності покарання правопорушників","cat_2442_2"
"pc_02239","2442.2","Соціолог промисловий","cat_2442_2"
"pc_02240","2442.2","Соціолог-кримінолог","cat_2442_2"
"pc_02241","2442.2","Географ (політична географія)","cat_2442_2"
"pc_02242","2442.2","Географ (фізична географія)","cat_2442_2"
"pc_02243","2442.2","Етнолог","cat_2442_2"
"pc_02244","2442.2","Археограф","cat_2442_2"
"pc_02245","2442.2","Археолог","cat_2442_2"
"pc_02246","2442.2","Палеограф","cat_2442_2"
"pc_02247","2442.2","Соціолог","cat_2442_2"
"pc_02248","2442.2","Фахівець з питань вирішення колективних трудових спорів (конфліктів)","cat_2442_2"
"pc_02249","2442.2","Палеогеограф","cat_2442_2"
"pc_02250","2442.2","Соціальний патолог","cat_2442_2"
"pc_02251","2442.2","Фахівець з міської та районної планіровки","cat_2442_2"
"pc_02252","2442.2","Фахівець з розміщення продуктивних сил та регіональної економіки","cat_2442_2"
"pc_02253","2442.2","Фахівець з управління природокористуванням","cat_2442_2"
"pc_02254","2443.1","Науковий співробітник (філософія, історія, політологія)","cat_2443_1"
"pc_02255","2443.1","Молодший науковий співробітник (філософія, історія, політологія)","cat_2443_1"
"pc_02256","2443.1","Науковий співробітник-консультант (філософія, історія, політологія)","cat_2443_1"
"pc_02257","2443.2","Експерт із суспільно-політичних питань","cat_2443_2"
"pc_02258","2443.2","Історик","cat_2443_2"
"pc_02259","2443.2","Консультант з питань історії","cat_2443_2"
"pc_02260","2443.2","Консультант із суспільно-політичних питань (в партіях та інших громадських організаціях)","cat_2443_2"
"pc_02261","2443.2","Політичний оглядач","cat_2443_2"
"pc_02262","2443.2","Політолог","cat_2443_2"
"pc_02263","2443.2","Історик (економіка)","cat_2443_2"
"pc_02264","2443.2","Історик (політика)","cat_2443_2"
"pc_02265","2443.2","Історик (суспільні відносини)","cat_2443_2"
"pc_02266","2443.2","Фахівець з релігієзнавства","cat_2443_2"
"pc_02267","2443.2","Фахівець із генеалогії","cat_2443_2"
"pc_02268","2443.2","Філософ","cat_2443_2"
"pc_02269","2444.1","Графолог","cat_2444_1"
"pc_02270","2444.1","Науковий співробітник (філологія, лінгвістика та переклади)","cat_2444_1"
"pc_02271","2444.1","Молодший науковий співробітник (філологія, лінгвістика та переклади)","cat_2444_1"
"pc_02272","2444.1","Науковий співробітник-консультант (філологія, лінгвістика та переклади)","cat_2444_1"
"pc_02273","2444.1","Філолог-дослідник","cat_2444_1"
"pc_02274","2444.1","Фольклорист","cat_2444_1"
"pc_02275","2444.2","Гід-перекладач","cat_2444_2"
"pc_02276","2444.2","Перекладач","cat_2444_2"
"pc_02277","2444.2","Перекладач-дактилолог","cat_2444_2"
"pc_02278","2444.2","Перекладач-секретар сліпого вчителя (викладача)","cat_2444_2"
"pc_02279","2444.2","Перекладач технічної літератури","cat_2444_2"
"pc_02280","2444.2","Редактор-перекладач","cat_2444_2"
"pc_02281","2444.2","Лінгвіст","cat_2444_2"
"pc_02282","2444.2","Професіонал з фольклористики","cat_2444_2"
"pc_02283","2444.2","Філолог","cat_2444_2"
"pc_02284","2445.1","Науковий співробітник (психологія)","cat_2445_1"
"pc_02285","2445.1","Молодший науковий співробітник (психологія)","cat_2445_1"
"pc_02286","2445.1","Науковий співробітник-консультант (психологія)","cat_2445_1"
"pc_02287","2445.2","Клінічний психолог","cat_2445_2"
"pc_02288","2445.2","Психолог","cat_2445_2"
"pc_02289","2445.2","Психотерапевт","cat_2445_2"
"pc_02290","2445.2","Практичний психолог","cat_2445_2"
"pc_02291","2446.1","Науковий співробітник (соціальний захист населення)","cat_2446_1"
"pc_02292","2446.1","Молодший науковий співробітник (соціальний захист населення)","cat_2446_1"
"pc_02293","2446.1","Науковий співробітник-консультант (соціальний захист населення)","cat_2446_1"
"pc_02294","2446.2","Наглядач в громадському центрі","cat_2446_2"
"pc_02295","2446.2","Наглядач за умовно засудженими","cat_2446_2"
"pc_02296","2446.2","Фахівець (з допомоги неблагополучним родинам, грошової допомоги дітям і т. ін.)","cat_2446_2"
"pc_02297","2446.2","Фахівець із супроводу ветеранів війни та демобілізованих осіб","cat_2446_2"
"pc_02298","2446.2","Фахівець-організатор соціально-побутового обслуговування","cat_2446_2"
"pc_02299","2446.2","Фахівець із соціальної роботи","cat_2446_2"
"pc_02300","2446.2","Фахівець із соціальної допомоги вдома","cat_2446_2"
"pc_02301","2446.2","Соціальний аудитор","cat_2446_2"
"pc_02302","2446.2","Соціальний працівник","cat_2446_2"
"pc_02303","2447.1","Науковий співробітник (проекти та програми у сфері матеріального та нематеріального виробництва)","cat_2447_1"
"pc_02304","2447.1","Молодший науковий співробітник (проекти та програми у сфері матеріального та нематеріального виробництва)","cat_2447_1"
"pc_02305","2447.1","Науковий співробітник-консультант (проекти та програми у сфері матеріального та нематеріального виробництва)","cat_2447_1"
"pc_02306","2447.2","Фахівець з управління проектами та програмами у сфері матеріального (нематеріального) виробництва","cat_2447_2"
"pc_02307","2451.1","Літературознавець","cat_2451_1"
"pc_02308","2451.2","Автор промов","cat_2451_2"
"pc_02309","2451.2","Автор текстів (копірайтер)","cat_2451_2"
"pc_02310","2451.2","Драматург","cat_2451_2"
"pc_02311","2451.2","Журналіст","cat_2451_2"
"pc_02312","2451.2","Ведучий програми","cat_2451_2"
"pc_02313","2451.2","Редактор випусковий","cat_2451_2"
"pc_02314","2451.2","Коментатор","cat_2451_2"
"pc_02315","2451.2","Кореспондент","cat_2451_2"
"pc_02316","2451.2","Літературний співробітник","cat_2451_2"
"pc_02317","2451.2","Оглядач","cat_2451_2"
"pc_02318","2451.2","Редактор","cat_2451_2"
"pc_02319","2451.2","Редактор літературний","cat_2451_2"
"pc_02320","2451.2","Редактор науковий","cat_2451_2"
"pc_02321","2451.2","Редактор відповідальний","cat_2451_2"
"pc_02322","2451.2","Редактор технічний","cat_2451_2"
"pc_02323","2451.2","Редактор художній","cat_2451_2"
"pc_02324","2451.2","Член головної редакції","cat_2451_2"
"pc_02325","2451.2","Член колегії (редакційної)","cat_2451_2"
"pc_02326","2451.2","Письменник (інший автор)","cat_2451_2"
"pc_02327","2451.2","Редактор з рекламування фільмів","cat_2451_2"
"pc_02328","2452.1","Дизайнер-дослідник","cat_2452_1"
"pc_02329","2452.1","Мистецтвознавець (образотворче, декоративно-прикладне мистецтво)","cat_2452_1"
"pc_02330","2452.2","Керівник самодіяльного об'єднання прикладного та декоративного мистецтва","cat_2452_2"
"pc_02331","2452.2","Аналітик з модельної діяльності","cat_2452_2"
"pc_02332","2452.2","Дизайнер візажу","cat_2452_2"
"pc_02333","2452.2","Дизайнер графічних робіт","cat_2452_2"
"pc_02334","2452.2","Дизайнер зачісок","cat_2452_2"
"pc_02335","2452.2","Дизайнер інтер'єру","cat_2452_2"
"pc_02336","2452.2","Дизайнер меблів","cat_2452_2"
"pc_02337","2452.2","Дизайнер мультимедійних об'єктів","cat_2452_2"
"pc_02338","2452.2","Дизайнер одягу","cat_2452_2"
"pc_02339","2452.2","Дизайнер пакування","cat_2452_2"
"pc_02340","2452.2","Дизайнер промислових виробів та об'єктів","cat_2452_2"
"pc_02341","2452.2","Дизайнер тканини","cat_2452_2"
"pc_02342","2452.2","Експерт з модельної діяльності","cat_2452_2"
"pc_02343","2452.2","Асистент художника-мультиплікатора","cat_2452_2"
"pc_02344","2452.2","Асистент художника з комбінованих зйомок","cat_2452_2"
"pc_02345","2452.2","Асистент художника-постановника","cat_2452_2"
"pc_02346","2452.2","Модельєр","cat_2452_2"
"pc_02347","2452.2","Модельєр-конструктор","cat_2452_2"
"pc_02348","2452.2","Скульптор","cat_2452_2"
"pc_02349","2452.2","Художник","cat_2452_2"
"pc_02350","2452.2","Художник-окопротезист","cat_2452_2"
"pc_02351","2452.2","Художник-графік телебачення","cat_2452_2"
"pc_02352","2452.2","Художник-зарисовник (будинку моделей)","cat_2452_2"
"pc_02353","2452.2","Дизайнер (художник-конструктор)","cat_2452_2"
"pc_02354","2452.2","Художник лакової мініатюри","cat_2452_2"
"pc_02355","2452.2","Художник-модельєр","cat_2452_2"
"pc_02356","2452.2","Художник-мультиплікатор","cat_2452_2"
"pc_02357","2452.2","Художник народних художніх промислів","cat_2452_2"
"pc_02358","2452.2","Художник-оформлювач ігрових ляльок","cat_2452_2"
"pc_02359","2452.2","Художник з комбінованих зйомок","cat_2452_2"
"pc_02360","2452.2","Художник-реставратор","cat_2452_2"
"pc_02361","2452.2","Член колегії (художньо-експертної)","cat_2452_2"
"pc_02362","2452.2","Професіонал з перукарського мистецтва і декоративної косметики","cat_2452_2"
"pc_02363","2452.2","Стильмейкер","cat_2452_2"
"pc_02364","2453.1","Музикознавець","cat_2453_1"
"pc_02365","2453.2","Артист-тамбурмажор","cat_2453_2"
"pc_02366","2453.2","Артист ансамблю (пісні й танцю, вокально-інструментального, вокального, естрадно-інструментального, хорового, народних інструментів та ін.)","cat_2453_2"
"pc_02367","2453.2","Артист оркестру [музичного ансамблю (за видами), соліст-інструменталіст (за музичними інструментами)]","cat_2453_2"
"pc_02368","2453.2","Артист (хору, артиствокаліст, артист-соліст, соліст, соліст-бандурист, співак)","cat_2453_2"
"pc_02369","2453.2","Асистент (диригента, хормейстера, соліста-органіста)","cat_2453_2"
"pc_02370","2453.2","Керівник оркестру (ансамблю) духових інструментів","cat_2453_2"
"pc_02371","2453.2","Керівник хору (фольклорного ансамблю)","cat_2453_2"
"pc_02372","2453.2","Кобзар","cat_2453_2"
"pc_02373","2453.2","Концертмейстер (вокалу, хору, оркестру, оркестрової групи, ансамблю, балету, хореографічного колективу)","cat_2453_2"
"pc_02374","2453.2","Акомпаніатор","cat_2453_2"
"pc_02375","2453.2","Диригент","cat_2453_2"
"pc_02376","2453.2","Капельмейстер","cat_2453_2"
"pc_02377","2453.2","Музичний оформлювач","cat_2453_2"
"pc_02378","2453.2","Редактор музичний","cat_2453_2"
"pc_02379","2453.2","Репетитор з вокалу","cat_2453_2"
"pc_02380","2453.2","Хормейстер","cat_2453_2"
"pc_02381","2453.2","Член колегії (сценарної, художньо-експертної у галузі музикознавства)","cat_2453_2"
"pc_02382","2453.2","Керівник оркестру (ансамблю, фольклорного ансамблю) народних інструментів","cat_2453_2"
"pc_02383","2453.2","Аранжувальник","cat_2453_2"
"pc_02384","2453.2","Композитор","cat_2453_2"
"pc_02385","2454.1","Мистецтвознавець (хореографія)","cat_2454_1"
"pc_02386","2454.2","Артист (артист-соліст) [балету, хореографічного колективу, групи (за видами танцю)]","cat_2454_2"
"pc_02387","2454.2","Артист (танцювального ансамблю, танцювального та хорового колективу, ансамблю пісні й танцю та ін.)","cat_2454_2"
"pc_02388","2454.2","Аранжувальник балетний","cat_2454_2"
"pc_02389","2454.2","Балетмейстер (балетмейстер-постановник)","cat_2454_2"
"pc_02390","2454.2","Керівник танцювального колективу","cat_2454_2"
"pc_02391","2454.2","Асистент балетмейстера","cat_2454_2"
"pc_02392","2454.2","Репетитор з балету","cat_2454_2"
"pc_02393","2454.2","Хореограф","cat_2454_2"
"pc_02394","2454.2","Член колегії (сценарної, художньо-експертної у галузі хореографії)","cat_2454_2"
"pc_02395","2455.1","Мистецтвознавець (кіномистецтво)","cat_2455_1"
"pc_02396","2455.2","Артист театру міміки та жесту (мімічного ансамблю)","cat_2455_2"
"pc_02397","2455.2","Редактор фільмів","cat_2455_2"
"pc_02398","2455.2","Керівник колективу (театрального, самодіяльного та ін.)","cat_2455_2"
"pc_02399","2455.2","Режисер театралізованих заходів та свят","cat_2455_2"
"pc_02400","2455.2","Артист, що веде концерт","cat_2455_2"
"pc_02401","2455.2","Артист-конферансьє","cat_2455_2"
"pc_02402","2455.2","Артист розмовного жанру","cat_2455_2"
"pc_02403","2455.2","Асистент режисера","cat_2455_2"
"pc_02404","2455.2","Асистент режисера телебачення","cat_2455_2"
"pc_02405","2455.2","Асистент сценариста (супервайзер) (кіновиробництво)","cat_2455_2"
"pc_02406","2455.2","Асистент сценариста зі знімального процесу (скрипт-супервайзер)","cat_2455_2"
"pc_02407","2455.2","Звукорежисер","cat_2455_2"
"pc_02408","2455.2","Кінознавець","cat_2455_2"
"pc_02409","2455.2","Кінорежисер","cat_2455_2"
"pc_02410","2455.2","Кінорежисер анімаційних (мультиплікаційних) фільмів","cat_2455_2"
"pc_02411","2455.2","Режисер з монтажу","cat_2455_2"
"pc_02412","2455.2","Кінорежисер-постановник","cat_2455_2"
"pc_02413","2455.2","Методист культурно-освітнього закладу","cat_2455_2"
"pc_02414","2455.2","Режисер","cat_2455_2"
"pc_02415","2455.2","Режисер-постановник","cat_2455_2"
"pc_02416","2455.2","Режисер радіомовлення","cat_2455_2"
"pc_02417","2455.2","Режисер аудіовізуальних творів","cat_2455_2"
"pc_02418","2455.2","Репетитор з техніки мови","cat_2455_2"
"pc_02419","2455.2","Сценарист (кіновиробництво)","cat_2455_2"
"pc_02420","2455.2","Сценарист комп’ютерних ефектів та графіки (кіновиробництво)","cat_2455_2"
"pc_02421","2455.2","Музичний керівник","cat_2455_2"
"pc_02422","2455.2","Керівник художній","cat_2455_2"
"pc_02423","2455.2","Художник-постановник","cat_2455_2"
"pc_02424","2455.2","Читець","cat_2455_2"
"pc_02425","2455.2","Актор (артист) театру, кіно та ін.","cat_2455_2"
"pc_02426","2455.2","Каскадер","cat_2455_2"
"pc_02427","2455.2","Провідний кінооператор комбінованих зйомок","cat_2455_2"
"pc_02428","2455.2","Провідний кінооператор","cat_2455_2"
"pc_02429","2455.2","Провідний кінооператор-постановник","cat_2455_2"
"pc_02430","2455.2","Провідний монтажер","cat_2455_2"
"pc_02431","2455.2","Керівник (студії за видами мистецтва та художньої творчості, любительського об'єднання, клубу за інтересами та ін.)","cat_2455_2"
"pc_02432","2455.2","Провідний звукооператор","cat_2455_2"
"pc_02433","2460","Капелан (військовий капелан, капелан в охороні здоров’я, пенітенціарний капелан і т. ін.)","cat_2460"
"pc_02434","2460","Священнослужитель (священник, пастор, пресвітер, диякон, рабин, машгіах кашрут, моель, софер, імам, мулла і т. ін.)","cat_2460"
"pc_02435","2460","Місіонер","cat_2460"
"pc_02436","2471","Експерт з пробірного контролю","cat_2471"
"pc_02437","2481.1","Молодший науковий співробітник (туризмологія, екскурсознавство)","cat_2481_1"
"pc_02438","2481.1","Науковий співробітник (туризмологія, екскурсознавство)","cat_2481_1"
"pc_02439","2481.1","Науковий співробітник-консультант (туризмологія, екскурсознавство)","cat_2481_1"
"pc_02440","2481.2","Екскурсознавець","cat_2481_2"
"pc_02441","2481.2","Туризмознавець","cat_2481_2"
"pc_02442","2482.2","Фахівець із гостинності (готелі, туристичні комплекси та ін.)","cat_2482_2"
"pc_02443","2482.2","Фахівець із готельної справи","cat_2482_2"
"pc_02444","2482.2","Фахівець із ресторанної справи","cat_2482_2"
"pc_02445","2483.1","Молодший науковий співробітник (рекреалогія)","cat_2483_1"
"pc_02446","2483.1","Науковий співробітник (рекреалогія)","cat_2483_1"
"pc_02447","2483.1","Науковий співробітник-консультант (рекреалогія)","cat_2483_1"
"pc_02448","2483.2","Фахівець із санаторно-курортної справи","cat_2483_2"
"pc_02449","2490","Аналітик з оцінки ризиків, загроз та стану захищеності об’єктів критичної інфраструктури (за видами діяльності)","cat_2490"
"pc_02450","2490","Аналітик інформації з відкритих джерел","cat_2490"
"pc_02451","2490","Арбітр трудовий","cat_2490"
"pc_02452","2490","Аудитор (за видами діяльності)","cat_2490"
"pc_02453","2490","Аудитор із сертифікації","cat_2490"
"pc_02454","2490","Експерт (за видами діяльності)","cat_2490"
"pc_02455","2490","Експерт із захисту об’єктів критичної інфраструктури (за видами діяльності)","cat_2490"
"pc_02456","2490","Інспектор","cat_2490"
"pc_02457","2490","Поліграфолог","cat_2490"
"pc_02458","2490","Помічник арбітражного керуючого","cat_2490"
"pc_02459","2490","Радник","cat_2490"
"pc_02460","2490","Технолог (з дипломом магістра)","cat_2490"
"pc_02461","2490","Трансплант-координатор патолого-анатомічного бюро (бюро судово-медичної експертизи)","cat_2490"
"pc_02462","2490","Фахівець з діяльності професійних спілок","cat_2490"
"pc_02463","2490","Фахівець з протидії технічним розвідкам","cat_2490"
"pc_02464","2490","Фахівець з раннього втручання","cat_2490"
"pc_02465","2490","Фахівець із захисту та стійкості критичної інфраструктури","cat_2490"
"pc_02466","3111","Асистент астронома","cat_3111"
"pc_02467","3111","Асистент геолога","cat_3111"
"pc_02468","3111","Асистент геолога нафтогазорозвідки","cat_3111"
"pc_02469","3111","Асистент геофізика","cat_3111"
"pc_02470","3111","Асистент геохіміка","cat_3111"
"pc_02471","3111","Асистент гідрогеолога","cat_3111"
"pc_02472","3111","Асистент метеоролога","cat_3111"
"pc_02473","3111","Асистент професіонала з інформаційного забезпечення геологорозвідувальних робіт","cat_3111"
"pc_02474","3111","Асистент фізика","cat_3111"
"pc_02475","3111","Лаборант з безпеки та якості будівельної продукції","cat_3111"
"pc_02476","3111","Технік-технолог із зварювання","cat_3111"
"pc_02477","3111","Оператор біолокацій","cat_3111"
"pc_02478","3111","Технік-агрометеоролог","cat_3111"
"pc_02479","3111","Технік-аеролог","cat_3111"
"pc_02480","3111","Технік-гідролог","cat_3111"
"pc_02481","3111","Технік-метеоролог","cat_3111"
"pc_02482","3111","Технік-океанолог","cat_3111"
"pc_02483","3111","Лаборант (хімічні та фізичні дослідження)","cat_3111"
"pc_02484","3111","Технік-геолог","cat_3111"
"pc_02485","3111","Технік-геофізик","cat_3111"
"pc_02486","3111","Технік-гідрогеолог","cat_3111"
"pc_02487","3111","Технік-дозиметрист","cat_3111"
"pc_02488","3111","Технік-лаборант (хімічні та фізичні дослідження)","cat_3111"
"pc_02489","3111","Технік-технолог","cat_3111"
"pc_02490","3111","Фахівець з медичної фізики","cat_3111"
"pc_02491","3111","Фахівець з управління енергозбереженням в будівлях","cat_3111"
"pc_02492","3111","Фахівець із нетрадиційних видів енергії","cat_3111"
"pc_02493","3112","Доглядач будови","cat_3112"
"pc_02494","3112","Технік-гідротехнік","cat_3112"
"pc_02495","3112","Технік-лаборант (будівництво)","cat_3112"
"pc_02496","3112","Технік-проектувальник","cat_3112"
"pc_02497","3112","Технік-доглядач","cat_3112"
"pc_02498","3112","Кошторисник","cat_3112"
"pc_02499","3112","Технік з архітектурного проектування","cat_3112"
"pc_02500","3112","Технік санітарно-технічних систем","cat_3112"
"pc_02501","3112","Технік-будівельник (дорожнє будівництво)","cat_3112"
"pc_02502","3112","Технік-будівельник","cat_3112"
"pc_02503","3112","Технік-дизайнер (будівництво)","cat_3112"
"pc_02504","3112","Технік-теплотехнік (будівництво)","cat_3112"
"pc_02505","3112","Технік-технолог (виробництво будівельних виробів і конструкцій)","cat_3112"
"pc_02506","3113","Фахівець з експлуатації електричних станцій, енергетичних установок та мереж","cat_3113"
"pc_02507","3113","Електромеханік лінійних споруд електрозв'язку та абонентських пристроїв","cat_3113"
"pc_02508","3113","Електромеханік електрозв'язку","cat_3113"
"pc_02509","3113","Електромеханік судновий","cat_3113"
"pc_02510","3113","Диспетчер-інформатор","cat_3113"
"pc_02511","3113","Електромеханік засобів радіо та телебачення","cat_3113"
"pc_02512","3113","Диспетчер перетворювального комплексу","cat_3113"
"pc_02513","3113","Диспетчер районного (місцевого) диспетчерського пункту","cat_3113"
"pc_02514","3113","Диспетчер електромеханічної служби","cat_3113"
"pc_02515","3113","Диспетчер електропідстанції","cat_3113"
"pc_02516","3113","Диспетчер ескалаторної служби","cat_3113"
"pc_02517","3113","Технік-конструктор (електротехніка)","cat_3113"
"pc_02518","3113","Технік-технолог (електротехніка)","cat_3113"
"pc_02519","3113","Технік-енергетик","cat_3113"
"pc_02520","3113","Електрик дільниці","cat_3113"
"pc_02521","3113","Електрик цеху","cat_3113"
"pc_02522","3113","Електродиспетчер","cat_3113"
"pc_02523","3113","Електромеханік","cat_3113"
"pc_02524","3113","Електромеханік груповий перевантажувальних машин","cat_3113"
"pc_02525","3113","Електромеханік-наставник","cat_3113"
"pc_02526","3113","Електромеханік підземної дільниці","cat_3113"
"pc_02527","3113","Електромеханік підводного апарата","cat_3113"
"pc_02528","3113","Електромеханік загальносуднового електроустаткування","cat_3113"
"pc_02529","3113","Електромеханік з підіймальних установок","cat_3113"
"pc_02530","3113","Електромеханік радіонавігаційної системи","cat_3113"
"pc_02531","3113","Електромеханік дільниці","cat_3113"
"pc_02532","3113","Енергетик","cat_3113"
"pc_02533","3113","Енергетик гідровузла (шлюзу)","cat_3113"
"pc_02534","3113","Енергетик підземної дільниці","cat_3113"
"pc_02535","3113","Енергетик виробництва","cat_3113"
"pc_02536","3113","Енергетик дільниці","cat_3113"
"pc_02537","3113","Енергетик цеху","cat_3113"
"pc_02538","3113","Енергодиспетчер","cat_3113"
"pc_02539","3113","Енергодиспетчер шляховий","cat_3113"
"pc_02540","3113","Технік з експлуатації біоенергетичних установок","cat_3113"
"pc_02541","3113","Технік з експлуатації вітроенергетичних установок","cat_3113"
"pc_02542","3113","Технік з експлуатації гідроенергетичних установок","cat_3113"
"pc_02543","3113","Технік з експлуатації сонячних енергетичних установок","cat_3113"
"pc_02544","3113","Технік-електрик","cat_3113"
"pc_02545","3113","Фахівець з енергетичного менеджменту","cat_3113"
"pc_02546","3114","Фахівець електронних комунікацій","cat_3114"
"pc_02547","3114","Диспетчер електрозв'язку","cat_3114"
"pc_02548","3114","Диспетчер поштового зв'язку","cat_3114"
"pc_02549","3114","Технік електрозв'язку","cat_3114"
"pc_02550","3114","Технік поштового зв'язку","cat_3114"
"pc_02551","3114","Технік обчислювального (інформаційно-обчислювального) центру","cat_3114"
"pc_02552","3114","Технік-конструктор (електроніка)","cat_3114"
"pc_02553","3114","Технік з радіолокації","cat_3114"
"pc_02554","3114","Технік з сигналізації","cat_3114"
"pc_02555","3114","Технік-технолог (електроніка)","cat_3114"
"pc_02556","3114","Технік із конфігурованої комп'ютерної системи","cat_3114"
"pc_02557","3114","Технік із структурованої кабельної системи","cat_3114"
"pc_02558","3114","Фахівець з питань обслуговування мережі","cat_3114"
"pc_02559","3114","Фахівець з планування мереж радіодоступу","cat_3114"
"pc_02560","3114","Фахівець з технічної підтримки електронних комунікацій","cat_3114"
"pc_02561","3115","Авіаційний технік з приладів та електроустаткування","cat_3115"
"pc_02562","3115","Авіаційний технік з радіоустаткування","cat_3115"
"pc_02563","3115","Технік-мехатронік","cat_3115"
"pc_02564","3115","Авіаційний технік з планера та двигунів","cat_3115"
"pc_02565","3115","Диспетчер центру комутації повідомлень","cat_3115"
"pc_02566","3115","Механік з технічних видів спорту","cat_3115"
"pc_02567","3115","Водолазний фахівець підводного апарата","cat_3115"
"pc_02568","3115","Механік","cat_3115"
"pc_02569","3115","Механік автомобільної колони (гаража)","cat_3115"
"pc_02570","3115","Механік бурильної установки","cat_3115"
"pc_02571","3115","Механік бурильно-гідрографічної машини","cat_3115"
"pc_02572","3115","Механік вагона-транспортера","cat_3115"
"pc_02573","3115","Механік всюдихода","cat_3115"
"pc_02574","3115","Механік гідровузла (шлюзу)","cat_3115"
"pc_02575","3115","Механік вантажного району (дільниці)","cat_3115"
"pc_02576","3115","Механік груповий","cat_3115"
"pc_02577","3115","Механік груповий перевантажувальних машин (навантажувально-розвантажувальних механізмів)","cat_3115"
"pc_02578","3115","Механік групи загону","cat_3115"
"pc_02579","3115","Механік дизельної та холодильної установок","cat_3115"
"pc_02580","3115","Механік дренажної шахти (дільниці)","cat_3115"
"pc_02581","3115","Механік ізотермічних вагонів для перевезення живої риби","cat_3115"
"pc_02582","3115","Механік льодозаводу","cat_3115"
"pc_02583","3115","Механік-налагоджувальник","cat_3115"
"pc_02584","3115","Механік перевантажувальних машин","cat_3115"
"pc_02585","3115","Механік з бурових, гірничих робіт","cat_3115"
"pc_02586","3115","Механік підземної дільниці","cat_3115"
"pc_02587","3115","Механік з кранового господарства","cat_3115"
"pc_02588","3115","Механік з підіймальних установок","cat_3115"
"pc_02589","3115","Механік з ремонту устаткування","cat_3115"
"pc_02590","3115","Механік з ремонту транспорту","cat_3115"
"pc_02591","3115","Механік виробництва","cat_3115"
"pc_02592","3115","Механік радіонавігаційної системи","cat_3115"
"pc_02593","3115","Механік рефрижераторного поїзда (секції)","cat_3115"
"pc_02594","3115","Механік рефрижераторних установок","cat_3115"
"pc_02595","3115","Механік дільниці","cat_3115"
"pc_02596","3115","Механік навчального полігону","cat_3115"
"pc_02597","3115","Механік цеху","cat_3115"
"pc_02598","3115","Старший механік підводного апарата","cat_3115"
"pc_02599","3115","Теплотехнік","cat_3115"
"pc_02600","3115","Технік (механік) авіаційний з експлуатації авіаційного устаткування об'єктивного контролю","cat_3115"
"pc_02601","3115","Технік (механік) авіаційний з експлуатації повітряних суден (систем повітряних суден)","cat_3115"
"pc_02602","3115","Технік-конструктор (механіка)","cat_3115"
"pc_02603","3115","Технік з автоматизації виробничих процесів","cat_3115"
"pc_02604","3115","Технік з інструменту","cat_3115"
"pc_02605","3115","Технік з механізації трудомістких процесів","cat_3115"
"pc_02606","3115","Технік з експлуатації та ремонту устаткування","cat_3115"
"pc_02607","3115","Технік з експлуатації мереж і споруд водопровідно-каналізаційного господарства","cat_3115"
"pc_02608","3115","Технік-технолог (механіка)","cat_3115"
"pc_02609","3115","Технік автоматизованих систем траєкторних вимірів","cat_3115"
"pc_02610","3115","Технік з автоматизованих систем льотного контролю","cat_3115"
"pc_02611","3115","Технік з об'єктивного контролю","cat_3115"
"pc_02612","3115","Технік з обслуговування інженерно-технічних засобів охорони (пенітенціарна система)","cat_3115"
"pc_02613","3115","Технік маяка","cat_3115"
"pc_02614","3115","Технік-механік із меліорації сільськогосподарського виробництва","cat_3115"
"pc_02615","3115","Технік-механік сільськогосподарського (лісогосподарського) виробництва","cat_3115"
"pc_02616","3115","Фахівець з виготовлення штучного льоду","cat_3115"
"pc_02617","3116","Технік-лаборант (хімічне виробництво)","cat_3116"
"pc_02618","3116","Технік з електрохімічного захисту","cat_3116"
"pc_02619","3116","Технік (хімічні технології)","cat_3116"
"pc_02620","3117","Диспетчер внутрішньошахтового (шахтового) транспорту","cat_3117"
"pc_02621","3117","Диспетчер гірничий","cat_3117"
"pc_02622","3117","Спектроскопіст","cat_3117"
"pc_02623","3117","Технік з буріння","cat_3117"
"pc_02624","3117","Технік з видобутку нафти й газу","cat_3117"
"pc_02625","3117","Технік з підготовки та транспортування нафти та газу","cat_3117"
"pc_02626","3117","Технік з експлуатації нафтопроводів","cat_3117"
"pc_02627","3117","Технік з експлуатації устаткування газових об'єктів","cat_3117"
"pc_02628","3117","Технік-електромеханік гірничий","cat_3117"
"pc_02629","3117","Технік-лаборант (видобувна промисловість, металургія)","cat_3117"
"pc_02630","3117","Технік-маркшейдер","cat_3117"
"pc_02631","3117","Технік-технолог (виробництво кольорових металів та сплавів)","cat_3117"
"pc_02632","3117","Технік-технолог (виробництво сталі та феросплавів)","cat_3117"
"pc_02633","3117","Технік-технолог (виробництво чавуну)","cat_3117"
"pc_02634","3117","Технік-технолог (лиття металів)","cat_3117"
"pc_02635","3117","Технік-технолог (обробка металів тиском)","cat_3117"
"pc_02636","3117","Технік-технолог гірничий","cat_3117"
"pc_02637","3117","Фахівець з піротехнічних, саперних та підривних робіт","cat_3117"
"pc_02638","3117","Фахівець з розмінування","cat_3117"
"pc_02639","3118","Копіювальник технічної документації","cat_3118"
"pc_02640","3118","Технік-картограф","cat_3118"
"pc_02641","3118","Технік-конструктор","cat_3118"
"pc_02642","3118","Кресляр","cat_3118"
"pc_02643","3118","Кресляр-конструктор","cat_3118"
"pc_02644","3118","Коректор морських карт і посібників для плавання","cat_3118"
"pc_02645","3118","Технік-гідрограф","cat_3118"
"pc_02646","3118","Технік-топограф кадастровий","cat_3118"
"pc_02647","3118","Технік-топограф","cat_3118"
"pc_02648","3119","Диспетчер зі збору навігаційної інформації","cat_3119"
"pc_02649","3119","Диспетчер газового господарства","cat_3119"
"pc_02650","3119","Диспетчер","cat_3119"
"pc_02651","3119","Диспетчер автомобільного транспорту","cat_3119"
"pc_02652","3119","Диспетчер вагонного депо","cat_3119"
"pc_02653","3119","Диспетчер локомотивного депо","cat_3119"
"pc_02654","3119","Диспетчер локомотивний (на залізничному транспорті)","cat_3119"
"pc_02655","3119","Диспетчер маневровий залізничної станції","cat_3119"
"pc_02656","3119","Диспетчер Оперативно-рятувальної служби цивільного захисту","cat_3119"
"pc_02657","3119","Диспетчер з міжнародних перевезень","cat_3119"
"pc_02658","3119","Диспетчер порту","cat_3119"
"pc_02659","3119","Диспетчер підприємства (району) мереж","cat_3119"
"pc_02660","3119","Диспетчер виробництва","cat_3119"
"pc_02661","3119","Диспетчер служби перевезень","cat_3119"
"pc_02662","3119","Диспетчер станційний","cat_3119"
"pc_02663","3119","Інспектор з військово-технічних видів спорту","cat_3119"
"pc_02664","3119","Інструктор з організації служби загону","cat_3119"
"pc_02665","3119","Інструктор з експлуатаційних, виробничо-технічних та організаційних питань","cat_3119"
"pc_02666","3119","Класифікатор текстильної сировини","cat_3119"
"pc_02667","3119","Конфекціонер","cat_3119"
"pc_02668","3119","Круп'яр","cat_3119"
"pc_02669","3119","Лаборант (галузі техніки)","cat_3119"
"pc_02670","3119","Оператор Служби 112","cat_3119"
"pc_02671","3119","Питлівник","cat_3119"
"pc_02672","3119","Пробірувальник","cat_3119"
"pc_02673","3119","Стажист-дослідник","cat_3119"
"pc_02674","3119","Технік","cat_3119"
"pc_02675","3119","Технік-геодезист","cat_3119"
"pc_02676","3119","Технік з аеронавігаційної інформації","cat_3119"
"pc_02677","3119","Технік з метрології","cat_3119"
"pc_02678","3119","Технік з налагоджування та випробувань","cat_3119"
"pc_02679","3119","Технік з нормування праці","cat_3119"
"pc_02680","3119","Технік з планування","cat_3119"
"pc_02681","3119","Технік з підготовки виробництва","cat_3119"
"pc_02682","3119","Технік із стандартизації","cat_3119"
"pc_02683","3119","Технік з праці","cat_3119"
"pc_02684","3119","Технік з обліку","cat_3119"
"pc_02685","3119","Технік з експлуатації та ремонту спортивної техніки","cat_3119"
"pc_02686","3119","Технік-теплотехнік","cat_3119"
"pc_02687","3119","Технік тренажера","cat_3119"
"pc_02688","3119","Технолог","cat_3119"
"pc_02689","3119","Технік-дефектоскопіст","cat_3119"
"pc_02690","3119","Технік-протезист-ортезист","cat_3119"
"pc_02691","3119","Технолог ортопедичний","cat_3119"
"pc_02692","3119","Технік з підготовки технічної документації","cat_3119"
"pc_02693","3119","Технік (сфера захисту інформації)","cat_3119"
"pc_02694","3119","Технік з аварійно-рятувальних робіт","cat_3119"
"pc_02695","3119","Технік з промислового рибальства","cat_3119"
"pc_02696","3119","Технік з фізичного захисту (сфера використання ядерної енергії)","cat_3119"
"pc_02697","3119","Технік-технолог (текстильна та легка промисловість)","cat_3119"
"pc_02698","3119","Технік-технолог з виробництва меблів","cat_3119"
"pc_02699","3119","Фабрикатор","cat_3119"
"pc_02700","3119","Фахівець з видавничо-поліграфічного виробництва","cat_3119"
"pc_02701","3119","Фахівець з технічної експертизи","cat_3119"
"pc_02702","3119","Фрахтівник","cat_3119"
"pc_02703","3119","Хронометражист","cat_3119"
"pc_02704","3119","Хронометражист на підземних роботах","cat_3119"
"pc_02705","3119","Черговий локомотивного депо (основного, зворотного)","cat_3119"
"pc_02706","3119","Черговий оперативний (загону, центрального командно-диспетчерського пункту, оперативно-рятувальної служби цивільного захисту та ін.)","cat_3119"
"pc_02707","3119","Черговий по депо рухомого складу","cat_3119"
"pc_02708","3119","Черговий по залізничній станції","cat_3119"
"pc_02709","3119","Черговий по станції метрополітену","cat_3119"
"pc_02710","3119","Черговий по електродепо","cat_3119"
"pc_02711","3121","Адміністратор вебсайту","cat_3121"
"pc_02712","3121","Технік-програміст","cat_3121"
"pc_02713","3121","Технік із системного адміністрування","cat_3121"
"pc_02714","3121","Фахівець з інформаційних технологій","cat_3121"
"pc_02715","3121","Фахівець з комп'ютерної графіки (дизайну)","cat_3121"
"pc_02716","3121","Фахівець з розроблення комп’ютерних програм та програмного забезпечення","cat_3121"
"pc_02717","3131","Аерофотогеодезист","cat_3131"
"pc_02718","3131","Асистент звукооформлювача","cat_3131"
"pc_02719","3131","Асистент звукорежисера","cat_3131"
"pc_02720","3131","Асистент кінооператора","cat_3131"
"pc_02721","3131","Асистент кінорежисера","cat_3131"
"pc_02722","3131","Асистент кінорежисера анімаційних (мультиплікаційних) фільмів","cat_3131"
"pc_02723","3131","Відеограф","cat_3131"
"pc_02724","3131","Звукооформлювач","cat_3131"
"pc_02725","3131","Кінооператор","cat_3131"
"pc_02726","3131","Кінооператор (фотооператор) бортовий","cat_3131"
"pc_02727","3131","Кінооператор комбінованих зйомок","cat_3131"
"pc_02728","3131","Кінооператор-постановник","cat_3131"
"pc_02729","3131","Монтажер","cat_3131"
"pc_02730","3131","Оператор відеозапису","cat_3131"
"pc_02731","3131","Оператор звукозапису","cat_3131"
"pc_02732","3131","Оператор-кінокореспондент","cat_3131"
"pc_02733","3131","Оператор комплексу стенографування та текстооброблення","cat_3131"
"pc_02734","3131","Оператор обробки та титрування телепередач","cat_3131"
"pc_02735","3131","Технік-аерофотограметрист","cat_3131"
"pc_02736","3131","Фотокореспондент","cat_3131"
"pc_02737","3131","Фотокореспондент спеціальний","cat_3131"
"pc_02738","3131","Фототехнік","cat_3131"
"pc_02739","3131","Фотохудожник","cat_3131"
"pc_02740","3132","Оператор радіочастотного контролю","cat_3132"
"pc_02741","3132","Бортрадист","cat_3132"
"pc_02742","3132","Радіотелеграфіст","cat_3132"
"pc_02743","3132","Радист-радіолокаторник","cat_3132"
"pc_02744","3132","Асистент звукооператора","cat_3132"
"pc_02745","3132","Асистент телеоператора","cat_3132"
"pc_02746","3132","Звукооператор","cat_3132"
"pc_02747","3132","Телеоператор","cat_3132"
"pc_02748","3132","Технік із звукозапису","cat_3132"
"pc_02749","3132","Радіоелектронік","cat_3132"
"pc_02750","3132","Фахівець із електронно-комунікаційної інженерії","cat_3132"
"pc_02751","3133","Оператор медичного устаткування","cat_3133"
"pc_02752","3139","Технік-оператор електронного устаткування","cat_3139"
"pc_02753","3139","Технік-оператор оптичного устаткування","cat_3139"
"pc_02754","3139","Технік з діагностичного устаткування","cat_3139"
"pc_02755","3139","Технік-оптик","cat_3139"
"pc_02756","3139","Технік-технолог з виробництва оптичних і оптико-електронних приладів","cat_3139"
"pc_02757","3141","Другий помічник командира земснаряда (землесоса, дноочищувального снаряда)","cat_3141"
"pc_02758","3141","Водолазний фахівець","cat_3141"
"pc_02759","3141","Гідроакустик","cat_3141"
"pc_02760","3141","Кранмейстер","cat_3141"
"pc_02761","3141","Механік груповий флоту (з флоту)","cat_3141"
"pc_02762","3141","Механік портового флоту","cat_3141"
"pc_02763","3141","Механік із суднових систем","cat_3141"
"pc_02764","3141","Спостерігач судновий","cat_3141"
"pc_02765","3141","Старший механік-капітан","cat_3141"
"pc_02766","3141","Технік з радіонавігації","cat_3141"
"pc_02767","3141","Уповноважений з приймання суден від суднобудівних заводів","cat_3141"
"pc_02768","3141","Електромеханік груповий флоту (з флоту)","cat_3141"
"pc_02769","3141","Електромеханік лінійний флоту (з флоту)","cat_3141"
"pc_02770","3141","Механік (судновий)","cat_3141"
"pc_02771","3141","Механік рефрижераторних установок (судновий)","cat_3141"
"pc_02772","3141","Інспектор несамохідного флоту","cat_3141"
"pc_02773","3141","Механік (електромеханік) (судновий) - шкіпер","cat_3141"
"pc_02774","3141","Механік (судновий) - помічник капітана","cat_3141"
"pc_02775","3141","Механік (судновий) - помічник командира","cat_3141"
"pc_02776","3141","Механік з автоматики","cat_3141"
"pc_02777","3141","Механік крана плавучого","cat_3141"
"pc_02778","3141","Технік-механік з ремонту технологічного устаткування","cat_3141"
"pc_02779","3141","Третій помічник командира земснаряда (землесоса, дноочищувального снаряда)","cat_3141"
"pc_02780","3142","Другий помічник капітана (на суднах внутрішнього плавання)","cat_3142"
"pc_02781","3142","Шкіпер","cat_3142"
"pc_02782","3142","Багермейстер","cat_3142"
"pc_02783","3142","Багермейстер-капітан","cat_3142"
"pc_02784","3142","Багермейстер-наставник","cat_3142"
"pc_02785","3142","Капітан груповий","cat_3142"
"pc_02786","3142","Капітан-кранмейстер","cat_3142"
"pc_02787","3142","Капітан-наставник","cat_3142"
"pc_02788","3142","Капітан підводного апарата","cat_3142"
"pc_02789","3142","Капітан портового пункту","cat_3142"
"pc_02790","3142","Капітан порту (річкового)","cat_3142"
"pc_02791","3142","Капітан рейду","cat_3142"
"pc_02792","3142","Капітан здавальний","cat_3142"
"pc_02793","3142","Капітан флоту","cat_3142"
"pc_02794","3142","Лоцман","cat_3142"
"pc_02795","3142","Стивідор","cat_3142"
"pc_02796","3142","Стивідор у найважливіших морських портах","cat_3142"
"pc_02797","3142","Шкіпер рейду","cat_3142"
"pc_02798","3142","Штурман","cat_3142"
"pc_02799","3142","Лоцман-оператор","cat_3142"
"pc_02800","3142","Капітан-координатор","cat_3142"
"pc_02801","3142","Помічник капітана - помічник механіка (суднового)","cat_3142"
"pc_02802","3142","Третій помічник капітана (на суднах внутрішнього плавання)","cat_3142"
"pc_02803","3143","Бортоператор","cat_3143"
"pc_02804","3143","Бортовий оператор-інструктор автоматизованої системи льотного контролю","cat_3143"
"pc_02805","3143","Диспетчер пункту збору донесень","cat_3143"
"pc_02806","3143","Диспетчер пункту передпольотного інформаційного обслуговування","cat_3143"
"pc_02807","3143","Диспетчер-інструктор диспетчерського тренажера","cat_3143"
"pc_02808","3143","Бортмеханік","cat_3143"
"pc_02809","3143","Бортоператор вантажних літаків","cat_3143"
"pc_02810","3143","Бортштурман","cat_3143"
"pc_02811","3143","Командир повітряного судна (літака, вертольота)","cat_3143"
"pc_02812","3143","Льотчик-спостерігач","cat_3143"
"pc_02813","3143","Пілот (другий пілот)","cat_3143"
"pc_02814","3143","Інженер бортовий авіаційної ескадрильї","cat_3143"
"pc_02815","3143","Інженер бортовий","cat_3143"
"pc_02816","3143","Інженер-інспектор бортовий","cat_3143"
"pc_02817","3143","Інженер (механік)-випробувач бортовий","cat_3143"
"pc_02818","3143","Інженер-інструктор бортовий","cat_3143"
"pc_02819","3143","Інспектор-пілот","cat_3143"
"pc_02820","3143","Командир авіаційної ланки","cat_3143"
"pc_02821","3143","Командир повітряного судна (пілот, льотчик)-інструктор","cat_3143"
"pc_02822","3143","Льотчик-випробувач","cat_3143"
"pc_02823","3143","Наставник-пілот авіаційного (льотного) загону","cat_3143"
"pc_02824","3143","Оператор-випробувач бортовий","cat_3143"
"pc_02825","3143","Радист-випробувач бортовий","cat_3143"
"pc_02826","3143","Старший бортовий інженер авіаційного загону","cat_3143"
"pc_02827","3143","Старший бортовий механік авіаційного загону","cat_3143"
"pc_02828","3143","Старший бортовий оператор авіаційного загону","cat_3143"
"pc_02829","3143","Старший бортовий радист авіаційного загону","cat_3143"
"pc_02830","3143","Штурман авіаційної ланки","cat_3143"
"pc_02831","3143","Штурман авіаційного загону","cat_3143"
"pc_02832","3143","Штурман авіаційної ескадрильї","cat_3143"
"pc_02833","3143","Штурман-інспектор","cat_3143"
"pc_02834","3143","Штурман-випробувач","cat_3143"
"pc_02835","3143","Електрик-випробувач бортовий","cat_3143"
"pc_02836","3144","Дистанційний командир безпілотного повітряного судна","cat_3144"
"pc_02837","3144","Дистанційний пілот безпілотного повітряного судна","cat_3144"
"pc_02838","3144","Дистанційний пілот-випробувач безпілотного повітряного судна","cat_3144"
"pc_02839","3144","Дистанційний пілот-інструктор безпілотного повітряного судна","cat_3144"
"pc_02840","3144","Диспетчер із забезпечення польотів","cat_3144"
"pc_02841","3144","Диспетчер управління повітряним рухом","cat_3144"
"pc_02842","3144","Диспетчер-інструктор","cat_3144"
"pc_02843","3144","Диспетчер-інспектор","cat_3144"
"pc_02844","3144","Диспетчер аеродромного диспетчерського (авіаційно-диспетчерського) пункту","cat_3144"
"pc_02845","3144","Диспетчер диспетчерського пункту посадки (кола, підходу)","cat_3144"
"pc_02846","3144","Диспетчер-інспектор з руху (літаків)","cat_3144"
"pc_02847","3144","Диспетчер з руху (літаків)","cat_3144"
"pc_02848","3144","Диспетчер з перельотів","cat_3144"
"pc_02849","3144","Диспетчер з центрування","cat_3144"
"pc_02850","3144","Диспетчер стартового диспетчерського пункту","cat_3144"
"pc_02851","3144","Диспетчер центру керування повітряним рухом","cat_3144"
"pc_02852","3144","Оператор наземних засобів керування безпілотним літальним апаратом","cat_3144"
"pc_02853","3144","Старший штурман авіаційного училища","cat_3144"
"pc_02854","3144","Старший штурман авіаційної ескадрильї, об'єднаної з аеропортом","cat_3144"
"pc_02855","3144","Старший штурман об'єднаного авіаційного загону","cat_3144"
"pc_02856","3144","Старший штурман навчального авіаційного центру","cat_3144"
"pc_02857","3144","Штурман авіаційно-технічного спортивного клубу","cat_3144"
"pc_02858","3144","Штурман аероклубу","cat_3144"
"pc_02859","3144","Штурман аеропорту (бюро, групи, служби)","cat_3144"
"pc_02860","3144","Штурман черговий аеропорту (бюро, групи, служби)","cat_3144"
"pc_02861","3144","Штурман дельтапланерного клубу","cat_3144"
"pc_02862","3144","Штурман центрального командно-диспетчерського пункту","cat_3144"
"pc_02863","3144","Штурман наведення","cat_3144"
"pc_02864","3144","Штурман-оператор","cat_3144"
"pc_02865","3144","Штурман-оператор авіаційної космічної та радіолокаційної далекої навігації","cat_3144"
"pc_02866","3145","Черговий на стоянці, в ангарі","cat_3145"
"pc_02867","3145","Інженер-інспектор з контролю за використанням палива","cat_3145"
"pc_02868","3145","Технік аеродромної служби","cat_3145"
"pc_02869","3145","Технік-інспектор з контролю за використанням палива","cat_3145"
"pc_02870","3145","Технік із світлотехнічного та електротехнічного забезпечення польотів","cat_3145"
"pc_02871","3151","Інспектор з контролю за технічним утриманням будинків","cat_3151"
"pc_02872","3151","Інструктор з протипожежної профілактики","cat_3151"
"pc_02873","3152","Старший інспектор з експлуатації атомних станцій","cat_3152"
"pc_02874","3152","Інспектор з охорони праці","cat_3152"
"pc_02875","3152","Диспетчер-інспектор","cat_3152"
"pc_02876","3152","Диспетчер поїзний","cat_3152"
"pc_02877","3152","Інженер-інспектор","cat_3152"
"pc_02878","3152","Інженер-інспектор з безпеки польотів бортовий","cat_3152"
"pc_02879","3152","Інженер з безпеки руху","cat_3152"
"pc_02880","3152","Інженер з приймання ремонтного фонду та видавання готової продукції","cat_3152"
"pc_02881","3152","Інженер з приймання електропересувного складу","cat_3152"
"pc_02882","3152","Інженер з технічного нагляду","cat_3152"
"pc_02883","3152","Інспектор у вибухонебезпечних виробництвах","cat_3152"
"pc_02884","3152","Інспектор газотехнічний","cat_3152"
"pc_02885","3152","Інспектор гідротехнічний","cat_3152"
"pc_02886","3152","Інспектор гірничотехнічний","cat_3152"
"pc_02887","3152","Інспектор дипломно-паспортного бюро (відділу)","cat_3152"
"pc_02888","3152","Інспектор шляховий","cat_3152"
"pc_02889","3152","Інспектор-капітан","cat_3152"
"pc_02890","3152","Інспектор котлонагляду (з котлонагляду)","cat_3152"
"pc_02891","3152","Інспектор морський","cat_3152"
"pc_02892","3152","Інспектор-пілот з безпеки польотів","cat_3152"
"pc_02893","3152","Інспектор з безпеки мореплавання","cat_3152"
"pc_02894","3152","Інспектор підіймальних споруд","cat_3152"
"pc_02895","3152","Інспектор з якості хлібопродуктів, плодоовочевих, технічних культур і продукції тваринництва","cat_3152"
"pc_02896","3152","Інспектор з контролю якості та використання лісоматеріалів","cat_3152"
"pc_02897","3152","Інспектор з контролю якості продукції","cat_3152"
"pc_02898","3152","Інспектор з маломірних суден (маломірного флоту)","cat_3152"
"pc_02899","3152","Інспектор з розслідування аварій суден","cat_3152"
"pc_02900","3152","Інспектор портового нагляду","cat_3152"
"pc_02901","3152","Інспектор з експлуатаційних, виробничо-технічних та організаційних питань","cat_3152"
"pc_02902","3152","Інспектор-приймальник заводський","cat_3152"
"pc_02903","3152","Інспектор технічний","cat_3152"
"pc_02904","3152","Інспектор електрозв'язку","cat_3152"
"pc_02905","3152","Капітан портового нагляду","cat_3152"
"pc_02906","3152","Ревізор автомобільного транспорту","cat_3152"
"pc_02907","3152","Ревізор вагового господарства","cat_3152"
"pc_02908","3152","Ревізор з безпеки руху","cat_3152"
"pc_02909","3152","Ревізор з рухомого складу, колії та споруд","cat_3152"
"pc_02910","3152","Ревізор з виробничо-технічних і економічних питань","cat_3152"
"pc_02911","3152","Ревізор із збереження вагонного парку","cat_3152"
"pc_02912","3152","Ревізор з холодильного господарства","cat_3152"
"pc_02913","3152","Старший інспектор льотно-виробничої служби центральної бази","cat_3152"
"pc_02914","3152","Старший інспектор з гідроспоруд","cat_3152"
"pc_02915","3152","Старший інспектор з експлуатації електростанцій та підприємств мереж","cat_3152"
"pc_02916","3152","Технік-інспектор","cat_3152"
"pc_02917","3152","Інспектор з реєстрації суден","cat_3152"
"pc_02918","3152","Корабельний інженер порту","cat_3152"
"pc_02919","3152","Сюрвейєр вантажний","cat_3152"
"pc_02920","3152","Фахівець (офіцер) охорони компанії (портових засобів)","cat_3152"
"pc_02921","3211","Асистент біохіміка","cat_3211"
"pc_02922","3211","Асистент біолога","cat_3211"
"pc_02923","3211","Асистент хіміка","cat_3211"
"pc_02924","3211","Лаборант (біологічні дослідження)","cat_3211"
"pc_02925","3211","Технік-лаборант (біологічні дослідження)","cat_3211"
"pc_02926","3211","Фотодактилоскопіст","cat_3211"
"pc_02927","3211","Таксидерміст","cat_3211"
"pc_02928","3211","Технік-еколог","cat_3211"
"pc_02929","3211","Технік-лаборант","cat_3211"
"pc_02930","3211","Фахівець з біотехнології","cat_3211"
"pc_02931","3212","Технік-гідролісомеліоратор","cat_3212"
"pc_02932","3212","Технолог з ідентифікації і реєстрації тварин","cat_3212"
"pc_02933","3212","Агротехнік","cat_3212"
"pc_02934","3212","Асистент дресирувальника морських тварин","cat_3212"
"pc_02935","3212","Агроном відділення (бригади, сільськогосподарської дільниці, ферми, цеху)","cat_3212"
"pc_02936","3212","Інспектор з охорони природи","cat_3212"
"pc_02937","3212","Технік-лісопатолог","cat_3212"
"pc_02938","3212","Технік-таксатор","cat_3212"
"pc_02939","3212","Інспектор з використання водних ресурсів","cat_3212"
"pc_02940","3212","Інспектор із захисту рослин","cat_3212"
"pc_02941","3212","Інспектор фітосанітарний","cat_3212"
"pc_02942","3212","Лаборант (ветеринарна медицина)","cat_3212"
"pc_02943","3212","Технік (природознавчі науки)","cat_3212"
"pc_02944","3212","Технік ветеринарної медицини","cat_3212"
"pc_02945","3212","Технік з виробництва продукції аквакультури","cat_3212"
"pc_02946","3212","Технік із лісозаготівель","cat_3212"
"pc_02947","3212","Технік лісового господарства","cat_3212"
"pc_02948","3212","Технік мисливського господарства","cat_3212"
"pc_02949","3212","Технік-агрохімік","cat_3212"
"pc_02950","3212","Технік-гідрометрист","cat_3212"
"pc_02951","3212","Технік-гідротехнік","cat_3212"
"pc_02952","3212","Технік-ґрунтознавець","cat_3212"
"pc_02953","3212","Технік-землевпорядник","cat_3212"
"pc_02954","3212","Технік-рибовод","cat_3212"
"pc_02955","3212","Технік-технолог з переробки риби та морепродуктів","cat_3212"
"pc_02956","3212","Технолог з виробництва продукції аквакультури","cat_3212"
"pc_02957","3212","Технолог з рибальства","cat_3212"
"pc_02958","3212","Технолог із агрономії","cat_3212"
"pc_02959","3212","Технолог-гідротехнік","cat_3212"
"pc_02960","3212","Технолог-рибовод","cat_3212"
"pc_02961","3212","Фахівець з плодоовочівництва і виноградарства","cat_3212"
"pc_02962","3212","Фахівець садово-паркового господарства","cat_3212"
"pc_02963","3213","Майстер лісу","cat_3213"
"pc_02964","3213","Майстер на лісозаготівельних роботах","cat_3213"
"pc_02965","3213","Зоотехнік відділення (комплексу, сільськогосподарської дільниці, ферми)","cat_3213"
"pc_02966","3213","Інструктор службового собаківництва","cat_3213"
"pc_02967","3213","Технік з племінної справи","cat_3213"
"pc_02968","3213","Технік-технолог з виробництва та переробки продукції тваринництва","cat_3213"
"pc_02969","3213","Технолог з виробництва та переробки продукції тваринництва","cat_3213"
"pc_02970","3213","Фахівець з бджільництва","cat_3213"
"pc_02971","3213","Фахівець з організації та ведення фермерського господарства","cat_3213"
"pc_02972","3213","Фахівець із звірівництва","cat_3213"
"pc_02973","3221","Диспетчер оперативно-диспетчерської служби (медицина)","cat_3221"
"pc_02974","3221","Лаборант судово-медичної лабораторії","cat_3221"
"pc_02975","3221","Лікар-резидент","cat_3221"
"pc_02976","3221","Лікар-стажист","cat_3221"
"pc_02977","3221","Лаборант (медицина)","cat_3221"
"pc_02978","3221","Парамедик","cat_3221"
"pc_02979","3221","Помічник лікаря-епідеміолога","cat_3221"
"pc_02980","3221","Технік-лаборант з клінічної нейрофізіології","cat_3221"
"pc_02981","3221","Фельдшер","cat_3221"
"pc_02982","3221","Фельдшер з медицини невідкладних станів","cat_3221"
"pc_02983","3221","Фельдшер пожежно-рятувального (аварійно-рятувального) підрозділу","cat_3221"
"pc_02984","3221","Фельдшер із санітарної освіти","cat_3221"
"pc_02985","3221","Фельдшер санітарний","cat_3221"
"pc_02986","3222","Гігієніст зубний","cat_3222"
"pc_02987","3222","Інструктор із санітарної освіти","cat_3222"
"pc_02988","3222","Фахівець з громадського здоров’я","cat_3222"
"pc_02989","3223","Нутриціолог","cat_3223"
"pc_02990","3224","Оптометрист","cat_3224"
"pc_02991","3225","Лікар зубний","cat_3225"
"pc_02992","3225","Технік зубний","cat_3225"
"pc_02993","3225","Помічник лікаря-стоматолога","cat_3225"
"pc_02994","3226","Інструктор з трудової терапії","cat_3226"
"pc_02995","3226","Фахівець з фізичної реабілітації","cat_3226"
"pc_02996","3226","Інструктор з трудової адаптації","cat_3226"
"pc_02997","3226","Асистент ерготерапевта","cat_3226"
"pc_02998","3226","Асистент протезиста-ортезиста","cat_3226"
"pc_02999","3226","Асистент фізичного терапевта","cat_3226"
"pc_03000","3226","Масажист спортивний","cat_3226"
"pc_03001","3226","Масажист","cat_3226"
"pc_03002","3227","Фельдшер ветеринарної медицини","cat_3227"
"pc_03003","3227","Молодший лікар ветеринарної медицини","cat_3227"
"pc_03004","3228","Фармацевт-інтерн","cat_3228"
"pc_03005","3228","Асистент фармацевта","cat_3228"
"pc_03006","3228","Лаборант (фармація)","cat_3228"
"pc_03007","3229","Інструктор з надання догоспітальної допомоги","cat_3229"
"pc_03008","3229","Лікар-інтерн","cat_3229"
"pc_03009","3229","Логопед","cat_3229"
"pc_03010","3229","Рентгенолаборант","cat_3229"
"pc_03011","3229","Фельдшер-лаборант","cat_3229"
"pc_03012","3229","Технолог з лабораторної діагностики","cat_3229"
"pc_03013","3229","Технолог з рентгенологічної діагностики","cat_3229"
"pc_03014","3231","Сестра медична (брат медичний) з лікувальної фізкультури","cat_3231"
"pc_03015","3231","Сестра медична (брат медичний) з масажу","cat_3231"
"pc_03016","3231","Сестра медична (брат медичний)","cat_3231"
"pc_03017","3231","Сестра медична (брат медичний) з дієтичного харчування","cat_3231"
"pc_03018","3231","Сестра медична (брат медичний) стаціонару","cat_3231"
"pc_03019","3231","Сестра медична операційна (брат медичний операційний)","cat_3231"
"pc_03020","3231","Сестра медична патронажна (брат медичний патронажний)","cat_3231"
"pc_03021","3231","Сестра медична станції (брат медичний)  (відділення) швидкої та невідкладної медичної допомоги","cat_3231"
"pc_03022","3231","Сестра медична (брат медичний) загальної практики – сімейної медицини","cat_3231"
"pc_03023","3231","Технік-ортезист-гіпсовиливальник","cat_3231"
"pc_03024","3231","Сестра медична-анестезист (брат медичний-анестезист)","cat_3231"
"pc_03025","3231","Статистик медичний","cat_3231"
"pc_03026","3231","Сестра медична (брат медичний) з косметичних процедур","cat_3231"
"pc_03027","3231","Сестра медична (брат медичний) з реабілітації","cat_3231"
"pc_03028","3231","Сестра медична (брат медичний) з фізіотерапії","cat_3231"
"pc_03029","3231","Сестра медична (брат медичний) з функціональної діагностики","cat_3231"
"pc_03030","3231","Сестра медична (брат медичний) зі стоматології","cat_3231"
"pc_03031","3231","Сестра медична (брат медичний) поліклініки","cat_3231"
"pc_03032","3232","Акушерка (акушер)","cat_3232"
"pc_03033","3241","Натуропат","cat_3241"
"pc_03034","3241","Фахівець безконтактного масажу","cat_3241"
"pc_03035","3241","Цілитель","cat_3241"
"pc_03036","3310","Вчитель початкових класів (з дипломом фахового молодшого бакалавра, молодшого бакалавра)","cat_3310"
"pc_03037","3310","Культорганізатор закладу позашкільної освіти","cat_3310"
"pc_03038","3320","Вихователь закладу дошкільної освіти (з дипломом фахового молодшого бакалавра, молодшого бакалавра)","cat_3320"
"pc_03039","3330","Асистент вчителя-дефектолога","cat_3330"
"pc_03040","3330","Асистент викладача","cat_3330"
"pc_03041","3330","Асистент вихователя закладу дошкільної освіти","cat_3330"
"pc_03042","3330","Асистент вихователя закладу загальної середньої освіти","cat_3330"
"pc_03043","3330","Асистент вихователя соціального по роботі з дітьми з інвалідністю","cat_3330"
"pc_03044","3330","Асистент вчителя","cat_3330"
"pc_03045","3330","Асистент майстра виробничого навчання","cat_3330"
"pc_03046","3330","Асистент педагога професійного навчання","cat_3330"
"pc_03047","3330","Асистент вчителя-реабілітолога","cat_3330"
"pc_03048","3330","Асистент вчителя спеціальної освіти","cat_3330"
"pc_03049","3330","Асистент вчителя-логопеда","cat_3330"
"pc_03050","3340","Інструктор-перекладач з обслуговування працівників з порушеннями слуху","cat_3340"
"pc_03051","3340","Інструктор-методист у справах осіб з порушеннями слуху","cat_3340"
"pc_03052","3340","Асистент богослова","cat_3340"
"pc_03053","3340","Інструктор підривних робіт","cat_3340"
"pc_03054","3340","Катехит","cat_3340"
"pc_03055","3340","Фахівець у сфері позашкільної освіти","cat_3340"
"pc_03056","3340","Педагог професійного навчання","cat_3340"
"pc_03057","3340","Викладач мистецької школи (за видами навчальних дисциплін)","cat_3340"
"pc_03058","3340","Асистент педагога-валеолога","cat_3340"
"pc_03059","3340","Інструктор виробничого навчання робітників масових професій","cat_3340"
"pc_03060","3340","Вихователь","cat_3340"
"pc_03061","3340","Вихователь гуртожитку","cat_3340"
"pc_03062","3340","Виховник","cat_3340"
"pc_03063","3340","Черговий з режиму (у спеціальних та спеціалізованих закладах, центрах, школах, училищах, притулках, у закладах професійної освіти соціальної реабілітації тощо)","cat_3340"
"pc_03064","3340","Інструктор допоміжної команди","cat_3340"
"pc_03065","3340","Інструктор газорятувальної станції","cat_3340"
"pc_03066","3340","Інструктор-дезінфектор","cat_3340"
"pc_03067","3340","Інструктор легководолазної справи","cat_3340"
"pc_03068","3340","Інструктор-методист контрольно-рятівної служби (загону)","cat_3340"
"pc_03069","3340","Інструктор-методист з альпінізму","cat_3340"
"pc_03070","3340","Інструктор-методист з туризму","cat_3340"
"pc_03071","3340","Інструктор парашутної та десантно-пожежної служби","cat_3340"
"pc_03072","3340","Інструктор з військово-морської підготовки","cat_3340"
"pc_03073","3340","Інструктор з навчання практичній їзді","cat_3340"
"pc_03074","3340","Інструктор виробничого навчання","cat_3340"
"pc_03075","3340","Інструктор-радист бортовий","cat_3340"
"pc_03076","3340","Майстер виробничого навчання","cat_3340"
"pc_03077","3340","Майстер навчального полігону","cat_3340"
"pc_03078","3340","Майстер навчального центру","cat_3340"
"pc_03079","3340","Механік-інструктор бортовий","cat_3340"
"pc_03080","3340","Оператор-інструктор бортовий","cat_3340"
"pc_03081","3340","Технолог-наставник","cat_3340"
"pc_03082","3340","Вихователь закладу професійної освіти","cat_3340"
"pc_03083","3340","Методист з професійної реабілітації","cat_3340"
"pc_03084","3340","Лаборант (освіта)","cat_3340"
"pc_03085","3340","Майстер виробничого навчання водінню","cat_3340"
"pc_03086","3340","Фахівець з фольклористики","cat_3340"
"pc_03087","3411","Маклер біржовий","cat_3411"
"pc_03088","3411","Брокер","cat_3411"
"pc_03089","3411","Дилер","cat_3411"
"pc_03090","3411","Фахівець з біржових операцій","cat_3411"
"pc_03091","3411","Фахівець з ведення реєстру власників іменних цінних паперів","cat_3411"
"pc_03092","3411","Фахівець з депозитарної діяльності","cat_3411"
"pc_03093","3411","Фахівець з корпоративного управління","cat_3411"
"pc_03094","3411","Фахівець з управління активами","cat_3411"
"pc_03095","3411","Фахівець з фінансово-економічної безпеки","cat_3411"
"pc_03096","3411","Фахівець-організатор торгівлі на ринку цінних паперів","cat_3411"
"pc_03097","3412","Агент страховий","cat_3412"
"pc_03098","3413","Торговець нерухомістю","cat_3413"
"pc_03099","3413","Агент з нерухомості","cat_3413"
"pc_03100","3413","Ріелтер","cat_3413"
"pc_03101","3413","Торговець (власність)","cat_3413"
"pc_03102","3414","Екскурсовод","cat_3414"
"pc_03103","3414","Організатор подорожей (екскурсій)","cat_3414"
"pc_03104","3414","Фахівець із спеціалізованого обслуговування","cat_3414"
"pc_03105","3414","Інструктор оздоровчо-спортивного туризму (за видами туризму)","cat_3414"
"pc_03106","3414","Організатор туристичної і готельної діяльності","cat_3414"
"pc_03107","3414","Фахівець з готельного обслуговування","cat_3414"
"pc_03108","3414","Фахівець з розвитку сільського туризму","cat_3414"
"pc_03109","3414","Фахівець з туристичного обслуговування","cat_3414"
"pc_03110","3414","Фахівець із конференц-сервісу","cat_3414"
"pc_03111","3414","Фахівець із туристичної безпеки","cat_3414"
"pc_03112","3415","Агент торговельний","cat_3415"
"pc_03113","3415","Комівояжер","cat_3415"
"pc_03114","3415","Агент","cat_3415"
"pc_03115","3415","Агент комерційний","cat_3415"
"pc_03116","3415","Агент морський","cat_3415"
"pc_03117","3415","Представник торговельний","cat_3415"
"pc_03118","3415","Уповноважений контори з імпорту худоби","cat_3415"
"pc_03119","3415","Мерчендайзер","cat_3415"
"pc_03120","3415","Повірений морський (супервайзер)","cat_3415"
"pc_03121","3415","Торговець (інженерні розробки)","cat_3415"
"pc_03122","3415","Торговець комерційний","cat_3415"
"pc_03123","3415","Торговець промисловий","cat_3415"
"pc_03124","3415","Торговець роз'їзний","cat_3415"
"pc_03125","3415","Торговець технічний","cat_3415"
"pc_03126","3416","Закупник","cat_3416"
"pc_03127","3417","Оцінювач (експертна оцінка майна)","cat_3417"
"pc_03128","3417","Оцінювач","cat_3417"
"pc_03129","3417","Оцінювач-експерт","cat_3417"
"pc_03130","3417","Аукціоніст (ліцитатор)","cat_3417"
"pc_03131","3417","Диспашер","cat_3417"
"pc_03132","3417","Експерт-консультант із страхування","cat_3417"
"pc_03133","3417","Фахівець з коштовного каміння (гемолог)","cat_3417"
"pc_03134","3419","Черговий по товарній конторі","cat_3419"
"pc_03135","3419","Інспектор кредитний","cat_3419"
"pc_03136","3419","Інспектор обмінного пункту","cat_3419"
"pc_03137","3419","Інспектор з організації інкасації та перевезення цінностей","cat_3419"
"pc_03138","3419","Інспектор-товарознавець","cat_3419"
"pc_03139","3419","Інспектор торговельний","cat_3419"
"pc_03140","3419","Товарознавець","cat_3419"
"pc_03141","3419","Організатор зі збуту","cat_3419"
"pc_03142","3419","Організатор з постачання","cat_3419"
"pc_03143","3421","Торговельний брокер (маклер)","cat_3421"
"pc_03144","3422","Експедитор транспортний","cat_3422"
"pc_03145","3422","Агент з митного оформлення","cat_3422"
"pc_03146","3422","Адміністратор пасажирської служби","cat_3422"
"pc_03147","3422","Агент із замовлень населення на перевезення","cat_3422"
"pc_03148","3422","Агент з передачі вантажу на прикордонній станції (пункті)","cat_3422"
"pc_03149","3422","Черговий по транспортно-експедиційному підприємству","cat_3422"
"pc_03150","3422","Черговий служби перевезень аеропортів","cat_3422"
"pc_03151","3422","Шипчандлер","cat_3422"
"pc_03152","3422","Експедитор","cat_3422"
"pc_03153","3423","Фахівець з найму робочої сили","cat_3423"
"pc_03154","3423","Інспектор з кадрів","cat_3423"
"pc_03155","3423","Інспектор з кадрів закордонного плавання","cat_3423"
"pc_03156","3423","Організатор з персоналу","cat_3423"
"pc_03157","3429","Імпресаріо","cat_3429"
"pc_03158","3429","Представник з реклами","cat_3429"
"pc_03159","3429","Агент податковий","cat_3429"
"pc_03160","3429","Агент рекламний","cat_3429"
"pc_03161","3429","Адміністратор кінотеатру","cat_3429"
"pc_03162","3429","Адміністратор знімальної групи","cat_3429"
"pc_03163","3429","Адміністратор телевізійних передач","cat_3429"
"pc_03164","3429","Ревізор комерційний","cat_3429"
"pc_03165","3429","Ревізор комерційний шляховий","cat_3429"
"pc_03166","3429","Торговець (обслуговування бізнесу та реклами)","cat_3429"
"pc_03167","3431","Відповідальний секретар редакції","cat_3431"
"pc_03168","3431","Секретар виконкому","cat_3431"
"pc_03169","3431","Відповідальний секретар федерації виду спорту","cat_3431"
"pc_03170","3431","Інспектор з контролю за виконанням доручень","cat_3431"
"pc_03171","3431","Оргсекретар (асоціації, союзу, федерації)","cat_3431"
"pc_03172","3431","Секретар адміністративний","cat_3431"
"pc_03173","3431","Секретар комітету (організації, підприємства, установи)","cat_3431"
"pc_03174","3431","Секретар правління","cat_3431"
"pc_03175","3431","Секретар органу самоорганізації населення","cat_3431"
"pc_03176","3432","Відповідальний секретар колегії судової","cat_3432"
"pc_03177","3432","Консультант державного нотаріального архіву","cat_3432"
"pc_03178","3432","Консультант державної нотаріальної контори","cat_3432"
"pc_03179","3432","Помічник голови суду","cat_3432"
"pc_03180","3432","Помічник нотаріуса","cat_3432"
"pc_03181","3432","Помічник нотаріуса держаного","cat_3432"
"pc_03182","3432","Помічник приватного виконавця","cat_3432"
"pc_03183","3432","Помічник судді","cat_3432"
"pc_03184","3432","Помічник члена Вищої ради правосуддя","cat_3432"
"pc_03185","3432","Помічник юриста","cat_3432"
"pc_03186","3432","Секретар колегії судової","cat_3432"
"pc_03187","3432","Судовий розпорядник","cat_3432"
"pc_03188","3432","Секретар судового засідання","cat_3432"
"pc_03189","3432","Секретар суду","cat_3432"
"pc_03190","3433","Асистент бухгалтера-експерта","cat_3433"
"pc_03191","3433","Асистент (помічник) аудитора","cat_3433"
"pc_03192","3433","Бухгалтер","cat_3433"
"pc_03193","3433","Касир-експерт","cat_3433"
"pc_03194","3434","Асистент актуарія","cat_3434"
"pc_03195","3434","Асистент економіста-демографа","cat_3434"
"pc_03196","3434","Асистент економіста-статистика","cat_3434"
"pc_03197","3434","Асистент математика","cat_3434"
"pc_03198","3435.1","Організатор діловодства (державні установи)","cat_3435_1"
"pc_03199","3435.2","Організатор діловодства (види економічної діяльності)","cat_3435_2"
"pc_03200","3435.2","Фахівець зі створення страхового фонду документів та фонду користування документами","cat_3435_2"
"pc_03201","3435.3","Організатор діловодства (система судочинства)","cat_3435_3"
"pc_03202","3436","Адміністративний помічник","cat_3436"
"pc_03203","3436.1","Референт","cat_3436_1"
"pc_03204","3436.1","Помічник керівника підприємства (установи, організації)","cat_3436_1"
"pc_03205","3436.1","Помічник керівника (директора, начальника і т. ін.) установи виконання покарань","cat_3436_1"
"pc_03206","3436.2","Помічник керівника виробничого підрозділу","cat_3436_2"
"pc_03207","3436.2","Помічник керівника іншого основного підрозділу","cat_3436_2"
"pc_03208","3436.3","Помічник керівника малого підприємства без апарату управління","cat_3436_3"
"pc_03209","3436.9","Помічник члена комісії","cat_3436_9"
"pc_03210","3439","Асистент","cat_3439"
"pc_03211","3439","Асистент соціолога","cat_3439"
"pc_03212","3439","Державний інспектор з безпеки авіації","cat_3439"
"pc_03213","3439","Організатор з обслуговування перевезень (на автотранспорті)","cat_3439"
"pc_03214","3439","Фахівець з організації кондомініумів","cat_3439"
"pc_03215","3439","Фахівець з пожежної безпеки","cat_3439"
"pc_03216","3439","Асистент географа (політична географія)","cat_3439"
"pc_03217","3439","Асистент географа (фізична географія)","cat_3439"
"pc_03218","3439","Асистент географа","cat_3439"
"pc_03219","3439","Асистент географа-економіста","cat_3439"
"pc_03220","3439","Асистент фахівця з міського та районного планування","cat_3439"
"pc_03221","3439","Асистент фахівця з розміщення продуктивних сил та регіональної економіки","cat_3439"
"pc_03222","3439","Громадський інспектор з використання та охорони земель","cat_3439"
"pc_03223","3439","Державний інспектор з нагляду за ядерною та радіаційною безпекою","cat_3439"
"pc_03224","3439","Аташе","cat_3439"
"pc_03225","3439","Віце-консул","cat_3439"
"pc_03226","3439","Дипломатичний кур'єр","cat_3439"
"pc_03227","3439","Інспектор","cat_3439"
"pc_03228","3439","Інспектор з інвентаризації","cat_3439"
"pc_03229","3439","Інспектор з оборонно-масової роботи","cat_3439"
"pc_03230","3439","Інспектор з основної діяльності","cat_3439"
"pc_03231","3439","Інспектор з туризму","cat_3439"
"pc_03232","3439","Інспектор з обліку та розподілу житлової площі","cat_3439"
"pc_03233","3439","Інспектор-ревізор","cat_3439"
"pc_03234","3439","Інструктор","cat_3439"
"pc_03235","3439","Інструктор виконкому з організаційної роботи","cat_3439"
"pc_03236","3439","Інструктор з основної діяльності","cat_3439"
"pc_03237","3439","Консул","cat_3439"
"pc_03238","3439","Ревізор","cat_3439"
"pc_03239","3439","Секретар дипломатичного агентства","cat_3439"
"pc_03240","3439","Секретар колегії (комітету)","cat_3439"
"pc_03241","3439","Секретар ради (науково-технічної, наукової, художньо-технічної)","cat_3439"
"pc_03242","3439","Секретар творчої спілки","cat_3439"
"pc_03243","3439","Фахівець","cat_3439"
"pc_03244","3439","Фахівець з інтерв'ювання","cat_3439"
"pc_03245","3439","Інспектор державний з авіаційного нагляду безпеки авіації","cat_3439"
"pc_03246","3439","Інспектор державний з авіаційного нагляду льотної експлуатації","cat_3439"
"pc_03247","3439","Інспектор державний з авіаційного нагляду льотної придатності повітряних суден","cat_3439"
"pc_03248","3439","Інспектор державний з авіаційного нагляду","cat_3439"
"pc_03249","3439","Інспектор державний з техногенного та екологічного нагляду","cat_3439"
"pc_03250","3439","Інспектор з військового обліку","cat_3439"
"pc_03251","3439","Інспектор з організації захисту секретної інформації","cat_3439"
"pc_03252","3439","Інспектор протипожежної профілактики (пенітенціарна система)","cat_3439"
"pc_03253","3439","Інструктор аварійно-рятувального (спеціального) підрозділу","cat_3439"
"pc_03254","3439","Інструктор газодимозахисної служби","cat_3439"
"pc_03255","3439","Інструктор з радіаційної та хімічної розвідки","cat_3439"
"pc_03256","3439","Консульський агент","cat_3439"
"pc_03257","3439","Організатор природокористування","cat_3439"
"pc_03258","3439","Офісний службовець (недержавні установи юриспруденції)","cat_3439"
"pc_03259","3439","Офісний службовець (страхування)","cat_3439"
"pc_03260","3439","Посланник","cat_3439"
"pc_03261","3439","Секретар центрального органу виконавчої влади","cat_3439"
"pc_03262","3439","Технік з інвентаризації нерухомого майна","cat_3439"
"pc_03263","3439","Фахівець з організації побутового обслуговування","cat_3439"
"pc_03264","3439","Фахівець з радіаційного та хімічного захисту","cat_3439"
"pc_03265","3439","Фахівець з режиму секретності","cat_3439"
"pc_03266","3439","Фахівець із організації захисту інформації з обмеженим доступом","cat_3439"
"pc_03267","3439","Фахівець із організації інформаційної безпеки","cat_3439"
"pc_03268","3439","Фахівець оперативно-рятувальної служби цивільного захисту","cat_3439"
"pc_03269","3441","Інспектор митний","cat_3441"
"pc_03270","3442","Головний державний податковий інспектор","cat_3442"
"pc_03271","3442","Державний податковий інспектор","cat_3442"
"pc_03272","3442","Інспектор з контролю за цінами","cat_3442"
"pc_03273","3442","Ревізор-інспектор податковий","cat_3442"
"pc_03274","3443","Інспектор з виплати пенсій","cat_3443"
"pc_03275","3443","Інспектор з призначення пенсій","cat_3443"
"pc_03276","3443","Інспектор з соціальної допомоги","cat_3443"
"pc_03277","3444","Інспектор з ліцензування","cat_3444"
"pc_03278","3449","Державний інспектор з енергетичного нагляду","cat_3449"
"pc_03279","3449","Державний інспектор з ринкового нагляду","cat_3449"
"pc_03280","3449","Інспектор санітарний","cat_3449"
"pc_03281","3449","Старший державний інспектор з енергетичного нагляду","cat_3449"
"pc_03282","3449","Інспектор (цін, мір та ваг і т. ін.)","cat_3449"
"pc_03283","3449","Державний гірничотехнічний інспектор на вугільних шахтах з підземними роботами","cat_3449"
"pc_03284","3449","Державний інспектор з ветеринарної медицини","cat_3449"
"pc_03285","3449","Державний інспектор з охорони прав на сорти рослин","cat_3449"
"pc_03286","3449","Державний фітосанітарний інспектор","cat_3449"
"pc_03287","3449","Інспектор державний із закупівлі та якості сільськогосподарських продуктів","cat_3449"
"pc_03288","3449","Інспектор державний з якості товару та торгівлі","cat_3449"
"pc_03289","3449","Інспектор державний з конвенційного рибальства","cat_3449"
"pc_03290","3449","Інспектор державний з маломірних суден","cat_3449"
"pc_03291","3449","Інспектор державний рибоохорони","cat_3449"
"pc_03292","3449","Інспектор державний електрозв'язку","cat_3449"
"pc_03293","3449","Інспектор з адміністративної практики","cat_3449"
"pc_03294","3449","Інспектор з експорту","cat_3449"
"pc_03295","3449","Інспектор з розслідування причин виникнення пожеж","cat_3449"
"pc_03296","3449","Інженер-інспектор (органи державної влади)","cat_3449"
"pc_03297","3449","Державний інспектор державний з нагляду (контролю) у сфері пожежної та техногенної безпеки","cat_3449"
"pc_03298","3449","Інспектор з охорони природно-заповідного фонду","cat_3449"
"pc_03299","3449","Інспектор прикордонної служби","cat_3449"
"pc_03300","3450","Помічник приватного детектива","cat_3450"
"pc_03301","3450","Інспектор воєнізованої охорони","cat_3450"
"pc_03302","3450","Фахівець з організації майнової та особистої безпеки","cat_3450"
"pc_03303","3451","Дільничний офіцер поліції","cat_3451"
"pc_03304","3451","Інструктор","cat_3451"
"pc_03305","3451","Поліцейський офіцер громади","cat_3451"
"pc_03306","3451","Слідчий (з дипломом бакалавра)","cat_3451"
"pc_03307","3451","Дізнавач","cat_3451"
"pc_03308","3451","Інспектор (поліція)","cat_3451"
"pc_03309","3451","Інспектор з дізнання","cat_3451"
"pc_03310","3451","Оперуповноважений","cat_3451"
"pc_03311","3452","Відповідальний (старший) по корпусу (корпусному відділенню) (пенітенціарна система)","cat_3452"
"pc_03312","3452","Інспектор (пенітенціарна система) (з дипломом бакалавра)","cat_3452"
"pc_03313","3452","Інструктор з професійної підготовки (пенітенціарна система)","cat_3452"
"pc_03314","3460","Аудіодискриптор (тифлокоментатор)","cat_3460"
"pc_03315","3460","Інструктор з просторового орієнтування та мобільності","cat_3460"
"pc_03316","3460","Посередник громади","cat_3460"
"pc_03317","3460","Соціальний працівник (допоміжний персонал)","cat_3460"
"pc_03318","3460","Асистент вихователя виправно-трудового закладу","cat_3460"
"pc_03319","3460","Фахівець з вирішення конфліктів (побутова сфера)","cat_3460"
"pc_03320","3471","Дизайнер (художник-конструктор) (з дипломом молодшого спеціаліста)","cat_3471"
"pc_03321","3471","Асистент художника-реставратора","cat_3471"
"pc_03322","3471","Дизайнер-виконавець","cat_3471"
"pc_03323","3471","Дизайнер-виконавець графічних робіт","cat_3471"
"pc_03324","3471","Дизайнер-виконавець інтер'єру","cat_3471"
"pc_03325","3471","Дизайнер-виконавець меблів","cat_3471"
"pc_03326","3471","Дизайнер-виконавець мультимедійних об'єктів","cat_3471"
"pc_03327","3471","Дизайнер-виконавець одягу","cat_3471"
"pc_03328","3471","Дизайнер-виконавець пакування","cat_3471"
"pc_03329","3471","Дизайнер-виконавець промислових виробів та об'єктів","cat_3471"
"pc_03330","3471","Дизайнер-виконавець тканини","cat_3471"
"pc_03331","3471","Мозаїст монументально-декоративного живопису","cat_3471"
"pc_03332","3471","Десинатор","cat_3471"
"pc_03333","3471","Колорист (художник)","cat_3471"
"pc_03334","3471","Художник-декоратор телебачення","cat_3471"
"pc_03335","3471","Художник-оформлювач","cat_3471"
"pc_03336","3471","Художник з освітлення","cat_3471"
"pc_03337","3471","Художник-шрифтовик телебачення","cat_3471"
"pc_03338","3471","Художник ектопротезного кабінету","cat_3471"
"pc_03339","3471","Скульптор-виконавець","cat_3471"
"pc_03340","3471","Фахівець з перукарського мистецтва та декоративної косметики","cat_3471"
"pc_03341","3471","Художник-бутафор","cat_3471"
"pc_03342","3471","Художник-виконавець","cat_3471"
"pc_03343","3471","Художник-гример","cat_3471"
"pc_03344","3471","Художник-декоратор театрально-видовищного підприємства","cat_3471"
"pc_03345","3471","Художник-костюмер","cat_3471"
"pc_03346","3471","Художник-лялькар","cat_3471"
"pc_03347","3471","Художник-оформлювач театралізованих вистав","cat_3471"
"pc_03348","3472","Диск-жокей","cat_3472"
"pc_03349","3472","Диктор","cat_3472"
"pc_03350","3472","Суфлер","cat_3472"
"pc_03351","3472","Фахівець з інтерв'ювання (засоби масової інформації)","cat_3472"
"pc_03352","3473","Концертмейстер (з дипломом фахового молодшого бакалавра)","cat_3473"
"pc_03353","3473","Танцюрист у нічному клубі","cat_3473"
"pc_03354","3474","Артист-дресирувальник тварин","cat_3474"
"pc_03355","3474","Артист цирку (естради та ін.) (за жанрами)","cat_3474"
"pc_03356","3474","Лялькар","cat_3474"
"pc_03357","3474","Гіпнотизер","cat_3474"
"pc_03358","3474","Дресирувальник диких тварин","cat_3474"
"pc_03359","3474","Приборкувач диких тварин","cat_3474"
"pc_03360","3474","Актор (артист) театру (кіно) (з дипломом фахового молодшого бакалавра)","cat_3474"
"pc_03361","3474","Асистент циркового номера, колективу","cat_3474"
"pc_03362","3474","Інспектор манежу (що веде виставу)","cat_3474"
"pc_03363","3474","Репетитор циркових номерів","cat_3474"
"pc_03364","3474","Шапітмейстер","cat_3474"
"pc_03365","3475","Тренер-методист","cat_3475"
"pc_03366","3475","Інструктор-методист тренажерного комплексу (залу)","cat_3475"
"pc_03367","3475","Спортсмен-інструктор збірної команди України","cat_3475"
"pc_03368","3475","Спортсмен-професіонал з виду спорту","cat_3475"
"pc_03369","3475","Суддя з виду спорту","cat_3475"
"pc_03370","3475","Тренер з виду спорту (федерації, збірної чи клубної команди, спортивної школи і т. ін.)","cat_3475"
"pc_03371","3475","Тренер-викладач з виду спорту (спортивної школи, секції і т. ін.)","cat_3475"
"pc_03372","3475","Жокей","cat_3475"
"pc_03373","3475","Дельтапланерист-випробувач","cat_3475"
"pc_03374","3475","Інструктор-дельтапланерист","cat_3475"
"pc_03375","3475","Інструктор-методист з дельтапланеризму","cat_3475"
"pc_03376","3475","Інструктор-методист з виробничої гімнастики","cat_3475"
"pc_03377","3475","Інструктор-методист з технічних і військово-прикладних видів спорту","cat_3475"
"pc_03378","3475","Інструктор-методист з фізичної культури та спорту","cat_3475"
"pc_03379","3475","Інструктор-методист спортивної школи","cat_3475"
"pc_03380","3475","Інструктор-парашутист","cat_3475"
"pc_03381","3475","Інструктор парашутно-десантної підготовки","cat_3475"
"pc_03382","3475","Інструктор із стройової та фізичної підготовки","cat_3475"
"pc_03383","3475","Інструктор з верхової їзди","cat_3475"
"pc_03384","3475","Інструктор з фізкультури","cat_3475"
"pc_03385","3475","Інструктор навчально-тренувального пункту","cat_3475"
"pc_03386","3475","Парашутист-випробувач","cat_3475"
"pc_03387","3475","Парашутист-рятувальник","cat_3475"
"pc_03388","3475","Парашутист-укладальник парашутів","cat_3475"
"pc_03389","3475","Спортсмен-інструктор","cat_3475"
"pc_03390","3475","Суддя з випробування племінних коней","cat_3475"
"pc_03391","3475","Інструктор з фітнесу (аеробіки)","cat_3475"
"pc_03392","3475","Фітнес-тренер","cat_3475"
"pc_03393","3476","Керівник аматорського дитячого колективу (гуртка, студії та ін.)","cat_3476"
"pc_03394","3476","Керівник аматорського колективу (за видами мистецтва)","cat_3476"
"pc_03395","3476","Організатор соціокультурної діяльності (проєктів)","cat_3476"
"pc_03396","3476","Фахівець з організації дозвілля та надання культурних послуг (за видами)","cat_3476"
"pc_03397","3476","Фахівець з проведення театралізованих народних свят та обрядів","cat_3476"
"pc_03398","3479","Артист [артист-інструменталіст (за музичними інструментами) оркестру (ансамблю)] (з дипломом фахового молодшого бакалавра)","cat_3479"
"pc_03399","3479","Артист (співак) (хору, ансамблю) (з дипломом фахового молодшого бакалавра)","cat_3479"
"pc_03400","3479","Артист балету (з дипломом фахового молодшого бакалавра)","cat_3479"
"pc_03401","3479","Координатор знімального процесу","cat_3479"
"pc_03402","3479","Фахівець з бібліотечної справи","cat_3479"
"pc_03403","3479","Фахівець з реставрації архівних та бібліотечних документів","cat_3479"
"pc_03404","3480","Служитель (паламар, дяк, помічник капелана і т. ін.)","cat_3480"
"pc_03405","3480","Регент","cat_3480"
"pc_03406","3480","Релігійний проповідник (катехит, євангеліст, благовісник, меламед, муедзин та ін.)","cat_3480"
"pc_03407","3491","Технік-радіометрист","cat_3491"
"pc_03408","3491","Лаборант наукового підрозділу (інші сфери (галузі) наукових досліджень)","cat_3491"
"pc_03409","3510","Технік-технолог з переробки плодоовочевої продукції","cat_3510"
"pc_03410","3520","Технік-технолог з бродильного виробництва та виноробства","cat_3520"
"pc_03411","3530","Технік-технолог з виробництва молочних продуктів","cat_3530"
"pc_03412","3540","Технік-технолог з виробництва м'ясних продуктів","cat_3540"
"pc_03413","3550","Технік-технолог з виробництва борошняних, кондитерських виробів та харчоконцентратів","cat_3550"
"pc_03414","3560","Технік-технолог зі зберігання та переробки зерна","cat_3560"
"pc_03415","3570","Технік-технолог з технології харчування","cat_3570"
"pc_03416","3570","Шеф-кухар","cat_3570"
"pc_03417","3590","Технік-технолог з виробництва жирів і жирозамінників","cat_3590"
"pc_03418","3590","Технік-технолог з виробництва полісахаридів","cat_3590"
"pc_03419","3590","Технік-технолог з виробництва цукристих речовин","cat_3590"
"pc_03420","4111","Офісний службовець (друкування)","cat_4111"
"pc_03421","4111","Стенографіст","cat_4111"
"pc_03422","4112","Оператор комп'ютерного набору","cat_4112"
"pc_03423","4112","Оператор комп'ютерної верстки","cat_4112"
"pc_03424","4112","Оператор копіювальних та розмножувальних машин","cat_4112"
"pc_03425","4112","Укладальник тексту","cat_4112"
"pc_03426","4112","Оператор інформаційно-комунікаційних мереж","cat_4112"
"pc_03427","4112","Шифрувальник","cat_4112"
"pc_03428","4113","Гідрометеоспостерігач","cat_4113"
"pc_03429","4113","Кібероператор","cat_4113"
"pc_03430","4113","Оператор з обробки інформації та програмного забезпечення","cat_4113"
"pc_03431","4114","Оператор з уведення даних в ЕОМ (ОМ)","cat_4114"
"pc_03432","4115","Асистент референта","cat_4115"
"pc_03433","4115","Диспетчер факультету","cat_4115"
"pc_03434","4115","Секретар","cat_4115"
"pc_03435","4115","Секретар незрячого фахівця","cat_4115"
"pc_03436","4115","Секретар керівника (організації, підприємства, установи)","cat_4115"
"pc_03437","4115","Секретар навчальної частини (диспетчер)","cat_4115"
"pc_03438","4115","Секретар-стенографіст","cat_4115"
"pc_03439","4121","Офісний службовець (бухгалтерія)","cat_4121"
"pc_03440","4121","Офісний службовець (аудит)","cat_4121"
"pc_03441","4121","Офісний службовець (аукціон)","cat_4121"
"pc_03442","4121","Офісний службовець (каса)","cat_4121"
"pc_03443","4121","Офісний службовець (розрахунок собівартості)","cat_4121"
"pc_03444","4121","Калькулятор","cat_4121"
"pc_03445","4121","Нарядник","cat_4121"
"pc_03446","4121","Рахівник","cat_4121"
"pc_03447","4121","Таксувальник","cat_4121"
"pc_03448","4121","Таксувальник перевізних документів","cat_4121"
"pc_03449","4121","Тарифікатор","cat_4121"
"pc_03450","4121","Тарифікатор агентства повітряних сполучень і аеропорту","cat_4121"
"pc_03451","4121","Обліковець з реєстрації бухгалтерських даних","cat_4121"
"pc_03452","4122","Офісний службовець (боргові зобов'язання)","cat_4122"
"pc_03453","4122","Офісний службовець (застава та іпотека)","cat_4122"
"pc_03454","4122","Офісний службовець (інвестиції)","cat_4122"
"pc_03455","4122","Офісний службовець (кредит)","cat_4122"
"pc_03456","4122","Офісний службовець (оцінка вартості)","cat_4122"
"pc_03457","4122","Офісний службовець (статистика)","cat_4122"
"pc_03458","4122","Офісний службовець (цінні папери)","cat_4122"
"pc_03459","4122","Статистик","cat_4122"
"pc_03460","4122","Оператор з розрахунків за використаний газ","cat_4122"
"pc_03461","4131","Офісний службовець (постачання)","cat_4131"
"pc_03462","4131","Офісний службовець (реєстрація та облік)","cat_4131"
"pc_03463","4131","Службовець на складі (комірник)","cat_4131"
"pc_03464","4131","Сестра-господиня","cat_4131"
"pc_03465","4131","Приймальник золота стоматологічних установ (підрозділів)","cat_4131"
"pc_03466","4131","Приймальник пункту прокату","cat_4131"
"pc_03467","4131","Приймальник сільськогосподарських продуктів та сировини","cat_4131"
"pc_03468","4131","Тальман","cat_4131"
"pc_03469","4131","Агент з постачання","cat_4131"
"pc_03470","4131","Диспетчер з відпуску готової продукції","cat_4131"
"pc_03471","4131","Контролер фільмів кінопрокату","cat_4131"
"pc_03472","4131","Працівник з господарської діяльності закладу охорони здоров’я","cat_4131"
"pc_03473","4132","Офісний службовець (планування виробництва)","cat_4132"
"pc_03474","4132","Приймальник замовлень","cat_4132"
"pc_03475","4133","Агент станційний","cat_4133"
"pc_03476","4133","Оператор з інформації про підхід і прибуття вантажів","cat_4133"
"pc_03477","4133","Оператор при черговому по району (на залізничному транспорті)","cat_4133"
"pc_03478","4133","Офісний службовець (перевезення вантажів)","cat_4133"
"pc_03479","4133","Інформатор судноплавної обстановки","cat_4133"
"pc_03480","4133","Оператор з оброблення перевізних документів","cat_4133"
"pc_03481","4133","Пломбувальник вагонів та контейнерів","cat_4133"
"pc_03482","4133","Агент з розшуку вантажів та багажу","cat_4133"
"pc_03483","4133","Черговий аеропорту","cat_4133"
"pc_03484","4133","Черговий по вокзалу","cat_4133"
"pc_03485","4133","Черговий з комплектування пасажирського завантаження","cat_4133"
"pc_03486","4133","Черговий по парку (на залізничному транспорті)","cat_4133"
"pc_03487","4133","Черговий на переправі","cat_4133"
"pc_03488","4133","Черговий з приймання і відправлення поїздів метрополітену","cat_4133"
"pc_03489","4133","Черговий по пункту транспортно-експедиційного підприємства на вокзалі (автостанції)","cat_4133"
"pc_03490","4133","Черговий по роз'їзду","cat_4133"
"pc_03491","4133","Черговий по сортувальній гірці","cat_4133"
"pc_03492","4133","Черговий пульта керування","cat_4133"
"pc_03493","4133","Черговий пункту обороту локомотивів","cat_4133"
"pc_03494","4133","Черговий пункту підміни локомотивних бригад","cat_4133"
"pc_03495","4133","Черговий станційного поста телекерування","cat_4133"
"pc_03496","4133","Черговий станційного поста централізації","cat_4133"
"pc_03497","4133","Нарядник багажного відділення","cat_4133"
"pc_03498","4133","Нарядник локомотивних (поїзних) бригад","cat_4133"
"pc_03499","4133","Оператор бюро з обліку переходу вагонів","cat_4133"
"pc_03500","4133","Оператор вагонного депо","cat_4133"
"pc_03501","4133","Оператор диспетчерської руху та навантажувально-розвантажувальних робіт на автомобільному (морському, річковому) транспорті","cat_4133"
"pc_03502","4133","Оператор диспетчерської служби","cat_4133"
"pc_03503","4133","Оператор пасажирської та вантажної служби","cat_4133"
"pc_03504","4133","Оператор з інформації про вантажопоштові перевезення","cat_4133"
"pc_03505","4133","Оператор при черговому по локомотивному депо","cat_4133"
"pc_03506","4133","Оператор при черговому по станції","cat_4133"
"pc_03507","4133","Оператор при маневровому диспетчері залізничної станції","cat_4133"
"pc_03508","4133","Оператор промивально-пропарювальної станції","cat_4133"
"pc_03509","4133","Оператор служби руху","cat_4133"
"pc_03510","4133","Оператор служби перевезень","cat_4133"
"pc_03511","4133","Оператор станційного технологічного центру оброблення поїзної інформації та перевізних документів","cat_4133"
"pc_03512","4133","Оператор електродепо метрополітену","cat_4133"
"pc_03513","4133","Старший черговий агентства повітряних сполучень","cat_4133"
"pc_03514","4133","Старший оператор диспетчерської руху флоту","cat_4133"
"pc_03515","4133","Оператор авіаційного електрозв'язку","cat_4133"
"pc_03516","4133","Оператор технічних засобів контролю на безпеку","cat_4133"
"pc_03517","4141","Офісний службовець (бібліотека)","cat_4141"
"pc_03518","4141","Офісний службовець (копіювання документів)","cat_4141"
"pc_03519","4141","Офісний службовець (систематизація документів)","cat_4141"
"pc_03520","4141","Офісний службовець (фотокопіювання)","cat_4141"
"pc_03521","4141","Оброблювач інформаційного матеріалу","cat_4141"
"pc_03522","4141","Палітурник документів (архівна справа)","cat_4141"
"pc_03523","4141","Підбирач довідкового та інформаційного матеріалу","cat_4141"
"pc_03524","4141","Реставратор архівних та бібліотечних документів","cat_4141"
"pc_03525","4141","Архіваріус","cat_4141"
"pc_03526","4141","Укладач кінопрограм","cat_4141"
"pc_03527","4142","Експедитор (перевезення пошти)","cat_4142"
"pc_03528","4142","Оброблювач замовлень","cat_4142"
"pc_03529","4142","Оператор експедиційних машин","cat_4142"
"pc_03530","4142","Листоноша (поштар)","cat_4142"
"pc_03531","4142","Сортувальник поштових відправлень та виробів друку","cat_4142"
"pc_03532","4142","Фельд'єгер","cat_4142"
"pc_03533","4142","Черговий відповідальний за обмін пошти","cat_4142"
"pc_03534","4142","Черговий з відправлення та одержання матриць","cat_4142"
"pc_03535","4142","Черговий з оформлення супровідної документації","cat_4142"
"pc_03536","4142","Черговий з підготовки рейсових карток","cat_4142"
"pc_03537","4142","Контролер технічний поштових вагонів","cat_4142"
"pc_03538","4143","Кодувальник","cat_4143"
"pc_03539","4143","Кодифікатор","cat_4143"
"pc_03540","4143","Коректор (коригування текстів)","cat_4143"
"pc_03541","4143","Коректор (коригування морських карт і посібників для плавання)","cat_4143"
"pc_03542","4144","Офісний службовець (документознавство)","cat_4144"
"pc_03543","4144","Діловод","cat_4144"
"pc_03544","4144","Паспортист","cat_4144"
"pc_03545","4144","Переписувач нот","cat_4144"
"pc_03546","4144","Переписувач нот за Брайлем","cat_4144"
"pc_03547","4144","Писар","cat_4144"
"pc_03548","4190","Спостерігач за забрудненням природного середовища","cat_4190"
"pc_03549","4190","Макетник макетно-модельного проектування","cat_4190"
"pc_03550","4190","Макетник театрально-постановочних макетів","cat_4190"
"pc_03551","4190","Макетник художніх макетів","cat_4190"
"pc_03552","4190","Монтажник негатива","cat_4190"
"pc_03553","4190","Монтажник позитива","cat_4190"
"pc_03554","4190","Монтажник експозиції та художньо-оформлювальних робіт","cat_4190"
"pc_03555","4190","Освітлювач","cat_4190"
"pc_03556","4190","Друкар субтитрування","cat_4190"
"pc_03557","4190","Піротехнік","cat_4190"
"pc_03558","4190","Готувач основи для мультиплікаційних малюнків","cat_4190"
"pc_03559","4190","Розфарбовувач законтурованих малюнків","cat_4190"
"pc_03560","4190","Реставратор фільмокопій","cat_4190"
"pc_03561","4190","Укладач опису об'єктів населених пунктів","cat_4190"
"pc_03562","4190","Установник декорацій","cat_4190"
"pc_03563","4190","Установник художніх творів","cat_4190"
"pc_03564","4190","Фільмоперевіряльник","cat_4190"
"pc_03565","4190","Контролер регламентного бюро","cat_4190"
"pc_03566","4190","Табельник","cat_4190"
"pc_03567","4190","Інтерв'юер","cat_4190"
"pc_03568","4190","Обліковець","cat_4190"
"pc_03569","4190","Планшетист","cat_4190"
"pc_03570","4211","Касир торговельного залу","cat_4211"
"pc_03571","4211","Черговий залу ігрових автоматів, атракціонів і тирів","cat_4211"
"pc_03572","4211","Касир квитковий","cat_4211"
"pc_03573","4211","Контролер-касир","cat_4211"
"pc_03574","4211","Касир (на підприємстві, в установі, організації)","cat_4211"
"pc_03575","4211","Касир багажний","cat_4211"
"pc_03576","4211","Касир товарний (вантажний)","cat_4211"
"pc_03577","4211","Контролер квитків","cat_4211"
"pc_03578","4211","Контролер ломбарду","cat_4211"
"pc_03579","4211","Контролер пасажирського транспорту","cat_4211"
"pc_03580","4211","Контролер перонний (квитковий)","cat_4211"
"pc_03581","4211","Контролер-ревізор","cat_4211"
"pc_03582","4211","Оператор автоматизованого розрахунку у готелі","cat_4211"
"pc_03583","4212","Касир-оператор автоматизованої системи оброблення банкнот","cat_4212"
"pc_03584","4212","Касир-операціоніст","cat_4212"
"pc_03585","4212","Контролер у банку","cat_4212"
"pc_03586","4212","Обмінювач грошей","cat_4212"
"pc_03587","4212","Інкасатор","cat_4212"
"pc_03588","4212","Касир (в банку)","cat_4212"
"pc_03589","4212","Інкасатор-водій автотранспортних засобів","cat_4212"
"pc_03590","4212","Операціоніст (банк)","cat_4212"
"pc_03591","4213","Букмекер","cat_4213"
"pc_03592","4213","Круп'є","cat_4213"
"pc_03593","4214","Лихвар","cat_4214"
"pc_03594","4214","Кредитор","cat_4214"
"pc_03595","4215","Збирач благодійних внесків","cat_4215"
"pc_03596","4215","Контролер ринку","cat_4215"
"pc_03597","4215","Збирач боргових платежів","cat_4215"
"pc_03598","4215","Паркувальник","cat_4215"
"pc_03599","4221","Офісний службовець (подорожі)","cat_4221"
"pc_03600","4221","Агент з організації туризму","cat_4221"
"pc_03601","4222","Офіс-адміністратор","cat_4222"
"pc_03602","4222","Офісний службовець (інформація)","cat_4222"
"pc_03603","4222","Черговий з надання довідок","cat_4222"
"pc_03604","4222","Адміністратор","cat_4222"
"pc_03605","4222","Адміністратор черговий","cat_4222"
"pc_03606","4222","Адміністратор (господар) залу","cat_4222"
"pc_03607","4222","Черговий інформаційно-довідкової служби","cat_4222"
"pc_03608","4222","Черговий відповідальний по міністерству (відомству)","cat_4222"
"pc_03609","4222","Черговий у залі більярдному","cat_4222"
"pc_03610","4222","Реєстратор","cat_4222"
"pc_03611","4222","Реєстратор медичний","cat_4222"
"pc_03612","4222","Ресепшіоніст","cat_4222"
"pc_03613","4222","Черговий (інші установи, підприємства, організації)","cat_4222"
"pc_03614","4222","Черговий пульта (пункт централізованого спостереження)","cat_4222"
"pc_03615","4223","Радіотелефоніст","cat_4223"
"pc_03616","4223","Оператор поштового зв'язку","cat_4223"
"pc_03617","4223","Оператор електрозв'язку","cat_4223"
"pc_03618","4223","Радіооператор","cat_4223"
"pc_03619","4223","Телеграфіст","cat_4223"
"pc_03620","4223","Телефоніст міжміського телефонного зв'язку","cat_4223"
"pc_03621","4223","Телефоніст довідкової служби міської телефонної мережі","cat_4223"
"pc_03622","4223","Фотооператор","cat_4223"
"pc_03623","4223","Телефоніст місцевого телефонного зв'язку","cat_4223"
"pc_03624","4229","Адміністратор програм радіо та телебачення","cat_4229"
"pc_03625","4229","Оператор електронно-комунікаційних послуг","cat_4229"
"pc_03626","5111","Прийомоздавальник вантажу та багажу","cat_5111"
"pc_03627","5111","Прийомоздавальник вантажу та багажу в поїздах","cat_5111"
"pc_03628","5111","Черговий по відновному поїзду","cat_5111"
"pc_03629","5111","Бортпровідник судновий","cat_5111"
"pc_03630","5111","Бортпровідник","cat_5111"
"pc_03631","5111","Агент з доставки замовлених квитків","cat_5111"
"pc_03632","5111","Агент з організації обслуговування авіаперевезень","cat_5111"
"pc_03633","5111","Агент з приймання замовлень на квитки","cat_5111"
"pc_03634","5111","Черговий на зустрічі та посадці пасажирів","cat_5111"
"pc_03635","5111","Черговий по залу (вокзалу, залізничного агентства обслуговування пасажирів)","cat_5111"
"pc_03636","5111","Черговий із забезпечення харчування пасажирів","cat_5111"
"pc_03637","5111","Черговий з організації групових пасажирських перевезень","cat_5111"
"pc_03638","5111","Черговий з реєстрації пасажирів","cat_5111"
"pc_03639","5111","Черговий з реєстрації транзитних пасажирів","cat_5111"
"pc_03640","5111","Інспектор-провідник бортовий","cat_5111"
"pc_03641","5111","Інструктор-провідник бортовий","cat_5111"
"pc_03642","5111","Старший бортовий провідник служби бортпровідників","cat_5111"
"pc_03643","5111","Евакуатор","cat_5111"
"pc_03644","5111","Стюард (послуги у дорозі)","cat_5111"
"pc_03645","5112","Провідник із супроводження вантажів","cat_5112"
"pc_03646","5112","Провідник","cat_5112"
"pc_03647","5112","Провідник пасажирських вагонів у парках відстою вагонів","cat_5112"
"pc_03648","5112","Провідник пасажирського вагона","cat_5112"
"pc_03649","5112","Провідник із супроводження локомотивів і пасажирських вагонів у неробочому стані","cat_5112"
"pc_03650","5112","Провідник службово-технічного вагона","cat_5112"
"pc_03651","5112","Кондуктор громадського транспорту","cat_5112"
"pc_03652","5113","Туристичний гід (за видами туризму)","cat_5113"
"pc_03653","5121","Черговий по будинку відпочинку локомотивних (поїзних) бригад","cat_5121"
"pc_03654","5121","Економка","cat_5121"
"pc_03655","5121","Комендант","cat_5121"
"pc_03656","5121","Комендант будинку","cat_5121"
"pc_03657","5121","Комендант об'єкта","cat_5121"
"pc_03658","5121","Оператор з диспетчерського обслуговування ліфтів","cat_5121"
"pc_03659","5121","Портьє","cat_5121"
"pc_03660","5121","Черговий по поверху (готелю, кемпінгу, пансіонату)","cat_5121"
"pc_03661","5121","Консьєрж готельного комплексу","cat_5121"
"pc_03662","5121","Стюард (готелі та інші місця розміщення)","cat_5121"
"pc_03663","5122","Виробник харчових напівфабрикатів","cat_5122"
"pc_03664","5122","Кухар","cat_5122"
"pc_03665","5122","Кухар дитячого харчування","cat_5122"
"pc_03666","5122","Кухар судновий","cat_5122"
"pc_03667","5122","Кухар-матрос","cat_5122"
"pc_03668","5122","Кухар-стюард","cat_5122"
"pc_03669","5123","Стюард","cat_5123"
"pc_03670","5123","Бариста","cat_5123"
"pc_03671","5123","Бармен судновий","cat_5123"
"pc_03672","5123","Буфетник судновий","cat_5123"
"pc_03673","5123","Бармен","cat_5123"
"pc_03674","5123","Буфетник","cat_5123"
"pc_03675","5123","Офіціант","cat_5123"
"pc_03676","5123","Готувач молочних коктейлів","cat_5123"
"pc_03677","5123","Готувач напоїв","cat_5123"
"pc_03678","5123","Метрдотель","cat_5123"
"pc_03679","5123","Офіціант судновий","cat_5123"
"pc_03680","5123","Сомельє","cat_5123"
"pc_03681","5123","Стюард (заклади ресторанного господарства)","cat_5123"
"pc_03682","5129","Інструктор з навчання закладу ресторанного господарства","cat_5129"
"pc_03683","5129","Майстер готельного обслуговування","cat_5129"
"pc_03684","5129","Працівник з обслуговування ресторанного обладнання","cat_5129"
"pc_03685","5129","Працівник закладу ресторанного господарства","cat_5129"
"pc_03686","5129","Майстер ресторанного обслуговування (водний транспорт)","cat_5129"
"pc_03687","5129","Майстер ресторанного обслуговування","cat_5129"
"pc_03688","5129","Чистильник приміщень (клінер)","cat_5129"
"pc_03689","5131","Гувернер","cat_5131"
"pc_03690","5131","Нянька","cat_5131"
"pc_03691","5131","Помічник вихователя","cat_5131"
"pc_03692","5131","Помічник вчителя","cat_5131"
"pc_03693","5132","Екстрений медичний технік","cat_5132"
"pc_03694","5132","Інструктор з надання першої допомоги","cat_5132"
"pc_03695","5132","Молодша медична сестра (молодший медичний брат) з догляду за хворими","cat_5132"
"pc_03696","5132","Молодша медична сестра (молодший медичний брат) (санітарка, санітарка-прибиральниця, санітарка-буфетниця, санітар, санітар-прибиральник, санітар- буфетник та ін.)","cat_5132"
"pc_03697","5132","Оператор оперативно-диспетчерської служби (медицина)","cat_5132"
"pc_03698","5133","Перекладач жестової мови (сурдоперекладач)","cat_5133"
"pc_03699","5133","Супроводжувач осіб з інвалідністю","cat_5133"
"pc_03700","5133","Соціальний робітник","cat_5133"
"pc_03701","5139","Оператор з обслуговування плавальних басейнів","cat_5139"
"pc_03702","5139","Виконавець доручень бюро побутових послуг","cat_5139"
"pc_03703","5139","Перукар собак (грумер)","cat_5139"
"pc_03704","5139","Помічник ветеринара","cat_5139"
"pc_03705","5139","Помічник фармацевта","cat_5139"
"pc_03706","5139","Супроводжувач тварин (хендлер)","cat_5139"
"pc_03707","5139","Стюард (інші послуги фізичним та юридичним особам)","cat_5139"
"pc_03708","5141","Майстер банно(лазне)-оздоровчих послуг","cat_5141"
"pc_03709","5141","Майстер епіляції","cat_5141"
"pc_03710","5141","Пігментолог шкіри обличчя та тіла","cat_5141"
"pc_03711","5141","Візажист","cat_5141"
"pc_03712","5141","Візажист-стиліст","cat_5141"
"pc_03713","5141","Гример-пастижер","cat_5141"
"pc_03714","5141","Вимірювач фізичних даних людини","cat_5141"
"pc_03715","5141","Косметик","cat_5141"
"pc_03716","5141","Перукар (перукар-модельєр)","cat_5141"
"pc_03717","5141","Пастижер","cat_5141"
"pc_03718","5141","Манікюрник","cat_5141"
"pc_03719","5141","Педикюрник","cat_5141"
"pc_03720","5142","Покоївка","cat_5142"
"pc_03721","5142","Помічник по господарству","cat_5142"
"pc_03722","5142","Камердинер","cat_5142"
"pc_03723","5143","Бальзамувальник","cat_5143"
"pc_03724","5143","Машиніст ритуального устаткування","cat_5143"
"pc_03725","5143","Робітник ритуальних послуг","cat_5143"
"pc_03726","5143","Доглядач кладовища (колумбарію)","cat_5143"
"pc_03727","5143","Робітник з обслуговування місць поховань","cat_5143"
"pc_03728","5143","Розпорядник похорону","cat_5143"
"pc_03729","5143","Трунар","cat_5143"
"pc_03730","5149","Водій-інструктор","cat_5149"
"pc_03731","5149","Інструктор з індивідуального навчання водінню","cat_5149"
"pc_03732","5149","Вимірювач об'єктів нерухомого майна","cat_5149"
"pc_03733","5149","Інструктор тиру (стрільбища, стенду)","cat_5149"
"pc_03734","5149","Організатор ритуалу","cat_5149"
"pc_03735","5149","Розпорядник Палацу одружень","cat_5149"
"pc_03736","5149","Інструктор підводного плавання (рекреаційний дайвінг)","cat_5149"
"pc_03737","5149","Інструктор спортивний з туристичного супроводу (за видами туризму)","cat_5149"
"pc_03738","5149","Провідник (за видами туризму)","cat_5149"
"pc_03739","5149","Стюард (стадіони та інші спортивні споруди)","cat_5149"
"pc_03740","5151","Астролог","cat_5151"
"pc_03741","5152","Ворожка","cat_5152"
"pc_03742","5152","Хіромант","cat_5152"
"pc_03743","5161","Десантник-пожежний","cat_5161"
"pc_03744","5161","Інструктор авіапожежної команди","cat_5161"
"pc_03745","5161","Інструктор парашутно-пожежної групи","cat_5161"
"pc_03746","5161","Парашутист-пожежний","cat_5161"
"pc_03747","5161","Пожежний (респіраторник)","cat_5161"
"pc_03748","5161","Старший інспектор парашутної та десантно-пожежної служби центральної бази","cat_5161"
"pc_03749","5161","Пожежний-рятувальник","cat_5161"
"pc_03750","5161","Спостерігач-пожежний","cat_5161"
"pc_03751","5162","Інструктор (молодший склад поліції)","cat_5162"
"pc_03752","5162","Командир відділення (поліція)","cat_5162"
"pc_03753","5162","Командир катера (поліція)","cat_5162"
"pc_03754","5162","Молодший інспектор (поліція)","cat_5162"
"pc_03755","5162","Начальник конвою","cat_5162"
"pc_03756","5162","Начальник стрільбища (тиру, полігону)","cat_5162"
"pc_03757","5162","Оператор служби «102»","cat_5162"
"pc_03758","5162","Оператор стрільбища","cat_5162"
"pc_03759","5162","Поліцейський (за спеціалізаціями)","cat_5162"
"pc_03760","5162","Поліцейський патрульної служби","cat_5162"
"pc_03761","5162","Поліцейський поліції особливого призначення","cat_5162"
"pc_03762","5162","Помічник дільничного офіцера поліції","cat_5162"
"pc_03763","5162","Помічник командира взводу (поліція)","cat_5162"
"pc_03764","5162","Помічник начальника пункту","cat_5162"
"pc_03765","5162","Старшина (поліція)","cat_5162"
"pc_03766","5162","Помічник оперуповноваженого","cat_5162"
"pc_03767","5162","Помічник слідчого","cat_5162"
"pc_03768","5163","Молодший інспектор (пенітенціарна система)","cat_5163"
"pc_03769","5163","Молодший інспектор-черговий (пенітенціарна система)","cat_5163"
"pc_03770","5164","Доброволець територіальної оборони","cat_5164"
"pc_03771","5169","Майстер з обслуговування засобів індивідуального захисту органів дихання та компресорного обладнання","cat_5169"
"pc_03772","5169","Майстер службової кінології","cat_5169"
"pc_03773","5169","Помічник чергового","cat_5169"
"pc_03774","5169","Рятувальник гірський","cat_5169"
"pc_03775","5169","Рятувальник-хімік","cat_5169"
"pc_03776","5169","Охоронець","cat_5169"
"pc_03777","5169","Охоронник","cat_5169"
"pc_03778","5169","Рятувальник","cat_5169"
"pc_03779","5169","Єгер","cat_5169"
"pc_03780","5169","Контролер на контрольно-пропускному пункті","cat_5169"
"pc_03781","5169","Оператор автоматичного газового захисту","cat_5169"
"pc_03782","5169","Оператор сейсмопрогнозу","cat_5169"
"pc_03783","5169","Провідник (вожатий) службових собак","cat_5169"
"pc_03784","5169","Прожекторист","cat_5169"
"pc_03785","5169","Стрілець","cat_5169"
"pc_03786","5169","Черговий бюро перепусток","cat_5169"
"pc_03787","5169","Командир відділення (сфера цивільного захисту)","cat_5169"
"pc_03788","5169","Командир відділення оперативно-рятувальної служби цивільного захисту","cat_5169"
"pc_03789","5169","Командир пункту (газорятувального, гірничорятувального, підземного, аварійно-рятувального, пожежно-рятувального)","cat_5169"
"pc_03790","5169","Молодший інспектор прикордонної служби","cat_5169"
"pc_03791","5169","Оператор з пошуку вибухонебезпечних предметів (демінер)","cat_5169"
"pc_03792","5169","Оператор Оперативно-рятувальної служби цивільного захисту","cat_5169"
"pc_03793","5169","Охоронник-пожежний","cat_5169"
"pc_03794","5169","Рятувальник-верхолаз","cat_5169"
"pc_03795","5169","Рятувальник-кінолог","cat_5169"
"pc_03796","5169","Сапер (розмінування)","cat_5169"
"pc_03797","5169","Черговий підрозділу Оперативно-рятувальної служби цивільного захисту","cat_5169"
"pc_03798","5210","Манекенник","cat_5210"
"pc_03799","5210","Модель","cat_5210"
"pc_03800","5210","Демонстратор зачісок","cat_5210"
"pc_03801","5210","Натурник","cat_5210"
"pc_03802","5220","Фасувальник медичних виробів","cat_5220"
"pc_03803","5220","Дегустатор (рекламна діяльність)","cat_5220"
"pc_03804","5220","Демонстратор товарів (рекламна діяльність)","cat_5220"
"pc_03805","5220","Демонстратор-консультант з продажу інформаційно-комунікаційного устаткування","cat_5220"
"pc_03806","5220","Комплектувальник товарів","cat_5220"
"pc_03807","5220","Продавець непродовольчих товарів","cat_5220"
"pc_03808","5220","Продавець продовольчих товарів","cat_5220"
"pc_03809","5220","Продавець-консультант","cat_5220"
"pc_03810","5230","Продавець (з лотка, на ринку)","cat_5230"
"pc_03811","5230","Кіоскер","cat_5230"
"pc_03812","5230","Торговець рибою","cat_5230"
"pc_03813","5311","Відеотекар","cat_5311"
"pc_03814","5311","Фільмотекар","cat_5311"
"pc_03815","5311","Фонотекар","cat_5311"
"pc_03816","5311","Фототекар","cat_5311"
"pc_03817","5312","Виконавець художньо-оформлювальних робіт","cat_5312"
"pc_03818","5312","Декоратор вітрин","cat_5312"
"pc_03819","5312","Реквізитор","cat_5312"
"pc_03820","5312","Оформлювач вітрин, приміщень та будівель","cat_5312"
"pc_03821","6111","Овочівник","cat_6111"
"pc_03822","6111","Плодоовочівник","cat_6111"
"pc_03823","6111","Рисівник","cat_6111"
"pc_03824","6111","Тютюнник","cat_6111"
"pc_03825","6111","Ефіроолійник","cat_6111"
"pc_03826","6112","Винороб","cat_6112"
"pc_03827","6112","Виноградар","cat_6112"
"pc_03828","6112","Садовод","cat_6112"
"pc_03829","6112","Хмеляр","cat_6112"
"pc_03830","6113","Грибовод","cat_6113"
"pc_03831","6113","Озеленювач","cat_6113"
"pc_03832","6113","Оператор технологічного устаткування в спорудах захищеного ґрунту","cat_6113"
"pc_03833","6113","Робітник зеленого будівництва","cat_6113"
"pc_03834","6113","Садівник","cat_6113"
"pc_03835","6113","Квітникар","cat_6113"
"pc_03836","6113","Садівник (біля будинку)","cat_6113"
"pc_03837","6121","Віварник","cat_6121"
"pc_03838","6121","Гуртівник","cat_6121"
"pc_03839","6121","Дояр","cat_6121"
"pc_03840","6121","Тваринник","cat_6121"
"pc_03841","6121","Зоолаборант розплідника лабораторних тварин","cat_6121"
"pc_03842","6121","Коняр","cat_6121"
"pc_03843","6121","Кролівник","cat_6121"
"pc_03844","6121","Оператор тваринницьких комплексів та механізованих ферм","cat_6121"
"pc_03845","6121","Оператор машинного доїння","cat_6121"
"pc_03846","6121","Оператор з ветеринарного оброблення тварин","cat_6121"
"pc_03847","6121","Оператор із штучного осіменіння тварин та птиці","cat_6121"
"pc_03848","6121","Оператор цехів для приготування кормів (тваринництво)","cat_6121"
"pc_03849","6121","Готувач кормів (тваринництво)","cat_6121"
"pc_03850","6121","Провідник із супроводження тварин","cat_6121"
"pc_03851","6121","Санітар (ветеринарна медицина)","cat_6121"
"pc_03852","6121","Свинар","cat_6121"
"pc_03853","6121","Чабан","cat_6121"
"pc_03854","6121","Оператор свинарських комплексів і механізованих ферм","cat_6121"
"pc_03855","6122","Оператор птахофабрик та механізованих ферм","cat_6122"
"pc_03856","6122","Птахівник","cat_6122"
"pc_03857","6122","Оператор інкубаторно-птахівничої станції","cat_6122"
"pc_03858","6123","Майстер з комплексного обслуговування об’єктів бджільництва","cat_6123"
"pc_03859","6123","Лаборант з гренажу","cat_6123"
"pc_03860","6123","Бджоляр","cat_6123"
"pc_03861","6123","Шовківник","cat_6123"
"pc_03862","6124","Звірівник","cat_6124"
"pc_03863","6124","Звірівник зоологічних баз","cat_6124"
"pc_03864","6124","Зоолаборант серпентарію","cat_6124"
"pc_03865","6124","Собаківник","cat_6124"
"pc_03866","6129","Ідентифікатор тварин","cat_6129"
"pc_03867","6129","Наїзник","cat_6129"
"pc_03868","6129","Оброблювач шкур (тваринництво)","cat_6129"
"pc_03869","6129","Робітник з догляду за тваринами","cat_6129"
"pc_03870","6129","Тренер коней","cat_6129"
"pc_03871","6129","Кінолог","cat_6129"
"pc_03872","6131","Робітник з комплексного обслуговування сільськогосподарського виробництва","cat_6131"
"pc_03873","6131","Фермер","cat_6131"
"pc_03874","6131","Робітник фермерського господарства","cat_6131"
"pc_03875","6141","Контролер лісозаготівельного виробництва","cat_6141"
"pc_03876","6141","Навальник-штабелювальник деревини","cat_6141"
"pc_03877","6141","Вальник лісу","cat_6141"
"pc_03878","6141","Лісник","cat_6141"
"pc_03879","6141","Лісоруб","cat_6141"
"pc_03880","6141","Розмітник хлистів","cat_6141"
"pc_03881","6141","Здавач експортних лісоматеріалів","cat_6141"
"pc_03882","6141","Чокерівник","cat_6141"
"pc_03883","6141","Робітник на лісокультурних (лісогосподарських) роботах","cat_6141"
"pc_03884","6142","Здіймальник","cat_6142"
"pc_03885","6151","Заготівник водоростей","cat_6151"
"pc_03886","6151","Машиніст машин та механізмів внутрішніх водоймищ","cat_6151"
"pc_03887","6151","Рибовод (кваліфікований робітник)","cat_6151"
"pc_03888","6151","Моревод","cat_6151"
"pc_03889","6151","Природоохоронник","cat_6151"
"pc_03890","6152","Виробник знарядь лову","cat_6152"
"pc_03891","6152","Інструктор із спортивного рибальства","cat_6152"
"pc_03892","6152","Машиніст рибопромислових машин та механізмів (внутрішні та прибережні води)","cat_6152"
"pc_03893","6152","Приймальник плавзасобів","cat_6152"
"pc_03894","6152","Рибалка прибережного лову","cat_6152"
"pc_03895","6153","Машиніст рибопромислових машин та механізмів (відкрите море)","cat_6153"
"pc_03896","6154","Герпетолог","cat_6154"
"pc_03897","6190","Бригадир на дільницях основного виробництва (інші сільськогосподарські робітники та рибалки)","cat_6190"
"pc_03898","7111","Пресувальник торфових виробів","cat_7111"
"pc_03899","7111","Респіраторник","cat_7111"
"pc_03900","7111","Збагачувач мінералів та шліхів","cat_7111"
"pc_03901","7111","Гірник на геологічних роботах","cat_7111"
"pc_03902","7111","Гірник на маркшейдерських роботах","cat_7111"
"pc_03903","7111","Гірник очисного забою","cat_7111"
"pc_03904","7111","Гірник підземний","cat_7111"
"pc_03905","7111","Гірник з попередження та гасіння пожеж","cat_7111"
"pc_03906","7111","Гірник з ремонту гірничих виробок","cat_7111"
"pc_03907","7111","Гірник на очисних роботах в шахтах","cat_7111"
"pc_03908","7111","Гірник на підготовчих роботах в шахтах","cat_7111"
"pc_03909","7111","Гірник розсипних родовищ,","cat_7111"
"pc_03910","7111","Забійник","cat_7111"
"pc_03911","7111","Забійник на відбійних молотках","cat_7111"
"pc_03912","7111","Замірник на топографо-геодезичних і маркшейдерських роботах","cat_7111"
"pc_03913","7111","Ізолювальник (будівництво метрополітенів)","cat_7111"
"pc_03914","7111","Каротажник","cat_7111"
"pc_03915","7111","Колій плит та блоків","cat_7111"
"pc_03916","7111","Кріпильник","cat_7111"
"pc_03917","7111","Люковий (гірничі роботи)","cat_7111"
"pc_03918","7111","Монтажник геодезичних знаків","cat_7111"
"pc_03919","7111","Набирач проб у шахті","cat_7111"
"pc_03920","7111","Оббирач гірничих виробок","cat_7111"
"pc_03921","7111","Відбірник геологічних проб","cat_7111"
"pc_03922","7111","Готувач басейнів","cat_7111"
"pc_03923","7111","Прохідник","cat_7111"
"pc_03924","7111","Прохідник гірничих схилів","cat_7111"
"pc_03925","7111","Прохідник на поверхневих роботах","cat_7111"
"pc_03926","7111","Регулювальник хвостового господарства","cat_7111"
"pc_03927","7111","Стовбуровий (підземний)","cat_7111"
"pc_03928","7111","Терморізальник","cat_7111"
"pc_03929","7111","Гірник на допоміжних роботах в шахтах","cat_7111"
"pc_03930","7111","Стовбуровий (поверхневий)","cat_7111"
"pc_03931","7112","Підривник","cat_7112"
"pc_03932","7112","Підривник (спеціальні хімічні виробництва)","cat_7112"
"pc_03933","7112","Підривник-розрядник боєприпасів","cat_7112"
"pc_03934","7112","Підривник на лісових роботах","cat_7112"
"pc_03935","7112","Майстер-підривник","cat_7112"
"pc_03936","7113","Калібрувальник-розкрійник","cat_7113"
"pc_03937","7113","Каменотес (оброблення каменю)","cat_7113"
"pc_03938","7113","Каменотес (будівельні, монтажні та ремонтно-будівельні роботи)","cat_7113"
"pc_03939","7113","Контролер виробів із слюди","cat_7113"
"pc_03940","7113","Розпилювач каменю (виробництво художніх виробів)","cat_7113"
"pc_03941","7113","Різьбяр по каменю","cat_7113"
"pc_03942","7115","Оператор вагового устаткування","cat_7115"
"pc_03943","7120","Деревообробник будівельний","cat_7120"
"pc_03944","7120","Монтажник будівельний","cat_7120"
"pc_03945","7122","Муляр","cat_7122"
"pc_03946","7122","Вогнетривник","cat_7122"
"pc_03947","7122","Пічник","cat_7122"
"pc_03948","7122","Реставратор пам'яток кам'яної архітектури","cat_7122"
"pc_03949","7122","Укладальник промислових залізобетонних труб","cat_7122"
"pc_03950","7122","Укладальник промислових цегляних труб","cat_7122"
"pc_03951","7122","Футерувальник-муляр","cat_7122"
"pc_03952","7122","Футерувальник (кислототривник)","cat_7122"
"pc_03953","7122","Футерувальник-шамотник на ремонті ванн","cat_7122"
"pc_03954","7123","Бетоняр","cat_7123"
"pc_03955","7123","Цементатор","cat_7123"
"pc_03956","7124","Комплектувальник панелей","cat_7124"
"pc_03957","7124","Тесляр","cat_7124"
"pc_03958","7124","Реставратор пам'яток дерев'яної архітектури","cat_7124"
"pc_03959","7124","Столяр будівельний","cat_7124"
"pc_03960","7124","Столяр судновий","cat_7124"
"pc_03961","7124","Столяр-верстатник (будівельні роботи)","cat_7124"
"pc_03962","7129","Верхолаз","cat_7129"
"pc_03963","7129","Бригадир (звільнений) з поточного утримання й ремонту колій та штучних споруд","cat_7129"
"pc_03964","7129","Дорожньо-колійний робітник","cat_7129"
"pc_03965","7129","Землекоп","cat_7129"
"pc_03966","7129","Монтер колії","cat_7129"
"pc_03967","7129","Бруківник","cat_7129"
"pc_03968","7129","Обхідник колій та штучних споруд","cat_7129"
"pc_03969","7129","Колійний робітник на озері","cat_7129"
"pc_03970","7129","Робітник з комплексного обслуговування й ремонту будинків","cat_7129"
"pc_03971","7129","Ремонтувальник висотних частин будинків","cat_7129"
"pc_03972","7129","Ремонтувальник площинних спортивних споруд","cat_7129"
"pc_03973","7129","Ремонтник штучних споруд","cat_7129"
"pc_03974","7129","Річковий робітник на підводно-технічних, габіонних і фашинних роботах, що виконуються з поверхні","cat_7129"
"pc_03975","7129","Тунельний робітник","cat_7129"
"pc_03976","7129","Монтажник віконно-дверних конструкцій","cat_7129"
"pc_03977","7129","Монтажник гіпсокартонних конструкцій","cat_7129"
"pc_03978","7129","Монтажник систем утеплення будівель","cat_7129"
"pc_03979","7129","Монтажник-складальник алюмінієвих конструкцій","cat_7129"
"pc_03980","7129","Монтажник-складальник металопластикових конструкцій","cat_7129"
"pc_03981","7131","Покрівельник рулонних покрівель та покрівель із штучних матеріалів","cat_7131"
"pc_03982","7131","Покрівельник сталевих покрівель","cat_7131"
"pc_03983","7131","Реставратор покрівельних покриттів","cat_7131"
"pc_03984","7132","Лицювальник-мозаїст","cat_7132"
"pc_03985","7132","Лицювальник-мармурник","cat_7132"
"pc_03986","7132","Лицювальник-полірувальник","cat_7132"
"pc_03987","7132","Лицювальник синтетичними матеріалами","cat_7132"
"pc_03988","7132","Паркетник","cat_7132"
"pc_03989","7132","Лицювальник-плиточник","cat_7132"
"pc_03990","7133","Ліпник архітектурних деталей","cat_7133"
"pc_03991","7133","Модельник архітектурних деталей","cat_7133"
"pc_03992","7133","Реставратор декоративних штукатурок і ліпних виробів","cat_7133"
"pc_03993","7133","Штукатур","cat_7133"
"pc_03994","7134","Ізолювальник (спеціальні виробництва)","cat_7134"
"pc_03995","7134","Ізолювальник на гідроізоляції","cat_7134"
"pc_03996","7134","Ізолювальник з термоізоляції","cat_7134"
"pc_03997","7134","Ізолювальник-плівочник","cat_7134"
"pc_03998","7134","Ізолювальник судновий","cat_7134"
"pc_03999","7134","Кислототривник-вініпластник","cat_7134"
"pc_04000","7134","Кислототривник-гумувальник","cat_7134"
"pc_04001","7134","Ізолювальник шнура (спеціальні хімічні виробництва)","cat_7134"
"pc_04002","7135","Вітражник","cat_7135"
"pc_04003","7135","Скляр","cat_7135"
"pc_04004","7136","Бортоператор з перевірки магістральних трубопроводів","cat_7136"
"pc_04005","7136","Водопровідник доменної печі","cat_7136"
"pc_04006","7136","Водопровідник шахтної печі","cat_7136"
"pc_04007","7136","Заправник поливально-мийних машин","cat_7136"
"pc_04008","7136","Контролер водопровідного господарства","cat_7136"
"pc_04009","7136","Контролер газового господарства","cat_7136"
"pc_04010","7136","Монтажник зовнішніх трубопроводів","cat_7136"
"pc_04011","7136","Монтажник санітарно-технічних систем і устаткування","cat_7136"
"pc_04012","7136","Монтажник санітарно-технічного устаткування","cat_7136"
"pc_04013","7136","Монтажник технологічних трубопроводів","cat_7136"
"pc_04014","7136","Обхідник водопровідно-каналізаційної мережі","cat_7136"
"pc_04015","7136","Слюсар з аварійно-відбудовних робіт у газовому господарстві","cat_7136"
"pc_04016","7136","Слюсар з виготовлення й ремонту трубопроводів","cat_7136"
"pc_04017","7136","Слюсар з експлуатації та ремонту підземних газопроводів","cat_7136"
"pc_04018","7136","Слюсар-сантехнік","cat_7136"
"pc_04019","7136","Трубозгинальник судновий","cat_7136"
"pc_04020","7136","Трубопровідник лінійний","cat_7136"
"pc_04021","7136","Трубопровідник судновий","cat_7136"
"pc_04022","7136","Слюсар з виготовлення вузлів та деталей технологічних трубопроводів","cat_7136"
"pc_04023","7136","Контролер теплового господарства","cat_7136"
"pc_04024","7137","Електромонтажник з освітлення та освітлювальних мереж","cat_7137"
"pc_04025","7137","Електрослюсар будівельний","cat_7137"
"pc_04026","7137","Монтажник сонячних (фотоелектричних) станцій","cat_7137"
"pc_04027","7139","Лицювальник (будівельний)","cat_7139"
"pc_04028","7139","Майстер з монтажу навісних вентильованих фасадів та світлопрозорих конструкцій","cat_7139"
"pc_04029","7139","Монтажник (інсталятор) інженерних систем та устаткування","cat_7139"
"pc_04030","7139","Монтажник свїтлопрозорих та вентильованих фасадів","cat_7139"
"pc_04031","7139","Монтажник стельових конструкцій","cat_7139"
"pc_04032","7139","Укладальник підлогових покриттів","cat_7139"
"pc_04033","7139","Ізолювальник (будівельні роботи)","cat_7139"
"pc_04034","7139","Кесонник будівельний","cat_7139"
"pc_04035","7139","Кислототривник (будівельні роботи)","cat_7139"
"pc_04036","7139","Механік технічних систем будівель","cat_7139"
"pc_04037","7139","Монтажник мереж зв'язку (будівельні роботи)","cat_7139"
"pc_04038","7139","Опоряджувальник будівельний","cat_7139"
"pc_04039","7139","Покрівельник будівельний","cat_7139"
"pc_04040","7139","Слюсар-монтажник технологічних трубопроводів","cat_7139"
"pc_04041","7141","Контролер малярних робіт","cat_7141"
"pc_04042","7141","Лакувальник художніх виробів","cat_7141"
"pc_04043","7141","Маляр з оброблення декорацій","cat_7141"
"pc_04044","7141","Маляр","cat_7141"
"pc_04045","7142","Лакувальник підносів","cat_7142"
"pc_04046","7142","Фарбувальник приладів і деталей","cat_7142"
"pc_04047","7142","Опоряджувальник виробів з деревини","cat_7142"
"pc_04048","7142","Реставратор декоративно-художніх фарбувань","cat_7142"
"pc_04049","7142","Малювальник емалями","cat_7142"
"pc_04050","7143","Піскоструминник","cat_7143"
"pc_04051","7143","Працівник пест-контролю","cat_7143"
"pc_04052","7143","Сажотрус","cat_7143"
"pc_04053","7211","Бригадир дільниці приготування формувальної суміші","cat_7211"
"pc_04054","7211","Гідрочистильник","cat_7211"
"pc_04055","7211","Заварник відливок","cat_7211"
"pc_04056","7211","Кокільник-складальник","cat_7211"
"pc_04057","7211","Комплектувальник моделей","cat_7211"
"pc_04058","7211","Обрубувач","cat_7211"
"pc_04059","7211","Обпилювач фасонних відливок","cat_7211"
"pc_04060","7211","Піскозліплювальник","cat_7211"
"pc_04061","7211","Складальник форм","cat_7211"
"pc_04062","7211","Стрижневик машинного формування","cat_7211"
"pc_04063","7211","Стрижневик ручного формування","cat_7211"
"pc_04064","7211","Формувальник машинного формування","cat_7211"
"pc_04065","7211","Формувальник з виплавлюваних моделей","cat_7211"
"pc_04066","7211","Формувальник ручного формування","cat_7211"
"pc_04067","7212","Паяльник агрегатів ракетних рідинних двигунів","cat_7212"
"pc_04068","7212","Паяльщик спеціальних виробів (спеціальні хімічні виробництва)","cat_7212"
"pc_04069","7212","Різальник на лазерній установці","cat_7212"
"pc_04070","7212","Газозварник","cat_7212"
"pc_04071","7212","Електрозварник ручного зварювання","cat_7212"
"pc_04072","7212","Електрогазозварник судновий","cat_7212"
"pc_04073","7212","Бригадир муфтозварювального відділення","cat_7212"
"pc_04074","7212","Вишкомонтажник-зварник","cat_7212"
"pc_04075","7212","Газорізальник","cat_7212"
"pc_04076","7212","Заготівник матеріалу та деталей","cat_7212"
"pc_04077","7212","Контролер зварювальних робіт","cat_7212"
"pc_04078","7212","Оператор проекційної апаратури та газорізальних машин","cat_7212"
"pc_04079","7212","Паяльщик","cat_7212"
"pc_04080","7212","Паяльщик пакетів конденсаторів","cat_7212"
"pc_04081","7212","Паяльщик по свинцю (свинцевопаяльщик)","cat_7212"
"pc_04082","7212","Зварник арматурних сіток та каркасів","cat_7212"
"pc_04083","7212","Зварник випрямлячів","cat_7212"
"pc_04084","7212","Зварник виробів з тугоплавких металів","cat_7212"
"pc_04085","7212","Зварник на дифузійно-зварювальних установках","cat_7212"
"pc_04086","7212","Зварник на лазерних установках","cat_7212"
"pc_04087","7212","Зварник на машинах контактного (пресового) зварювання","cat_7212"
"pc_04088","7212","Зварник на електронно-променевих зварювальних установках","cat_7212"
"pc_04089","7212","Зварник термітного зварювання","cat_7212"
"pc_04090","7212","Зварник електровакуумних приладів","cat_7212"
"pc_04091","7212","Електровібронаплавлювач","cat_7212"
"pc_04092","7212","Електрогазозварник","cat_7212"
"pc_04093","7212","Електрогазозварник-врізальник","cat_7212"
"pc_04094","7212","Електрозварник листів та стрічок","cat_7212"
"pc_04095","7212","Електрозварник на автоматичних та напівавтоматичних машинах","cat_7212"
"pc_04096","7212","Електрозварник труб на стані","cat_7212"
"pc_04097","7213","Бляхар","cat_7213"
"pc_04098","7213","Мідник","cat_7213"
"pc_04099","7213","Мідник з виготовлення суднових виробів","cat_7213"
"pc_04100","7213","Рихтувальник кузовів","cat_7213"
"pc_04101","7213","Сортувальник жерсті та виробів","cat_7213"
"pc_04102","7214","Арматурник (виробництво залізобетонних і бетонних виробів та конструкцій)","cat_7214"
"pc_04103","7214","Арматурник (будівельні, монтажні й ремонтно-будівельні роботи)","cat_7214"
"pc_04104","7214","Арматурник залізобетонних суден","cat_7214"
"pc_04105","7214","Бригадир на обробленні, сортуванні, прийманні, здаванні, пакетуванні та пакуванні металу й готової продукції","cat_7214"
"pc_04106","7214","Згинальник судновий","cat_7214"
"pc_04107","7214","Клепальник","cat_7214"
"pc_04108","7214","Контролер котельних, холодноштампувальних і давильних робіт (котельні роботи)","cat_7214"
"pc_04109","7214","Контролер брухту та відходів металу","cat_7214"
"pc_04110","7214","Контролер суднокорпусних, судномонтажних і трубопровідних робіт","cat_7214"
"pc_04111","7214","Котельник","cat_7214"
"pc_04112","7214","Котельник судновий","cat_7214"
"pc_04113","7214","Монтажник з монтажу сталевих та залізобетонних конструкцій","cat_7214"
"pc_04114","7214","Розмітник плазовий","cat_7214"
"pc_04115","7214","Реставратор металевих конструкцій","cat_7214"
"pc_04116","7214","Рубач судновий","cat_7214"
"pc_04117","7214","Слюсар із складання металевих конструкцій","cat_7214"
"pc_04118","7214","Суднокорпусник-ремонтник","cat_7214"
"pc_04119","7214","Чеканник","cat_7214"
"pc_04120","7215","Транспортувальник спеціальних виробів (спеціальні хімічні виробництва)","cat_7215"
"pc_04121","7215","Бригадир з переміщення сировини, напівфабрикатів і готової продукції у процесі виробництва","cat_7215"
"pc_04122","7215","Намотувальник дроту та тросів","cat_7215"
"pc_04123","7215","Стропальник","cat_7215"
"pc_04124","7215","Зшивальник металевих сіток","cat_7215"
"pc_04125","7215","Такелажник","cat_7215"
"pc_04126","7215","Такелажник на монтажі","cat_7215"
"pc_04127","7215","Такелажник судновий","cat_7215"
"pc_04128","7215","Транспортувальник (такелажні роботи)","cat_7215"
"pc_04129","7215","Ланцюгов'язальник","cat_7215"
"pc_04130","7216","Водолаз","cat_7216"
"pc_04131","7216","Кесонник-апаратник","cat_7216"
"pc_04132","7216","Кесонник-прохідник","cat_7216"
"pc_04133","7216","Кесонник-слюсар","cat_7216"
"pc_04134","7216","Кесонник-електромонтажник","cat_7216"
"pc_04135","7216","Матрос-водолаз","cat_7216"
"pc_04136","7219","Електрозварник у металургійному виробництві","cat_7219"
"pc_04137","7219","Зварник","cat_7219"
"pc_04138","7221","Виготовлювач сильфонів","cat_7221"
"pc_04139","7221","Бандажник","cat_7221"
"pc_04140","7221","Бригадир заготівельного відділення","cat_7221"
"pc_04141","7221","Бригадир молотового відділення","cat_7221"
"pc_04142","7221","Вальцювальник (холодноштампувальні роботи)","cat_7221"
"pc_04143","7221","Вальцювальник гольчастих роликів і кульок","cat_7221"
"pc_04144","7221","Волочильник","cat_7221"
"pc_04145","7221","Згинальник труб","cat_7221"
"pc_04146","7221","Давильник","cat_7221"
"pc_04147","7221","Завальцювальник","cat_7221"
"pc_04148","7221","Виробник сильфонних компенсаторів та шлангів","cat_7221"
"pc_04149","7221","Контролер котельних, холодноштампувальних і давильних робіт (холодноштампувальні та давильні роботи)","cat_7221"
"pc_04150","7221","Контролер ковальсько-пресових робіт","cat_7221"
"pc_04151","7221","Копрівник з оброблення брухту та відходів металу","cat_7221"
"pc_04152","7221","Коваль-бурозаправник","cat_7221"
"pc_04153","7221","Коваль на молотах і пресах","cat_7221"
"pc_04154","7221","Коваль ручного кування","cat_7221"
"pc_04155","7221","Коваль-штампувальник","cat_7221"
"pc_04156","7221","Коваль-штампувальник на ротаційних машинах","cat_7221"
"pc_04157","7221","Машиніст на молотах, пресах та маніпуляторах","cat_7221"
"pc_04158","7221","Нагрівальник (зварник) металу","cat_7221"
"pc_04159","7221","Оператор автоматичних і напівавтоматичних ліній холодноштампувального устаткування","cat_7221"
"pc_04160","7221","Оператор-коваль на автоматичних і напівавтоматичних лініях","cat_7221"
"pc_04161","7221","Правильник ручним способом","cat_7221"
"pc_04162","7221","Правильник на машинах","cat_7221"
"pc_04163","7221","Пресувальник заготовок для шпальтових сит","cat_7221"
"pc_04164","7221","Пресувальник брухту та відходів металу","cat_7221"
"pc_04165","7221","Пресувальник на гарячому штампуванні","cat_7221"
"pc_04166","7221","Профілювальник","cat_7221"
"pc_04167","7221","Пружинник","cat_7221"
"pc_04168","7221","Розкатник","cat_7221"
"pc_04169","7221","Різальник металу на ножицях і пресах","cat_7221"
"pc_04170","7221","Ресорник на обробленні гарячого металу","cat_7221"
"pc_04171","7221","Штампувальник (холодноштампувальні роботи)","cat_7221"
"pc_04172","7221","Штампувальник рідкого металу","cat_7221"
"pc_04173","7221","Штампувальник методом вибуху","cat_7221"
"pc_04174","7221","Штампувальник на падаючих молотах","cat_7221"
"pc_04175","7221","Штампувальник електроімпульсним методом","cat_7221"
"pc_04176","7222","Заточувальник","cat_7222"
"pc_04177","7222","Модельник аерогідродинамічних моделей з металу","cat_7222"
"pc_04178","7222","Модельник з металевих моделей","cat_7222"
"pc_04179","7222","Пилкоправ","cat_7222"
"pc_04180","7222","Розмітник","cat_7222"
"pc_04181","7222","Розмітник судновий","cat_7222"
"pc_04182","7222","Ремонтник технологічного оснащення","cat_7222"
"pc_04183","7222","Слюсар-інструментальник","cat_7222"
"pc_04184","7222","Точильник","cat_7222"
"pc_04185","7222","Майстер з продажу, налагодження та експлуатації систем замикання і контролю доступу (локсмайстер)","cat_7222"
"pc_04186","7223","Контролер верстатних і слюсарних робіт (слюсарні роботи)","cat_7223"
"pc_04187","7223","Налагоджувальник автоматичних ліній і агрегатних верстатів","cat_7223"
"pc_04188","7223","Налагоджувальник автоматів і напівавтоматів","cat_7223"
"pc_04189","7223","Налагоджувальник автоматів зварювання виводів","cat_7223"
"pc_04190","7223","Налагоджувальник автоматів елементного виробництва","cat_7223"
"pc_04191","7223","Налагоджувальник волокнистоцементного устаткування","cat_7223"
"pc_04192","7223","Налагоджувальник зуборізних і різьбофрезерних верстатів","cat_7223"
"pc_04193","7223","Налагоджувальник зубофрезерних автоматів та напівавтоматів","cat_7223"
"pc_04194","7223","Налагоджувальник контрольно-вимірювальних вагонів","cat_7223"
"pc_04195","7223","Налагоджувальник ковальсько-пресового устаткування","cat_7223"
"pc_04196","7223","Налагоджувальник ливарних машин","cat_7223"
"pc_04197","7223","Налагоджувальник мийних машин","cat_7223"
"pc_04198","7223","Налагоджувальник-монтажник випробувального устаткування","cat_7223"
"pc_04199","7223","Налагоджувальник настільних верстатів та пресів","cat_7223"
"pc_04200","7223","Налагоджувальник устаткування в паперовому виробництві","cat_7223"
"pc_04201","7223","Налагоджувальник устаткування у виробництві азбестових технічних виробів","cat_7223"
"pc_04202","7223","Налагоджувальник устаткування у виробництві аерозольних пакувань","cat_7223"
"pc_04203","7223","Налагоджувальник устаткування у виробництві металевих канатів, сіток, пружин, щіток та ланцюгів","cat_7223"
"pc_04204","7223","Налагоджувальник устаткування у виробництві харчової продукції","cat_7223"
"pc_04205","7223","Налагоджувальник устаткування у виробництві стінових та в'яжучих матеріалів","cat_7223"
"pc_04206","7223","Налагоджувальник устаткування у виробництві теплоізоляційних матеріалів","cat_7223"
"pc_04207","7223","Налагоджувальник устаткування залізобетонного виробництва","cat_7223"
"pc_04208","7223","Налагоджувальник устаткування бляшано-банкового виробництва","cat_7223"
"pc_04209","7223","Налагоджувальник устаткування й агрегатів у термообробленні","cat_7223"
"pc_04210","7223","Налагоджувальник устаткування голкового виробництва","cat_7223"
"pc_04211","7223","Налагоджувальник устаткування керамічного виробництва","cat_7223"
"pc_04212","7223","Налагоджувальник устаткування металевого покриття та фарбування","cat_7223"
"pc_04213","7223","Налагоджувальник устаткування оптичного виробництва","cat_7223"
"pc_04214","7223","Налагоджувальник устаткування для оброблення каменю","cat_7223"
"pc_04215","7223","Налагоджувальник грудкувальних машин","cat_7223"
"pc_04216","7223","Налагоджувальник поліграфічного устаткування","cat_7223"
"pc_04217","7223","Налагоджувальник напівавтоматичних установок акумуляторного виробництва","cat_7223"
"pc_04218","7223","Налагоджувальник колійних машин та механізмів","cat_7223"
"pc_04219","7223","Налагоджувальник ремізо-бердного устаткування","cat_7223"
"pc_04220","7223","Налагоджувальник складальних автоматів, напівавтоматів та автоматичних ліній","cat_7223"
"pc_04221","7223","Налагоджувальник зварювального й газоплазморізального устаткування","cat_7223"
"pc_04222","7223","Налагоджувальник сортувальних автоматів","cat_7223"
"pc_04223","7223","Налагоджувальник верстатів і маніпуляторів з програмним керуванням","cat_7223"
"pc_04224","7223","Налагоджувальник склоробних автоматів і напівавтоматів","cat_7223"
"pc_04225","7223","Налагоджувальник технологічного устаткування (оброблення бавовни й луб'яних культур)","cat_7223"
"pc_04226","7223","Налагоджувальник формувальних і стрижньових машин","cat_7223"
"pc_04227","7223","Налагоджувальник холодноштампувального устаткування","cat_7223"
"pc_04228","7223","Налагоджувальник шліфувальних верстатів","cat_7223"
"pc_04229","7223","Слюсар електродної продукції","cat_7223"
"pc_04230","7224","Полірувальник (спеціальні хімічні виробництва)","cat_7224"
"pc_04231","7224","Полірувальник-доводжувач спеціальних виробів","cat_7224"
"pc_04232","7224","Доводжувач-притирник","cat_7224"
"pc_04233","7224","Виробник фільєр","cat_7224"
"pc_04234","7224","Тесляр судновий","cat_7224"
"pc_04235","7224","Полірувальник (механічне оброблення металів)","cat_7224"
"pc_04236","7229","Коваль у виробництві готових металевих виробів","cat_7229"
"pc_04237","7231","Ремонтник-мехатронік","cat_7231"
"pc_04238","7231","Слюсар з ремонту колісних транспортних засобів","cat_7231"
"pc_04239","7231","Водій-випробувач","cat_7231"
"pc_04240","7231","Випробувач двигунів","cat_7231"
"pc_04241","7231","Налагоджувальник сільськогосподарських машин та тракторів","cat_7231"
"pc_04242","7231","Слюсар з паливної апаратури","cat_7231"
"pc_04243","7232","Авіаційний механік з планера та двигунів","cat_7232"
"pc_04244","7232","Авіаційний технік (механік) з парашутних та аварійно-рятувальних засобів","cat_7232"
"pc_04245","7232","Дефективник авіаційної техніки","cat_7232"
"pc_04246","7232","Ізолювальник (літальні апарати)","cat_7232"
"pc_04247","7232","Випробувач-механік двигунів","cat_7232"
"pc_04248","7232","Клеїльник силової арматури та м'яких баків","cat_7232"
"pc_04249","7232","Комплектувальник авіаційної техніки","cat_7232"
"pc_04250","7232","Контролер складально-монтажних та ремонтних робіт","cat_7232"
"pc_04251","7232","Регулювальник-настроювач тренажерів","cat_7232"
"pc_04252","7232","Слюсар-випробувач","cat_7232"
"pc_04253","7232","Слюсар-механік з ремонту авіаційних приладів","cat_7232"
"pc_04254","7232","Слюсар з аерогідродинамічних випробувань","cat_7232"
"pc_04255","7232","Слюсар з виготовлення та доведення деталей літальних апаратів","cat_7232"
"pc_04256","7232","Слюсар з ремонту авіадвигунів","cat_7232"
"pc_04257","7232","Слюсар з ремонту агрегатів","cat_7232"
"pc_04258","7232","Слюсар з ремонту літальних апаратів","cat_7232"
"pc_04259","7232","Слюсар-складальник двигунів","cat_7232"
"pc_04260","7232","Слюсар-складальник літальних апаратів","cat_7232"
"pc_04261","7232","Зміцнювальник деталей","cat_7232"
"pc_04262","7232","Фотоплазокопіювальник","cat_7232"
"pc_04263","7233","Бригадир (звільнений) підприємств залізничного транспорту","cat_7233"
"pc_04264","7233","Бригадир (звільнений) підприємств метрополітенів","cat_7233"
"pc_04265","7233","Балансувальник деталей та вузлів","cat_7233"
"pc_04266","7233","Вишкомонтажник","cat_7233"
"pc_04267","7233","Виробник оснащення для жакардових машин","cat_7233"
"pc_04268","7233","Випробувач герметичності","cat_7233"
"pc_04269","7233","Комплектувальник виробів та інструменту","cat_7233"
"pc_04270","7233","Контролер матеріалів, металів, напівфабрикатів та виробів","cat_7233"
"pc_04271","7233","Майстер систем кондиціонування повітря","cat_7233"
"pc_04272","7233","Машиніст вагон-вагів","cat_7233"
"pc_04273","7233","Машиніст сухих докових установок","cat_7233"
"pc_04274","7233","Механік з обслуговування вітроустановок","cat_7233"
"pc_04275","7233","Монтажник гідроагрегатів","cat_7233"
"pc_04276","7233","Монтажник гірничого устаткування","cat_7233"
"pc_04277","7233","Монтажник дробильно-розмельного устаткування та устаткування для сортування й збагачення","cat_7233"
"pc_04278","7233","Монтажник компресорів, насосів та вентиляторів","cat_7233"
"pc_04279","7233","Монтажник лісозаготівельного устаткування","cat_7233"
"pc_04280","7233","Монтажник металорізального та ковальсько-пресового устаткування","cat_7233"
"pc_04281","7233","Монтажник механічного устаткування гідротехнічних споруд","cat_7233"
"pc_04282","7233","Монтажник з ремонту ванн","cat_7233"
"pc_04283","7233","Монтажник з ремонту печей","cat_7233"
"pc_04284","7233","Монтажник устаткування атомних електричних станцій","cat_7233"
"pc_04285","7233","Монтажник устаткування зерносховищ та підприємств з промислового перероблення зерна","cat_7233"
"pc_04286","7233","Монтажник устаткування коксохімічних виробництв","cat_7233"
"pc_04287","7233","Монтажник устаткування котельних установок","cat_7233"
"pc_04288","7233","Монтажник устаткування металургійних заводів","cat_7233"
"pc_04289","7233","Монтажник устаткування підприємств харчової промисловості","cat_7233"
"pc_04290","7233","Монтажник устаткування підприємств поліграфічної промисловості","cat_7233"
"pc_04291","7233","Монтажник устаткування підприємств будівельних матеріалів","cat_7233"
"pc_04292","7233","Монтажник устаткування підприємств текстильної промисловості","cat_7233"
"pc_04293","7233","Монтажник устаткування підприємств хімічної та нафтової промисловості","cat_7233"
"pc_04294","7233","Монтажник устаткування підприємств целюлозно-паперової промисловості","cat_7233"
"pc_04295","7233","Монтажник устаткування сортувальних гірок","cat_7233"
"pc_04296","7233","Монтажник устаткування холодильних установок","cat_7233"
"pc_04297","7233","Монтажник підіймально-транспортного устаткування безперервної дії","cat_7233"
"pc_04298","7233","Монтажник підіймально-транспортного устаткування переривчастої дії","cat_7233"
"pc_04299","7233","Монтажник реакційних апаратів","cat_7233"
"pc_04300","7233","Монтажник сільськогосподарського устаткування","cat_7233"
"pc_04301","7233","Монтажник систем вентиляції, кондиціювання повітря, пневмотранспорту й аспірації","cat_7233"
"pc_04302","7233","Монтажник будівельних машин та механізмів","cat_7233"
"pc_04303","7233","Монтажник технологічного устаткування та пов'язаних з ним конструкцій","cat_7233"
"pc_04304","7233","Монтажник шахтного устаткування на поверхні","cat_7233"
"pc_04305","7233","Монтер суднових засобів безпеки","cat_7233"
"pc_04306","7233","Налагоджувальник автоматизованих вагон-вагів","cat_7233"
"pc_04307","7233","Налагоджувальник будівельних машин","cat_7233"
"pc_04308","7233","Насаджувач дефібрерних каменів","cat_7233"
"pc_04309","7233","Насікальник мелючих каменів","cat_7233"
"pc_04310","7233","Оброблювач зуба берда","cat_7233"
"pc_04311","7233","Обпресувальник труб","cat_7233"
"pc_04312","7233","Оглядач вагонів","cat_7233"
"pc_04313","7233","Оглядач-ремонтник вагонів","cat_7233"
"pc_04314","7233","Пресувальник колісних пар","cat_7233"
"pc_04315","7233","Перевіряльник судновий","cat_7233"
"pc_04316","7233","Свердлувальник-пневматик","cat_7233"
"pc_04317","7233","Слюсар аварійно-відновлювальних робіт","cat_7233"
"pc_04318","7233","Слюсар зумпфового агрегата","cat_7233"
"pc_04319","7233","Слюсар-механік з випробувань установок та апаратури","cat_7233"
"pc_04320","7233","Слюсар з механоскладальних робіт","cat_7233"
"pc_04321","7233","Слюсар-монтажник судновий","cat_7233"
"pc_04322","7233","Слюсар-обпресувальник","cat_7233"
"pc_04323","7233","Слюсар з виводів та обмоток електричних машин","cat_7233"
"pc_04324","7233","Слюсар з виготовлення деталей та вузлів систем вентиляції, кондиціювання повітря, пневмотранспорту й аспірації","cat_7233"
"pc_04325","7233","Слюсар з виготовлення вузлів та деталей санітарно-технічних систем","cat_7233"
"pc_04326","7233","Слюсар з монтажу та ремонту основ морських бурових та естакад","cat_7233"
"pc_04327","7233","Слюсар з обслуговування бурових","cat_7233"
"pc_04328","7233","Слюсар з обслуговування устаткування електростанцій","cat_7233"
"pc_04329","7233","Слюсар з обслуговування теплових пунктів","cat_7233"
"pc_04330","7233","Слюсар з обслуговування теплових мереж","cat_7233"
"pc_04331","7233","Слюсар з огляду та ремонту локомотивів на пунктах технічного обслуговування","cat_7233"
"pc_04332","7233","Слюсар з ремонту гідротурбінного устаткування","cat_7233"
"pc_04333","7233","Слюсар з ремонту дорожньо-будівельних машин та тракторів","cat_7233"
"pc_04334","7233","Слюсар з ремонту та обслуговування перевантажувальних машин","cat_7233"
"pc_04335","7233","Слюсар з ремонту та обслуговування систем вентиляції та кондиціювання","cat_7233"
"pc_04336","7233","Слюсар з ремонту лісозаготівельного устаткування","cat_7233"
"pc_04337","7233","Слюсар з ремонту устаткування котельних та пилопідготовчих цехів","cat_7233"
"pc_04338","7233","Слюсар з ремонту устаткування теплових мереж","cat_7233"
"pc_04339","7233","Слюсар з ремонту устаткування подавання палива","cat_7233"
"pc_04340","7233","Слюсар з ремонту парогазотурбінного устаткування","cat_7233"
"pc_04341","7233","Слюсар з ремонту рухомого складу","cat_7233"
"pc_04342","7233","Слюсар з ремонту колійних машин та механізмів","cat_7233"
"pc_04343","7233","Слюсар з ремонту реакторно-турбінного устаткування","cat_7233"
"pc_04344","7233","Слюсар з ремонту сільськогосподарських машин та устаткування","cat_7233"
"pc_04345","7233","Слюсар з ремонту технологічних установок","cat_7233"
"pc_04346","7233","Слюсар з такелажу й вантажозахватних пристроїв","cat_7233"
"pc_04347","7233","Слюсар з експлуатації та ремонту газового устаткування","cat_7233"
"pc_04348","7233","Слюсар-проводник","cat_7233"
"pc_04349","7233","Слюсар-ремонтник","cat_7233"
"pc_04350","7233","Слюсар системи випарного охолодження","cat_7233"
"pc_04351","7233","Слюсар будівельний","cat_7233"
"pc_04352","7233","Слюсар-судноремонтник","cat_7233"
"pc_04353","7233","Слюсар централізованої мастильної станції","cat_7233"
"pc_04354","7233","Установник бурильних замків","cat_7233"
"pc_04355","7233","Слюсар-ремонтник судновий","cat_7233"
"pc_04356","7233","Токар судновий","cat_7233"
"pc_04357","7233","Машиніст з обслуговування та монтажу технічного устаткування (судновий)","cat_7233"
"pc_04358","7233","Слюсар з налагодження виробничого устаткування суден","cat_7233"
"pc_04359","7233","Слюсар з ремонту та обслуговування портальних кранів","cat_7233"
"pc_04360","7233","Слюсар-дизеліст","cat_7233"
"pc_04361","7239","Авторемонтник","cat_7239"
"pc_04362","7239","Випробувач спеціальних виробів на вогневих стендах","cat_7239"
"pc_04363","7239","Випробувач спеціальних виробів на пневмогідравлічних стендах","cat_7239"
"pc_04364","7239","Випробувач стартово-стендових систем","cat_7239"
"pc_04365","7239","Майстер з монтажу, обслуговування, ремонту та налагодження теплових насосів","cat_7239"
"pc_04366","7239","Налагоджувальник спеціального устаткування (спеціальні хімічні виробництва)","cat_7239"
"pc_04367","7239","Складальник ракетних двигунів на твердому паливі","cat_7239"
"pc_04368","7239","Слюсар-випробувач виробів (спеціальні виробництва)","cat_7239"
"pc_04369","7239","Слюсар-механік з виготовлення та ремонту ртутних диференціальних манометрів","cat_7239"
"pc_04370","7239","Слюсар-механік із спеціальних вимірювальних приладів","cat_7239"
"pc_04371","7239","Слюсар-складальник виробів (спеціальні виробництва)","cat_7239"
"pc_04372","7239","Слюсар-стендовик на вогняних стендах виробів з ракетними рідинними двигунами та ракетними двигунами на твердому паливі","cat_7239"
"pc_04373","7239","Слюсар будівельний з виготовлення вузлів трубопровідних систем","cat_7239"
"pc_04374","7241","Випробувач вимірювальних систем","cat_7241"
"pc_04375","7241","Випробувач-лаборант ракетних рідинних двигунів та їх агрегатів","cat_7241"
"pc_04376","7241","Електромонтажник спеціальних виробів","cat_7241"
"pc_04377","7241","Електромонтер з ремонту та обслуговування сонячних електроустановок","cat_7241"
"pc_04378","7241","Монтажник електронно-вимірювальної та спеціальної апаратури","cat_7241"
"pc_04379","7241","Налагоджувальник спеціального електроустаткування (спеціальні хімічні виробництва)","cat_7241"
"pc_04380","7241","Електромонтер з обслуговування і ремонту установок захисту від корозії підземних трубопроводів","cat_7241"
"pc_04381","7241","Електромонтер з ремонту та обслуговування апаратури та пристроїв зв'язку","cat_7241"
"pc_04382","7241","Електромонтер з обслуговування холодильного устаткування електрозв'язку","cat_7241"
"pc_04383","7241","Електромеханік з обслуговування і ремонту вітроенергетичної установки","cat_7241"
"pc_04384","7241","Електромонтер підземних споруд та комунікацій електрозв'язку","cat_7241"
"pc_04385","7241","Електромеханік з ремонту та обслуговування устаткування інформаційних систем","cat_7241"
"pc_04386","7241","Електрослюсар з проходки","cat_7241"
"pc_04387","7241","Авіаційний механік з приладів та електроустаткування","cat_7241"
"pc_04388","7241","Акумуляторник","cat_7241"
"pc_04389","7241","Бригадир-настроювач трубоелектрозварювальних станів","cat_7241"
"pc_04390","7241","Вишкомонтажник-електромонтер","cat_7241"
"pc_04391","7241","Гірничомонтажник підземний","cat_7241"
"pc_04392","7241","Дефектоскопіст з магнітного контролю","cat_7241"
"pc_04393","7241","Виробник тензорезисторів","cat_7241"
"pc_04394","7241","Випробувач джерел струму","cat_7241"
"pc_04395","7241","Випробувач-формувальник","cat_7241"
"pc_04396","7241","Випробувач електричних машин, апаратів та приладів","cat_7241"
"pc_04397","7241","Випробувач електрокерамічних виробів","cat_7241"
"pc_04398","7241","Випробувач електровугільних виробів","cat_7241"
"pc_04399","7241","Калібрувальник котушок електроприладів","cat_7241"
"pc_04400","7241","Контролер в акумуляторному й елементному виробництві","cat_7241"
"pc_04401","7241","Контролер кабельних виробів","cat_7241"
"pc_04402","7241","Контролер складання електричних машин, апаратів та приладів","cat_7241"
"pc_04403","7241","Контролер електромонтажних робіт","cat_7241"
"pc_04404","7241","Лаборант з фізико-механічних випробувань","cat_7241"
"pc_04405","7241","Лаборант з електроізоляційних матеріалів","cat_7241"
"pc_04406","7241","Лаборант-радіометрист","cat_7241"
"pc_04407","7241","Лаборант електромеханічних випробувань та вимірювань","cat_7241"
"pc_04408","7241","Монтажник устаткування блокування та централізації на залізничному транспорті","cat_7241"
"pc_04409","7241","Монтажник приладів та апаратури автоматичного контролю, регулювання та керування","cat_7241"
"pc_04410","7241","Монтажник турбоагрегатів та синхронних компенсаторів","cat_7241"
"pc_04411","7241","Монтажник електричних підйомників (ліфтів)","cat_7241"
"pc_04412","7241","Монтажник електроустаткування літальних апаратів","cat_7241"
"pc_04413","7241","Монтер із захисту підземних трубопроводів від корозії","cat_7241"
"pc_04414","7241","Монтер судноплавної обстановки","cat_7241"
"pc_04415","7241","Налагоджувальник приладів, апаратури та систем автоматичного контролю, регулювання та керування (налагоджувальник КВП та автоматики)","cat_7241"
"pc_04416","7241","Оператор розмінних автоматів","cat_7241"
"pc_04417","7241","Пірометрист","cat_7241"
"pc_04418","7241","Поїзний електромеханік","cat_7241"
"pc_04419","7241","Регулювальник-градуювальник електровимірювальних приладів","cat_7241"
"pc_04420","7241","Слюсар-механік електромеханічних приладів та систем","cat_7241"
"pc_04421","7241","Слюсар з контрольно-вимірювальних приладів та автоматики (електромеханіка)","cat_7241"
"pc_04422","7241","Слюсар-електрик з обслуговування та ремонту металоконструкції метрополітену","cat_7241"
"pc_04423","7241","Слюсар-електрик з обслуговування та ремонту устаткування метрополітену","cat_7241"
"pc_04424","7241","Слюсар-електрик з обслуговування та ремонту станційного та тунельного устаткування метрополітену","cat_7241"
"pc_04425","7241","Слюсар-електрик з обслуговування та ремонту ескалаторів","cat_7241"
"pc_04426","7241","Слюсар-електрик з ремонту електроустаткування","cat_7241"
"pc_04427","7241","Слюсар-електромонтажник","cat_7241"
"pc_04428","7241","Стендовик","cat_7241"
"pc_04429","7241","Установник склоплавильних посудин","cat_7241"
"pc_04430","7241","Електрик судновий","cat_7241"
"pc_04431","7241","Електромеханік з випробувань та ремонту електроустаткування","cat_7241"
"pc_04432","7241","Електромеханік з ліфтів","cat_7241"
"pc_04433","7241","Електромеханік з обслуговування світлотехнічного устаткування систем забезпечення польотів","cat_7241"
"pc_04434","7241","Електромеханік з ремонту та обслуговування лічильно-обчислювальних машин","cat_7241"
"pc_04435","7241","Електромеханік засобів автоматики та приладів технологічного устаткування","cat_7241"
"pc_04436","7241","Електромеханік торговельного та холодильного устаткування","cat_7241"
"pc_04437","7241","Електромеханік поштового устаткування","cat_7241"
"pc_04438","7241","Електромонтажник-налагоджувальник","cat_7241"
"pc_04439","7241","Електромонтажник акумуляторних батарей","cat_7241"
"pc_04440","7241","Електромонтажник вторинних ланцюгів","cat_7241"
"pc_04441","7241","Електромонтажник розподільних пристроїв","cat_7241"
"pc_04442","7241","Електромонтажник із сигналізації, централізації та блокування на залізничному транспорті й наземних лініях метрополітену","cat_7241"
"pc_04443","7241","Електромонтажник силових мереж та електроустаткування","cat_7241"
"pc_04444","7241","Електромонтажник електричних машин","cat_7241"
"pc_04445","7241","Електромонтажник судновий","cat_7241"
"pc_04446","7241","Електромонтажник-схемник","cat_7241"
"pc_04447","7241","Електромонтер головного щита керування електростанцією","cat_7241"
"pc_04448","7241","Електромонтер диспетчерського устаткування та телеавтоматики","cat_7241"
"pc_04449","7241","Електромонтер контактної мережі","cat_7241"
"pc_04450","7241","Електромонтер-лінійник з монтажу повітряних ліній високої напруги й контактної мережі","cat_7241"
"pc_04451","7241","Електромонтер оперативно-виїзної бригади","cat_7241"
"pc_04452","7241","Електромонтер з випробувань та вимірювань","cat_7241"
"pc_04453","7241","Електромонтер з обслуговування бурових","cat_7241"
"pc_04454","7241","Електромонтер з обслуговування гідроагрегатів машинного залу","cat_7241"
"pc_04455","7241","Електромонтер з обслуговування підстанції","cat_7241"
"pc_04456","7241","Електромонтер з обслуговування перетворювальних пристроїв","cat_7241"
"pc_04457","7241","Електромонтер з обслуговування електроустаткування електростанцій","cat_7241"
"pc_04458","7241","Електромонтер з оперативних перемикань у розподільних мережах","cat_7241"
"pc_04459","7241","Електромонтер з ремонту апаратури, релейного захисту й автоматики","cat_7241"
"pc_04460","7241","Електромонтер з ремонту повітряних ліній електропередачі","cat_7241"
"pc_04461","7241","Електромонтер з ремонту вторинної комутації та зв'язку","cat_7241"
"pc_04462","7241","Електромонтер з ремонту та монтажу кабельних ліній","cat_7241"
"pc_04463","7241","Електромонтер з ремонту та обслуговування електроустаткування","cat_7241"
"pc_04464","7241","Електромонтер з ремонту обмоток та ізоляції електроустаткування","cat_7241"
"pc_04465","7241","Електромонтер з експлуатації розподільних мереж","cat_7241"
"pc_04466","7241","Електромонтер з експлуатації електролічильників","cat_7241"
"pc_04467","7241","Електромонтер-релейник","cat_7241"
"pc_04468","7241","Електромонтер тягової підстанції","cat_7241"
"pc_04469","7241","Електромонтер з ремонту та обслуговування пристроїв сигналізації, централізації та блокування","cat_7241"
"pc_04470","7241","Електроосвітлювач","cat_7241"
"pc_04471","7241","Електрослюсар-контактник","cat_7241"
"pc_04472","7241","Електрослюсар-монтажник підземного гірничопрохідницького устаткування","cat_7241"
"pc_04473","7241","Електрослюсар підземний","cat_7241"
"pc_04474","7241","Електрослюсар з обслуговування автоматики та засобів вимірювань електростанцій","cat_7241"
"pc_04475","7241","Електрослюсар з ремонту й обслуговування автоматики та засобів вимірювань електростанцій","cat_7241"
"pc_04476","7241","Електрослюсар з ремонту устаткування нафтобаз","cat_7241"
"pc_04477","7241","Електрослюсар з ремонту устаткування розподільних пристроїв","cat_7241"
"pc_04478","7241","Електрослюсар з ремонту електричних машин","cat_7241"
"pc_04479","7241","Електрослюсар з ремонту електроустаткування електростанцій","cat_7241"
"pc_04480","7241","Електрослюсар (слюсар) черговий та з ремонту устаткування","cat_7241"
"pc_04481","7241","Майстер з діагностики та налагодження електронного устаткування автомобільних засобів","cat_7241"
"pc_04482","7241","Механік з обслуговування виробничого устаткування ресторану (кафе, їдальні і т. ін.)","cat_7241"
"pc_04483","7241","Механік з обслуговування та монтажу електроустаткування (судновий)","cat_7241"
"pc_04484","7241","Слюсар-електрик з обслуговування та ремонту електроустаткування (портового, суднового та ін.)","cat_7241"
"pc_04485","7241","Слюсар-електрик з ремонту та обслуговування вантажопідіймальних кранів і машин","cat_7241"
"pc_04486","7241","Слюсар-електрик з ремонту та обслуговування електричних підйомників (ліфтів)","cat_7241"
"pc_04487","7242","Регулювальник спеціальної апаратури","cat_7242"
"pc_04488","7242","В'язальник схемних джгутів, кабелів та шнурів","cat_7242"
"pc_04489","7242","Градуювальник радіоапаратури","cat_7242"
"pc_04490","7242","Дефектоскопіст з газового та рідинного контролю","cat_7242"
"pc_04491","7242","Дефектоскопіст рентгено-, гаммаграфування","cat_7242"
"pc_04492","7242","Зачищувач","cat_7242"
"pc_04493","7242","Виробник стрічкових осердь","cat_7242"
"pc_04494","7242","Випробувач агрегатів, приладів та чутливих елементів","cat_7242"
"pc_04495","7242","Комплектувальник мікромодулів","cat_7242"
"pc_04496","7242","Контролер радіоелектронної апаратури та приладів","cat_7242"
"pc_04497","7242","Лаборант з ультразвукової техніки","cat_7242"
"pc_04498","7242","Монтажник-вакуумник","cat_7242"
"pc_04499","7242","Монтажник мікромодулів","cat_7242"
"pc_04500","7242","Монтажник радіо- та спеціального устаткування літальних апаратів","cat_7242"
"pc_04501","7242","Монтажник радіоелектронної апаратури та приладів","cat_7242"
"pc_04502","7242","Монтажник тензорезисторів","cat_7242"
"pc_04503","7242","Монтажник-установник зовнішньої арматури","cat_7242"
"pc_04504","7242","Монтажник елементів пам'яті на феритах","cat_7242"
"pc_04505","7242","Налагоджувальник контрольно-вимірювальних приладів та автоматики","cat_7242"
"pc_04506","7242","Налагоджувальник технологічного устаткування (електронна техніка)","cat_7242"
"pc_04507","7242","Налагоджувальник прискорювачів заряджених частинок","cat_7242"
"pc_04508","7242","Намотувальник котушок","cat_7242"
"pc_04509","7242","Оператор електроакустичних вимірювань","cat_7242"
"pc_04510","7242","Радіомонтажник судновий","cat_7242"
"pc_04511","7242","Регулювальник радіоелектронної апаратури та приладів","cat_7242"
"pc_04512","7242","Різальник-лудильник фольги","cat_7242"
"pc_04513","7242","Різальник магнітопроводів","cat_7242"
"pc_04514","7242","Слюсар-механік з радіоелектронної апаратури","cat_7242"
"pc_04515","7242","Слюсар з контрольно-вимірювальних приладів та автоматики (електроніка)","cat_7242"
"pc_04516","7242","Формувальник ртутних випрямлячів","cat_7242"
"pc_04517","7242","Цокольник","cat_7242"
"pc_04518","7242","Штампувальник ніжок","cat_7242"
"pc_04519","7242","Електромонтер з обслуговування електроустановок","cat_7242"
"pc_04520","7242","Електрорадіомонтажник судновий","cat_7242"
"pc_04521","7242","Монтажник інформаційно-комунікаційних мереж","cat_7242"
"pc_04522","7242","Монтажник інформаційно-комунікаційного устаткування","cat_7242"
"pc_04523","7243","Слюсар-механік із обслуговування спеціальних вагонів з транспортування виробів","cat_7243"
"pc_04524","7243","Електромонтер станційного устаткування проводового мовлення","cat_7243"
"pc_04525","7243","Електромонтер станційного радіотелевізійного устаткування","cat_7243"
"pc_04526","7243","Контролер з неруйнівного контролю","cat_7243"
"pc_04527","7243","Авіаційний механік з радіоустаткування","cat_7243"
"pc_04528","7243","Антенник-щогловик","cat_7243"
"pc_04529","7243","Дефектоскопіст з ультразвукового контролю","cat_7243"
"pc_04530","7243","Дозиметрист","cat_7243"
"pc_04531","7243","Лаборант рентгеноспектрального аналізу","cat_7243"
"pc_04532","7243","Лаборант-електроакустик","cat_7243"
"pc_04533","7243","Щогловик-антенник судновий","cat_7243"
"pc_04534","7243","Механік з обслуговування звукової техніки","cat_7243"
"pc_04535","7243","Механік з обслуговування кінотелевізійного устаткування","cat_7243"
"pc_04536","7243","Механік з обслуговування знімальної апаратури","cat_7243"
"pc_04537","7243","Механік з обслуговування телевізійного устаткування","cat_7243"
"pc_04538","7243","Монтажник зв'язку - антенник","cat_7243"
"pc_04539","7243","Оператор акустичних випробувань","cat_7243"
"pc_04540","7243","Оператор осцилографування та тензометрування","cat_7243"
"pc_04541","7243","Оператор пульта керування устаткуванням житлових і громадських будівель","cat_7243"
"pc_04542","7243","Радіомеханік з обслуговування та ремонту радіотелевізійної апаратури","cat_7243"
"pc_04543","7243","Радіомеханік з ремонту радіоелектронного устаткування","cat_7243"
"pc_04544","7243","Радіомонтер приймальних телевізійних антен","cat_7243"
"pc_04545","7243","Радіотехнік","cat_7243"
"pc_04546","7243","Складальник-настроювач магнітних систем","cat_7243"
"pc_04547","7243","Оператор установки електронного тестування друкарських плат","cat_7243"
"pc_04548","7244","Електромонтер лінійних споруд електрозв'язку та проводового мовлення","cat_7244"
"pc_04549","7244","Монтажник устаткування зв'язку","cat_7244"
"pc_04550","7244","Монтажник зв'язку - лінійник","cat_7244"
"pc_04551","7244","Електромонтер охоронно-пожежної сигналізації","cat_7244"
"pc_04552","7244","Електромонтер станційного устаткування телеграфного зв'язку","cat_7244"
"pc_04553","7244","Електромонтер станційного устаткування телефонного зв'язку","cat_7244"
"pc_04554","7245","Кабельник-спаювальник","cat_7245"
"pc_04555","7245","Монтажник зв'язку - кабельник","cat_7245"
"pc_04556","7245","Монтажник зв'язку - спаювальник","cat_7245"
"pc_04557","7245","Монтер кабельного виробництва","cat_7245"
"pc_04558","7245","Електромонтажник з кабельних мереж","cat_7245"
"pc_04559","7249","Випробувач-електрик ракетних рідинних двигунів та їх агрегатів","cat_7249"
"pc_04560","7249","Електромонтажник будівельний","cat_7249"
"pc_04561","7249","Випробувач у виробництві електротехнічних машин і апаратури","cat_7249"
"pc_04562","7249","Вишкоелектромонтажник","cat_7249"
"pc_04563","7311","Контролер-приймальник боєприпасів-зарядів","cat_7311"
"pc_04564","7311","Контролер-приймальник боєприпасів-порохів","cat_7311"
"pc_04565","7311","Лаборант з випробування зброї ракетної","cat_7311"
"pc_04566","7311","Складальник боєприпасів","cat_7311"
"pc_04567","7311","Складальник зброї ракетної","cat_7311"
"pc_04568","7311","Автоматник голково-платинних виробів","cat_7311"
"pc_04569","7311","Аквадувальник","cat_7311"
"pc_04570","7311","Алундувальник","cat_7311"
"pc_04571","7311","Вальцювальник дроту для спіралей","cat_7311"
"pc_04572","7311","Волочильник матеріалу для спіралей","cat_7311"
"pc_04573","7311","Галтувальник деталей годинників та каменів","cat_7311"
"pc_04574","7311","Градуювальник","cat_7311"
"pc_04575","7311","Градуювальник оптичних деталей","cat_7311"
"pc_04576","7311","Заварник на високочастотному індукторі","cat_7311"
"pc_04577","7311","Заварник напівпровідникових приладів","cat_7311"
"pc_04578","7311","Заварник електровакуумних приладів","cat_7311"
"pc_04579","7311","Завивальник спіралей","cat_7311"
"pc_04580","7311","Заливальник компаундами","cat_7311"
"pc_04581","7311","Заточувальник медичного інструменту","cat_7311"
"pc_04582","7311","Зубополірувальник деталей годинників","cat_7311"
"pc_04583","7311","Зубофрезерувальник деталей годинників","cat_7311"
"pc_04584","7311","Виробник окулярних оправ","cat_7311"
"pc_04585","7311","Вимірювач випрямлячів та елементів","cat_7311"
"pc_04586","7311","Вимірювач магнітних властивостей","cat_7311"
"pc_04587","7311","Вимірювач електричних параметрів мікромодулів","cat_7311"
"pc_04588","7311","Вимірювач електричних параметрів радіодеталей","cat_7311"
"pc_04589","7311","Вимірювач електрофізичних параметрів","cat_7311"
"pc_04590","7311","Випробувач вакуумних покриттів (тонких плівок)","cat_7311"
"pc_04591","7311","Випробувач деталей та приладів","cat_7311"
"pc_04592","7311","Випробувач селенового виробництва","cat_7311"
"pc_04593","7311","Калібрувальник магнітопроводів","cat_7311"
"pc_04594","7311","Калібрувальник ниткоутворювачів","cat_7311"
"pc_04595","7311","Калібрувальник-прецизійник у виробництві масок кольорових кінескопів","cat_7311"
"pc_04596","7311","Контролер деталей та приладів","cat_7311"
"pc_04597","7311","Контролер голково-платинних виробів","cat_7311"
"pc_04598","7311","Контролер вимірювальних приладів та спеціального інструменту","cat_7311"
"pc_04599","7311","Контролер медичного устаткування та виробів","cat_7311"
"pc_04600","7311","Контролер оптичних деталей та приладів","cat_7311"
"pc_04601","7311","Контролер-приймальник мікроелементів","cat_7311"
"pc_04602","7311","Контролер режимів роботи технологічного устаткування","cat_7311"
"pc_04603","7311","Контролер годинникового та каменевого виробництва","cat_7311"
"pc_04604","7311","Лакувальник деталей годинників","cat_7311"
"pc_04605","7311","Ливарник радіокераміки та феритів","cat_7311"
"pc_04606","7311","Механік протезно-ортопедичних виробів","cat_7311"
"pc_04607","7311","Моделювальник штучних зубів","cat_7311"
"pc_04608","7311","Налагоджувальник геофізичної апаратури","cat_7311"
"pc_04609","7311","Наповнювач приладів газами","cat_7311"
"pc_04610","7311","Наповнювач приладів рідинами","cat_7311"
"pc_04611","7311","Настроювач напівпровідникових приладів","cat_7311"
"pc_04612","7311","Настроювач п'єзорезонаторів","cat_7311"
"pc_04613","7311","Оператор прецизійного різання","cat_7311"
"pc_04614","7311","Оператор установки вимірювання об'єму","cat_7311"
"pc_04615","7311","Оптик","cat_7311"
"pc_04616","7311","Оптик медичний","cat_7311"
"pc_04617","7311","Оптик-механік","cat_7311"
"pc_04618","7311","Оптик елементів квантових приладів","cat_7311"
"pc_04619","7311","Відмітчик термометрів","cat_7311"
"pc_04620","7311","Друкар циферблатів","cat_7311"
"pc_04621","7311","Плавильник-ливарник прецизійних сплавів","cat_7311"
"pc_04622","7311","Планіметрист","cat_7311"
"pc_04623","7311","Підбирач забарвлення штучних зубів","cat_7311"
"pc_04624","7311","Полірувальник хірургічних інструментів та апаратів","cat_7311"
"pc_04625","7311","Приладист (електронна техніка)","cat_7311"
"pc_04626","7311","Приладист (перероблення нафти, нафтопродуктів, газу, сланців, вугілля та обслуговування магістральних трубопроводів)","cat_7311"
"pc_04627","7311","Розмітник п'єзокварцової сировини","cat_7311"
"pc_04628","7311","Різальник мінералів","cat_7311"
"pc_04629","7311","Рентгенгоніометрист","cat_7311"
"pc_04630","7311","Рентгеномеханік","cat_7311"
"pc_04631","7311","Складальник квантових приладів","cat_7311"
"pc_04632","7311","Складальник окулярів","cat_7311"
"pc_04633","7311","Складальник приладів із скла","cat_7311"
"pc_04634","7311","Складальник складових частин годинників","cat_7311"
"pc_04635","7311","Складальник хірургічних інструментів і апаратів","cat_7311"
"pc_04636","7311","Складальник суцільнометалевих растрів","cat_7311"
"pc_04637","7311","Складальник годинників","cat_7311"
"pc_04638","7311","Свердлувальник каміння","cat_7311"
"pc_04639","7311","Сріблильник п'єзотехнічних виробів","cat_7311"
"pc_04640","7311","Скрайбувальник пластин","cat_7311"
"pc_04641","7311","Слюсар з контрольно-вимірювальних приладів та автоматики (прецизійні прилади)","cat_7311"
"pc_04642","7311","Сортувальник деталей годинників та каменів","cat_7311"
"pc_04643","7311","Сортувальник виробів, сировини та матеріалів","cat_7311"
"pc_04644","7311","Знімач оптичних характеристик","cat_7311"
"pc_04645","7311","Травильник фольги (виробництво годинників)","cat_7311"
"pc_04646","7311","Формувальник штучних зубів","cat_7311"
"pc_04647","7311","Центрувальник оптичних деталей","cat_7311"
"pc_04648","7311","Годинникар з ремонту механічних годинників","cat_7311"
"pc_04649","7311","Годинникар з ремонту електронних і кварцових годинників","cat_7311"
"pc_04650","7311","Шліфувальник-полірувальник з прецизійного оброблення напівпровідникових матеріалів","cat_7311"
"pc_04651","7311","Електромеханік з ремонту та обслуговування медичних оптичних приладів","cat_7311"
"pc_04652","7311","Електромеханік з ремонту та обслуговування медичного устаткування","cat_7311"
"pc_04653","7311","Електромеханік з ремонту та обслуговування медичного рентгенівського устаткування","cat_7311"
"pc_04654","7311","Електромеханік з ремонту та обслуговування наркозно-дихальної апаратури","cat_7311"
"pc_04655","7311","Електромеханік з ремонту та обслуговування електронної медичної апаратури","cat_7311"
"pc_04656","7311","Юстирувальник деталей та приладів","cat_7311"
"pc_04657","7311","Юстирувальник оптичних приладів","cat_7311"
"pc_04658","7311","Слюсар протезно-ортопедичних виробів","cat_7311"
"pc_04659","7312","Аерографіст щипкових інструментів","cat_7312"
"pc_04660","7312","Бронзувальник рам клавішних інструментів","cat_7312"
"pc_04661","7312","Гарнірувальник музичних інструментів","cat_7312"
"pc_04662","7312","Виробник голосових планок","cat_7312"
"pc_04663","7312","Виробник деталей для духових інструментів","cat_7312"
"pc_04664","7312","Виробник молоточків для клавішних інструментів","cat_7312"
"pc_04665","7312","Виробник музичних інструментів за індивідуальними замовленнями","cat_7312"
"pc_04666","7312","Інтонувальник","cat_7312"
"pc_04667","7312","Клавіатурник","cat_7312"
"pc_04668","7312","Комплектувальник деталей музичних інструментів","cat_7312"
"pc_04669","7312","Контролер музичних інструментів","cat_7312"
"pc_04670","7312","Настроювач музичних іграшок","cat_7312"
"pc_04671","7312","Настроювач (настроювач-регулювальник) музичних інструментів (піаніно, роялів, духових, смичкових, щипкових, язичкових та ін.)","cat_7312"
"pc_04672","7312","Лицювальник музичних інструментів","cat_7312"
"pc_04673","7312","Полірувальник музичних інструментів","cat_7312"
"pc_04674","7312","Регулювальник піаніно та роялів","cat_7312"
"pc_04675","7312","Регулювальник язичкових інструментів","cat_7312"
"pc_04676","7312","Реставратор духових інструментів","cat_7312"
"pc_04677","7312","Реставратор клавішних інструментів","cat_7312"
"pc_04678","7312","Реставратор смичкових та щипкових інструментів","cat_7312"
"pc_04679","7312","Реставратор ударних інструментів","cat_7312"
"pc_04680","7312","Реставратор язичкових інструментів","cat_7312"
"pc_04681","7312","Складальник духових інструментів","cat_7312"
"pc_04682","7312","Складальник-монтажник клавішних інструментів","cat_7312"
"pc_04683","7312","Складальник-монтажник смичкових інструментів","cat_7312"
"pc_04684","7312","Складальник-монтажник щипкових інструментів","cat_7312"
"pc_04685","7312","Складальник музичних та озвучених іграшок","cat_7312"
"pc_04686","7312","Складальник ударних інструментів","cat_7312"
"pc_04687","7312","Складальник язичкових інструментів","cat_7312"
"pc_04688","7312","Столяр з вироблення та ремонту деталей і вузлів музичних інструментів","cat_7312"
"pc_04689","7312","Струнонавивальник","cat_7312"
"pc_04690","7312","Струнник","cat_7312"
"pc_04691","7312","Установник ладових пластин","cat_7312"
"pc_04692","7313","Виготовлювач препаратів дорогоцінних металів та люстрів","cat_7313"
"pc_04693","7313","Балансувальник інструментів з алмазів та надтвердих матеріалів","cat_7313"
"pc_04694","7313","Вибірник каменів","cat_7313"
"pc_04695","7313","Заготівник деталей та матеріалів до ювелірних та художніх виробів","cat_7313"
"pc_04696","7313","Заготівник черні","cat_7313"
"pc_04697","7313","Закріплювач алмазів та надтвердих матеріалів","cat_7313"
"pc_04698","7313","Виробник філігранних основ","cat_7313"
"pc_04699","7313","Випробувач інструментів з алмазів та надтвердих матеріалів","cat_7313"
"pc_04700","7313","Класифікаторник порошків з алмазів та надтвердих матеріалів","cat_7313"
"pc_04701","7313","Контролер у виробництві алмазів, надтвердих матеріалів та виробів з них","cat_7313"
"pc_04702","7313","Коваль дорогоцінних металів","cat_7313"
"pc_04703","7313","Монтувальник виробів з дорогоцінних металів","cat_7313"
"pc_04704","7313","Налагоджувальник устаткування у виробництві дорогоцінних металів","cat_7313"
"pc_04705","7313","Обдирач алмазів","cat_7313"
"pc_04706","7313","Огранувальник алмазів у діаманти","cat_7313"
"pc_04707","7313","Огранувальник вставок для ювелірних та художніх виробів","cat_7313"
"pc_04708","7313","Обпилювач черні","cat_7313"
"pc_04709","7313","Підбирач каменів","cat_7313"
"pc_04710","7313","Полірувальник волок з алмазів та надтвердих матеріалів","cat_7313"
"pc_04711","7313","Полірувальник технічних каменів","cat_7313"
"pc_04712","7313","Розмітник алмазів","cat_7313"
"pc_04713","7313","Розколювач алмазів","cat_7313"
"pc_04714","7313","Розпилювач алмазів","cat_7313"
"pc_04715","7313","Різальник алмазів","cat_7313"
"pc_04716","7313","Складальник алмазних інструментів","cat_7313"
"pc_04717","7313","Сортувальник алмазів (гранувальне виробництво)","cat_7313"
"pc_04718","7313","Сортувальник алмазів (виробництво алмазів)","cat_7313"
"pc_04719","7313","Сортувальник діамантів","cat_7313"
"pc_04720","7313","Чорнильник ювелірних та художніх виробів","cat_7313"
"pc_04721","7313","Шліфувальник алмазів та надтвердих матеріалів","cat_7313"
"pc_04722","7313","Шліфувальник каменів","cat_7313"
"pc_04723","7313","Електромонтажник блоків електронно-механічних годинників","cat_7313"
"pc_04724","7313","Ювелір (ювелір-модельєр)","cat_7313"
"pc_04725","7313","Ювелір-браслетник","cat_7313"
"pc_04726","7313","Ювелір-гравер","cat_7313"
"pc_04727","7313","Ювелір-закріпник","cat_7313"
"pc_04728","7313","Ювелір-монтувальник","cat_7313"
"pc_04729","7313","Ювелір-філігранник","cat_7313"
"pc_04730","7313","Ювелір-ланцюжковик","cat_7313"
"pc_04731","7319","Електромеханік з ремонту та обслуговування медичного устаткування та апаратури","cat_7319"
"pc_04732","7319","Реставратор музичних інструментів (крім духових)","cat_7319"
"pc_04733","7319","Складальник музичних інструментів (крім духових)","cat_7319"
"pc_04734","7321","Армувальник санітарно-будівельних виробів","cat_7321"
"pc_04735","7321","Армувальник електрокерамічних виробів","cat_7321"
"pc_04736","7321","Глазурувальник виробів будівельної кераміки","cat_7321"
"pc_04737","7321","Гончар","cat_7321"
"pc_04738","7321","Виробник капів","cat_7321"
"pc_04739","7321","Виробник художніх виробів з кераміки","cat_7321"
"pc_04740","7321","Виробник штампів","cat_7321"
"pc_04741","7321","Кантувач керамічних труб","cat_7321"
"pc_04742","7321","Комплектувальник гіпсових форм","cat_7321"
"pc_04743","7321","Контролер-приймальник фарфорових, фаянсових та керамічних виробів","cat_7321"
"pc_04744","7321","Ліпник скульптурного виробництва","cat_7321"
"pc_04745","7321","Модельник виплавних моделей","cat_7321"
"pc_04746","7321","Модельник гіпсових моделей","cat_7321"
"pc_04747","7321","Модельник керамічного виробництва","cat_7321"
"pc_04748","7321","Модельник моделей з епоксидних смол","cat_7321"
"pc_04749","7321","Модельник скульптурного виробництва","cat_7321"
"pc_04750","7321","Набирач килимків з мозаїчної плитки","cat_7321"
"pc_04751","7321","Оправник-чистильник","cat_7321"
"pc_04752","7321","Оправник електрокерамічних виробів","cat_7321"
"pc_04753","7321","Відливальник фарфорових та фаянсових виробів","cat_7321"
"pc_04754","7321","Патинувальник","cat_7321"
"pc_04755","7321","Пресувальник оптичної кераміки","cat_7321"
"pc_04756","7321","Складальник фарфорових та фаянсових виробів","cat_7321"
"pc_04757","7321","Склеювач електрокерамічних виробів","cat_7321"
"pc_04758","7321","Сортувальник сировини, фарфорових, фаянсових та керамічних виробів","cat_7321"
"pc_04759","7321","Форматор скульптурного виробництва","cat_7321"
"pc_04760","7321","Формувальник виробів будівельної кераміки","cat_7321"
"pc_04761","7321","Формувальник фарфорових та фаянсових виробів","cat_7321"
"pc_04762","7321","Формувальник електрокерамічних виробів","cat_7321"
"pc_04763","7321","Шліфувальник фарфорових та фаянсових виробів","cat_7321"
"pc_04764","7322","Пресувальник спеціальних мас","cat_7322"
"pc_04765","7322","Аерозольник","cat_7322"
"pc_04766","7322","Блокувальник скловиробів","cat_7322"
"pc_04767","7322","Вакуумник триплексу та блоків","cat_7322"
"pc_04768","7322","Видувальник скловиробів","cat_7322"
"pc_04769","7322","Виробник світлофільтрів та поляроїдів","cat_7322"
"pc_04770","7322","Випробувач скловиробів","cat_7322"
"pc_04771","7322","Кварцодув","cat_7322"
"pc_04772","7322","Контролер скляного виробництва","cat_7322"
"pc_04773","7322","Лакувальник оптичних деталей","cat_7322"
"pc_04774","7322","Молірувальник скла","cat_7322"
"pc_04775","7322","Складальник скломаси","cat_7322"
"pc_04776","7322","Оператор з нанесення просвітлювальних та захисних покриттів","cat_7322"
"pc_04777","7322","Обробник видувних виробів","cat_7322"
"pc_04778","7322","Відпальник скловиробів","cat_7322"
"pc_04779","7322","Паяльщик сіток та шинок на склі","cat_7322"
"pc_04780","7322","Плавильник виробів з кварцового непрозорого скла","cat_7322"
"pc_04781","7322","Плавильник зневодненого кварцового скла","cat_7322"
"pc_04782","7322","Полірувальник оптичних деталей","cat_7322"
"pc_04783","7322","Полірувальник скла та скловиробів","cat_7322"
"pc_04784","7322","Полірувальник скловиробів кислотою","cat_7322"
"pc_04785","7322","Пресувальник гарячого скла","cat_7322"
"pc_04786","7322","Пресувальник виробів з оптичного скла та кристалів","cat_7322"
"pc_04787","7322","Готувач оптичних клеїв","cat_7322"
"pc_04788","7322","Промивальник оптичних деталей","cat_7322"
"pc_04789","7322","Розбирач оптичного скла та кристалів","cat_7322"
"pc_04790","7322","Розпилювач оптичного скла","cat_7322"
"pc_04791","7322","Різальник скла","cat_7322"
"pc_04792","7322","Складальник з обрамлення скла","cat_7322"
"pc_04793","7322","Складальник тиглів","cat_7322"
"pc_04794","7322","Зварник скляних виробів","cat_7322"
"pc_04795","7322","Свердлувальник оптичних деталей","cat_7322"
"pc_04796","7322","Склеювач оптичних деталей","cat_7322"
"pc_04797","7322","Спікальник кювет","cat_7322"
"pc_04798","7322","Склодув","cat_7322"
"pc_04799","7322","Фацетник","cat_7322"
"pc_04800","7322","Фрезерувальник оптичних деталей","cat_7322"
"pc_04801","7322","Чистильник оптики","cat_7322"
"pc_04802","7322","Шліфувальник оптичних деталей","cat_7322"
"pc_04803","7322","Шліфувальник скла","cat_7322"
"pc_04804","7322","Шліфувальник скловиробів","cat_7322"
"pc_04805","7323","Гравер скла","cat_7323"
"pc_04806","7323","Розмалювальник по склу","cat_7323"
"pc_04807","7323","Травильник скла плавиковою кислотою","cat_7323"
"pc_04808","7323","Фотодрукар на склі","cat_7323"
"pc_04809","7324","Ангобувальник","cat_7324"
"pc_04810","7324","Ангобувальник санітарно-будівельних виробів","cat_7324"
"pc_04811","7324","Аерографник","cat_7324"
"pc_04812","7324","Ґрунтувальник полотна та картону художніх полотен","cat_7324"
"pc_04813","7324","Живописець","cat_7324"
"pc_04814","7324","Виробник трафаретів, шкал та плат","cat_7324"
"pc_04815","7324","Інкрустатор","cat_7324"
"pc_04816","7324","Комплектувальник фарфорових та фаянсових виробів","cat_7324"
"pc_04817","7324","Контролер монетно-орденського виробництва","cat_7324"
"pc_04818","7324","Контролер художніх виробів","cat_7324"
"pc_04819","7324","Контурувальник","cat_7324"
"pc_04820","7324","Модельник склопластиків","cat_7324"
"pc_04821","7324","Відвідник","cat_7324"
"pc_04822","7324","Обробник художніх виробів","cat_7324"
"pc_04823","7324","Позолотник художніх виробів","cat_7324"
"pc_04824","7324","Полірувальник художніх виробів","cat_7324"
"pc_04825","7324","Готувач ґрунтових сумішей","cat_7324"
"pc_04826","7324","Ракліст (фарфорові та фаянсові вироби)","cat_7324"
"pc_04827","7324","Реставратор художніх виробів та декоративних предметів","cat_7324"
"pc_04828","7324","Малювальник світними фарбами","cat_7324"
"pc_04829","7324","Трафаретник (виробництво художніх виробів)","cat_7324"
"pc_04830","7324","Художник декоративного розмалювання по металу","cat_7324"
"pc_04831","7324","Художник мініатюрного живопису","cat_7324"
"pc_04832","7324","Художник розмалювання по дереву","cat_7324"
"pc_04833","7324","Художник розмалювання по емалі","cat_7324"
"pc_04834","7324","Карбувальник скульптурного виробництва","cat_7324"
"pc_04835","7324","Карбувальник художніх виробів","cat_7324"
"pc_04836","7324","Емалювальник (виробництво художніх виробів)","cat_7324"
"pc_04837","7329","Модельник у виробництві неметалевої продукції","cat_7329"
"pc_04838","7329","Формувальник фарфорових, фаянсових та керамічних виробів","cat_7329"
"pc_04839","7329","Художник декоративного розмалювання","cat_7329"
"pc_04840","7331","Флорист","cat_7331"
"pc_04841","7331","Бутафор","cat_7331"
"pc_04842","7331","Випалювач по дереву","cat_7331"
"pc_04843","7331","Випарювальник капокореня","cat_7331"
"pc_04844","7331","Заготівельник ботанічних блоків","cat_7331"
"pc_04845","7331","Заготівельник геологічних зразків","cat_7331"
"pc_04846","7331","Заготівник матеріалів для художніх виробів з дерева, бересту, капокореня","cat_7331"
"pc_04847","7331","Заготівник бурштину","cat_7331"
"pc_04848","7331","Гартівник виробів з хохломським розмалюванням","cat_7331"
"pc_04849","7331","Виробник ігрових ляльок","cat_7331"
"pc_04850","7331","Виробник художніх виробів з бересту","cat_7331"
"pc_04851","7331","Виробник художніх виробів з дерева","cat_7331"
"pc_04852","7331","Виробник художніх виробів з лози","cat_7331"
"pc_04853","7331","Виробник художніх виробів з металу","cat_7331"
"pc_04854","7331","Виробник художніх виробів з бурштину","cat_7331"
"pc_04855","7331","Гартувальник бурштину","cat_7331"
"pc_04856","7331","Клішист","cat_7331"
"pc_04857","7331","Модельєр коробок","cat_7331"
"pc_04858","7331","Модельник аерогідродинамічних моделей з неметалу","cat_7331"
"pc_04859","7331","Модельник наочного приладдя","cat_7331"
"pc_04860","7331","Муляжист","cat_7331"
"pc_04861","7331","Оброблювач виробів з кістки та рогу","cat_7331"
"pc_04862","7331","Оброблювач виробів з бурштину","cat_7331"
"pc_04863","7331","Оброблювач художніх виробів з дерева та пап'є-маше","cat_7331"
"pc_04864","7331","Обклеювач глобусів","cat_7331"
"pc_04865","7331","Розмалювальник іграшок","cat_7331"
"pc_04866","7331","Розпилювач кістки та рогу","cat_7331"
"pc_04867","7331","Різьбяр по дереву та бересту","cat_7331"
"pc_04868","7331","Різьбяр по кості та рогу","cat_7331"
"pc_04869","7331","Реставратор виробів з дерева","cat_7331"
"pc_04870","7331","Складальник виробів з бурштину","cat_7331"
"pc_04871","7331","Сортувальник декоративних порід дерева","cat_7331"
"pc_04872","7331","Фанерувальник художніх виробів з дерева","cat_7331"
"pc_04873","7331","Формувальник форм для наочного приладдя","cat_7331"
"pc_04874","7331","Формувальник художнього лиття","cat_7331"
"pc_04875","7331","Шліфувальник підносів","cat_7331"
"pc_04876","7331","Шліфувальник бурштину","cat_7331"
"pc_04877","7332","Виготовлювач чучел","cat_7332"
"pc_04878","7332","Вирівнювальник шкіряних деталей","cat_7332"
"pc_04879","7332","Вишивальник на шкірі та хутрі","cat_7332"
"pc_04880","7332","Заготівельник блоків з гістології, цитології, ембріології","cat_7332"
"pc_04881","7332","Виробник виробів з тканини з художнім розмалюванням","cat_7332"
"pc_04882","7332","Виробник художніх виробів із шкіри","cat_7332"
"pc_04883","7332","Комплектувальник кісток","cat_7332"
"pc_04884","7332","Комплектувальник сухих зоопрепаратів","cat_7332"
"pc_04885","7332","Контролер наочного приладдя","cat_7332"
"pc_04886","7332","Мацератор","cat_7332"
"pc_04887","7332","Монтувальник вологих препаратів","cat_7332"
"pc_04888","7332","Монтувальник кісткових препаратів","cat_7332"
"pc_04889","7332","Монтувальник мікрозрізів","cat_7332"
"pc_04890","7332","Монтувальник остеологічних колекцій","cat_7332"
"pc_04891","7332","Монтувальник скелетів дрібних тварин","cat_7332"
"pc_04892","7332","Навивальник картону","cat_7332"
"pc_04893","7332","Обрізувач анатомічного матеріалу","cat_7332"
"pc_04894","7332","Фарбувальник мікрозрізів","cat_7332"
"pc_04895","7332","Обпилювач пап'є-маше","cat_7332"
"pc_04896","7332","Відбірник анатомічного матеріалу","cat_7332"
"pc_04897","7332","Оформлювач іграшок","cat_7332"
"pc_04898","7332","Плетільник меблів","cat_7332"
"pc_04899","7332","Препаратор біологічних об'єктів","cat_7332"
"pc_04900","7332","Препаратор з анатомії","cat_7332"
"pc_04901","7332","Препаратор з мікрозоології","cat_7332"
"pc_04902","7332","Препаратор скелетів дрібних тварин","cat_7332"
"pc_04903","7332","Препаратор анатомічних зрізів","cat_7332"
"pc_04904","7332","Приймальник біологічних матеріалів","cat_7332"
"pc_04905","7332","Розмалювальник виробів із шкіри","cat_7332"
"pc_04906","7332","Розпалювальник моделей","cat_7332"
"pc_04907","7332","Розкрійник шкіри та хутра","cat_7332"
"pc_04908","7332","Розкрійник скловолокнистих матеріалів","cat_7332"
"pc_04909","7332","Різальник на мікротомі","cat_7332"
"pc_04910","7332","Реставратор тканин, гобеленів та килимів","cat_7332"
"pc_04911","7332","Складальник виробів з дерева та пап'є-маше","cat_7332"
"pc_04912","7332","Складальник виробів із шкіри та хутра","cat_7332"
"pc_04913","7332","Складальник натуральних об'єктів","cat_7332"
"pc_04914","7339","Виробник художніх виробів з дерева та подібних матеріалів (рослинного, тваринного походження)","cat_7339"
"pc_04915","7339","Різьбяр (виробництво художніх виробів)","cat_7339"
"pc_04916","7341","Колорист (поліграфічне виробництво)","cat_7341"
"pc_04917","7341","Коректор (переддрукарські процеси поліграфічного виробництва)","cat_7341"
"pc_04918","7341","Монтажист","cat_7341"
"pc_04919","7341","Складач ручним способом","cat_7341"
"pc_04920","7341","Складач на машинах","cat_7341"
"pc_04921","7341","Складач на складальних рядковиливальних машинах","cat_7341"
"pc_04922","7341","Оператор фотоскладальних автоматів і систем","cat_7341"
"pc_04923","7341","Оператор електронних автоматів для виготовлення форм високого друкування","cat_7341"
"pc_04924","7341","Оброблювач кліше","cat_7341"
"pc_04925","7341","Виливальник валиків","cat_7341"
"pc_04926","7341","Препаратор","cat_7341"
"pc_04927","7341","Пробіст високого друкування","cat_7341"
"pc_04928","7341","Пробіст офсетного плоского друкування","cat_7341"
"pc_04929","7341","Обліковець (поліграфічне виробництво)","cat_7341"
"pc_04930","7341","Контролер у поліграфічному виробництві","cat_7341"
"pc_04931","7342","Гальванотипіст","cat_7342"
"pc_04932","7342","Гільоширник (поліграфічне виробництво)","cat_7342"
"pc_04933","7342","Вулканізаторник друкарських форм","cat_7342"
"pc_04934","7342","Виливальник","cat_7342"
"pc_04935","7342","Стереотипер","cat_7342"
"pc_04936","7342","Електрофотограф","cat_7342"
"pc_04937","7343","Гравер друкарських форм","cat_7343"
"pc_04938","7343","Гравер","cat_7343"
"pc_04939","7343","Гравер (слюсарні та слюсарно-складальні роботи)","cat_7343"
"pc_04940","7343","Гравер шрифту","cat_7343"
"pc_04941","7343","Нотогравер","cat_7343"
"pc_04942","7343","Нотографік","cat_7343"
"pc_04943","7343","Оператор апаратів мікрофільмування та копіювання","cat_7343"
"pc_04944","7343","Оператор прецизійної фотолітографії","cat_7343"
"pc_04945","7343","Оператор електронних гравіювальних автоматів для виготовлення форм глибокого друкування","cat_7343"
"pc_04946","7343","Оброблювач шрифтової продукції","cat_7343"
"pc_04947","7343","Перебивач форм глибокого друкування","cat_7343"
"pc_04948","7343","Різальник дерев'яного шрифту","cat_7343"
"pc_04949","7343","Склографіст (ротаторник)","cat_7343"
"pc_04950","7343","Травильник кліше","cat_7343"
"pc_04951","7343","Травильник форм глибокого друкування","cat_7343"
"pc_04952","7343","Трафаретник (поліграфічне виробництво)","cat_7343"
"pc_04953","7343","Хромолітограф","cat_7343"
"pc_04954","7343","Емульсувальник прецизійної фотолітографії","cat_7343"
"pc_04955","7343","Юстирувальник","cat_7343"
"pc_04956","7343","Копіювальник друкарських форм","cat_7343"
"pc_04957","7343","Оператор електронного кольороділення","cat_7343"
"pc_04958","7343","Ретушер (поліграфічне виробництво)","cat_7343"
"pc_04959","7343","Фотоцинкограф","cat_7343"
"pc_04960","7344","Гравер оригіналів топографічних карт","cat_7344"
"pc_04961","7344","Виробник субтитрів","cat_7344"
"pc_04962","7344","Координатографіст прецизійної фотолітографії","cat_7344"
"pc_04963","7344","Лаборант-сенситометрист","cat_7344"
"pc_04964","7344","Оформлювач табло віньєток та альбомів","cat_7344"
"pc_04965","7344","Розфарбовувач діапозитивів та фотовідбитків","cat_7344"
"pc_04966","7344","Ретушер (фотороботи)","cat_7344"
"pc_04967","7344","Ретушер прецизійної фотолітографії","cat_7344"
"pc_04968","7344","Фотограф (фотороботи)","cat_7344"
"pc_04969","7344","Фотокерамік","cat_7344"
"pc_04970","7345","Брошурувальник","cat_7345"
"pc_04971","7345","Палітурник","cat_7345"
"pc_04972","7346","Авербандник","cat_7346"
"pc_04973","7346","Бригадир на дільницях основного виробництва (друкування на тканинах)","cat_7346"
"pc_04974","7346","Випалювач малюнків","cat_7346"
"pc_04975","7346","Гравер (виробництво текстилю)","cat_7346"
"pc_04976","7346","Виготовлювач лекал (швацьке виробництво)","cat_7346"
"pc_04977","7346","Копіювальник малюнків та карт","cat_7346"
"pc_04978","7346","Набивальник малюнків","cat_7346"
"pc_04979","7346","Набивальник малюнків манерами","cat_7346"
"pc_04980","7346","Складач малюнка","cat_7346"
"pc_04981","7346","Накатник малюнків","cat_7346"
"pc_04982","7346","Пантографіст","cat_7346"
"pc_04983","7346","Патроніст малюнків","cat_7346"
"pc_04984","7346","Пресувальник молетів","cat_7346"
"pc_04985","7346","Розмалювальник тканини","cat_7346"
"pc_04986","7346","Ракліст (виробництво текстилю)","cat_7346"
"pc_04987","7346","Термодрукар","cat_7346"
"pc_04988","7346","Травильник валів","cat_7346"
"pc_04989","7346","Шаблонник","cat_7346"
"pc_04990","7349","Гравер (поліграфічна діяльність)","cat_7349"
"pc_04991","7349","Пробіст (поліграфічна діяльність)","cat_7349"
"pc_04992","7411","Беконник","cat_7411"
"pc_04993","7411","Забивач худоби","cat_7411"
"pc_04994","7411","Засолювач м'яса й м'ясопродуктів","cat_7411"
"pc_04995","7411","Засолювач шкур","cat_7411"
"pc_04996","7411","Виготовлювач штучної ковбасної оболонки","cat_7411"
"pc_04997","7411","Виробник м'ясних напівфабрикатів","cat_7411"
"pc_04998","7411","Виготовлювач натуральної ковбасної оболонки","cat_7411"
"pc_04999","7411","Вироби и к струн","cat_7411"
"pc_05000","7411","Контролер струн та зшивок","cat_7411"
"pc_05001","7411","Кулінар виробів з риби та морепродуктів","cat_7411"
"pc_05002","7411","Марироб","cat_7411"
"pc_05003","7411","Обвалювальник м'яса","cat_7411"
"pc_05004","7411","Обвалювальник тушок птиці","cat_7411"
"pc_05005","7411","Оброблювач ветсанбраку","cat_7411"
"pc_05006","7411","Оброблювач ікри","cat_7411"
"pc_05007","7411","Оброблювач крабів","cat_7411"
"pc_05008","7411","Оброблювач кролів","cat_7411"
"pc_05009","7411","Оброблювач морського звіра","cat_7411"
"pc_05010","7411","Оброблювач птиці","cat_7411"
"pc_05011","7411","Оброблювач риби","cat_7411"
"pc_05012","7411","Вибільник агарового холодцю","cat_7411"
"pc_05013","7411","Готувач кулінарних виробів з м'яса птиці та кролів","cat_7411"
"pc_05014","7411","Приймальник перо-пухової сировини","cat_7411"
"pc_05015","7411","Приймальник-здавальник харчової продукції (виробництво м'ясних та рибних продуктів)","cat_7411"
"pc_05016","7411","Приймальник худоби","cat_7411"
"pc_05017","7411","Приймальник-сортувальник живої птиці та кролів","cat_7411"
"pc_05018","7411","Приймальник яєць","cat_7411"
"pc_05019","7411","Рубач м'яса на ринку","cat_7411"
"pc_05020","7411","Розпилювач м'ясопродуктів","cat_7411"
"pc_05021","7411","Розфасовувач м'ясопродуктів","cat_7411"
"pc_05022","7411","Різальник м'ясопродуктів","cat_7411"
"pc_05023","7411","Збирач епітелію","cat_7411"
"pc_05024","7411","Сортувальник у виробництві харчової продукції (м'ясні та рибні продукти)","cat_7411"
"pc_05025","7411","Сортувальник тушок птиці та кролів","cat_7411"
"pc_05026","7411","Готувач фаршу","cat_7411"
"pc_05027","7411","Сушильник харчової продукції (м'ясні та рибні продукти)","cat_7411"
"pc_05028","7411","Фаршомісильник","cat_7411"
"pc_05029","7411","Формувальник ковбасних виробів","cat_7411"
"pc_05030","7412","Бригадир на дільницях основного виробництва (хлібопекарне та кондитерське виробництво)","cat_7412"
"pc_05031","7412","Вальцювальник сировини та напівфабрикатів","cat_7412"
"pc_05032","7412","Дріжджовик","cat_7412"
"pc_05033","7412","Кондитер","cat_7412"
"pc_05034","7412","Цукерник","cat_7412"
"pc_05035","7412","Кулінар борошняних виробів","cat_7412"
"pc_05036","7412","Мармеладник-пастильник","cat_7412"
"pc_05037","7412","Пекар","cat_7412"
"pc_05038","7412","Готувач білкових мас","cat_7412"
"pc_05039","7412","Приймальник-здавальник харчової продукції (хлібопекарне та кондитерське виробництва)","cat_7412"
"pc_05040","7412","Рецептурник","cat_7412"
"pc_05041","7412","Сортувальник у виробництві харчової продукції (хлібобулочні та кондитерські вироби)","cat_7412"
"pc_05042","7412","Готувач сумішей (хлібопекарне та кондитерське виробництва)","cat_7412"
"pc_05043","7412","Тістороб","cat_7412"
"pc_05044","7412","Формувальник тіста","cat_7412"
"pc_05045","7412","Халвомісильник","cat_7412"
"pc_05046","7412","Шоколадник","cat_7412"
"pc_05047","7412","Кондитер судновий","cat_7412"
"pc_05048","7413","Бригадир на дільницях основного виробництва (молочне виробництво)","cat_7413"
"pc_05049","7413","Бринзороб-майстер","cat_7413"
"pc_05050","7413","Кумисороб","cat_7413"
"pc_05051","7413","Маслороб-майстер","cat_7413"
"pc_05052","7413","Майстер з виробництва молочного цукру","cat_7413"
"pc_05053","7413","Майстер з виробництва сухого знежиреного молока й замінника незбираного молока","cat_7413"
"pc_05054","7413","Майстер з виробництва незбираномолочної та кисломолочної продукції","cat_7413"
"pc_05055","7413","Приймальник молочної продукції","cat_7413"
"pc_05056","7413","Приймальник-здавальник харчової продукції (молочне виробництво)","cat_7413"
"pc_05057","7413","Сортувальник у виробництві харчової продукції (молочні продукти)","cat_7413"
"pc_05058","7413","Сировар-майстер","cat_7413"
"pc_05059","7413","Сировар-майстер з дозрівання сирів","cat_7413"
"pc_05060","7413","Сиросолільник","cat_7413"
"pc_05061","7413","Пакувальник сиру твердого на термоусадочній машині","cat_7413"
"pc_05062","7414","Буртоукладач","cat_7414"
"pc_05063","7414","Вибірник солодкового кореня","cat_7414"
"pc_05064","7414","Заготівельник продуктів і сировини","cat_7414"
"pc_05065","7414","Приймальник-здавальник харчової продукції (заготівля плодів, овочів та подібних продуктів)","cat_7414"
"pc_05066","7414","Приймальник солодкового кореня","cat_7414"
"pc_05067","7414","Сортувальник у виробництві харчової продукції (плоди, овочі та подібні продукти)","cat_7414"
"pc_05068","7415","Дегустатор вин","cat_7415"
"pc_05069","7415","Дегустатор кави","cat_7415"
"pc_05070","7415","Дегустатор лікерів","cat_7415"
"pc_05071","7415","Дегустатор соків","cat_7415"
"pc_05072","7415","Дегоржер","cat_7415"
"pc_05073","7415","Купажник","cat_7415"
"pc_05074","7415","Купажник чаю","cat_7415"
"pc_05075","7415","Приймальник-здавальник харчової продукції (змішування продуктів харчування та напоїв)","cat_7415"
"pc_05076","7415","Ремюер","cat_7415"
"pc_05077","7415","Сатураторник","cat_7415"
"pc_05078","7415","Сортувальник у виробництві харчової продукції (змішування продуктів харчування та напоїв)","cat_7415"
"pc_05079","7415","Сортувальник-розбирач чаю","cat_7415"
"pc_05080","7415","Готувач сумішей (змішування продуктів харчування та напоїв)","cat_7415"
"pc_05081","7415","Ферментувальник чаю","cat_7415"
"pc_05082","7416","Купажник тютюнів","cat_7416"
"pc_05083","7416","Приймальник-здавальник харчової продукції (перероблення тютюну)","cat_7416"
"pc_05084","7416","Сортувальник у виробництві харчової продукції (перероблення тютюну)","cat_7416"
"pc_05085","7416","Сортувальник тютюну","cat_7416"
"pc_05086","7416","Сортувальник тютюну у ферментаційному виробництві","cat_7416"
"pc_05087","7416","Готувач сумішей (перероблення тютюну)","cat_7416"
"pc_05088","7416","Сушильник харчової продукції (перероблення тютюну)","cat_7416"
"pc_05089","7416","Чистильник устаткування (виробництво тютюнових виробів)","cat_7416"
"pc_05090","7419","Оброблювач рибних продуктів","cat_7419"
"pc_05091","7419","Оброблювач свійської птиці і кролів","cat_7419"
"pc_05092","7421","Заготівник чайних ящиків","cat_7421"
"pc_05093","7421","Оператор сушильних установок","cat_7421"
"pc_05094","7421","Пропарювач-проварювач деревини","cat_7421"
"pc_05095","7421","Просочувальник пиломатеріалів та виробів з деревини","cat_7421"
"pc_05096","7421","Просочувальник з вогнезахисного просочування","cat_7421"
"pc_05097","7421","Різальник шпону та личкувальних матеріалів","cat_7421"
"pc_05098","7421","Склеювач блоків, заготовок та будівельних конструкцій","cat_7421"
"pc_05099","7421","Сортувальник матеріалів та виробів з деревини","cat_7421"
"pc_05100","7421","Сушильник (виробництво фанери)","cat_7421"
"pc_05101","7421","Сушильник дощечок","cat_7421"
"pc_05102","7421","Укладальник пиломатеріалів, деталей та виробів з деревини","cat_7421"
"pc_05103","7422","Бондар","cat_7422"
"pc_05104","7422","Бондар-закупорювач (виробництво харчової продукції)","cat_7422"
"pc_05105","7422","Гнутар по дереву","cat_7422"
"pc_05106","7422","Виробник берд","cat_7422"
"pc_05107","7422","Комплектувальник меблів","cat_7422"
"pc_05108","7422","Контролер деревообробного виробництва","cat_7422"
"pc_05109","7422","Майстер з виготовлення меблів","cat_7422"
"pc_05110","7422","Модельник дерев'яних моделей","cat_7422"
"pc_05111","7422","Набирач личкувальних матеріалів для меблів","cat_7422"
"pc_05112","7422","Личкувальник деталей меблів","cat_7422"
"pc_05113","7422","Обсмолювач бочок","cat_7422"
"pc_05114","7422","Пресувальник виробів з деревини","cat_7422"
"pc_05115","7422","Розмітник по дереву","cat_7422"
"pc_05116","7422","Столяр","cat_7422"
"pc_05117","7422","Столяр-виробник декорацій","cat_7422"
"pc_05118","7422","Тесальник спецсортиментів","cat_7422"
"pc_05119","7423","Заточувальник деревообробного інструменту","cat_7423"
"pc_05120","7423","Виготовлювач шаблонів","cat_7423"
"pc_05121","7423","Монтажник устаткування деревообробних підприємств","cat_7423"
"pc_05122","7423","Налагоджувальник деревообробного устаткування","cat_7423"
"pc_05123","7423","Розкрійник шліфувального полотна","cat_7423"
"pc_05124","7423","Верстатник деревообробних верстатів","cat_7423"
"pc_05125","7423","Верстатник навивального верстата","cat_7423"
"pc_05126","7423","Верстатник ребросклеювального верстата","cat_7423"
"pc_05127","7423","Верстатник вусувального верстата","cat_7423"
"pc_05128","7423","Шліфувальник по дереву","cat_7423"
"pc_05129","7424","Пресувальник плит з очерету","cat_7424"
"pc_05130","7431","Бригадир на дільницях основного виробництва (виготовлення волокон)","cat_7431"
"pc_05131","7431","Заправник голкопробивного агрегата","cat_7431"
"pc_05132","7431","Класувальник вовни та пуху","cat_7431"
"pc_05133","7431","Лаборант з аналізу коконів","cat_7431"
"pc_05134","7431","Намотувальник фільтрів","cat_7431"
"pc_05135","7431","Обробник волокна (лляне виробництво)","cat_7431"
"pc_05136","7431","Перевіряльник веретен","cat_7431"
"pc_05137","7431","Перевіряльник розводок","cat_7431"
"pc_05138","7431","Помічник майстра (лляне виробництво)","cat_7431"
"pc_05139","7431","Помічник майстра (конопледжутове виробництво)","cat_7431"
"pc_05140","7431","Пробиральник (вовняне виробництво)","cat_7431"
"pc_05141","7431","Сортувальник немитої вовни","cat_7431"
"pc_05142","7431","Сортувальник сировини, матеріалів та виробів (виготовлення волокон, вати та конопледжутове виробництво)","cat_7431"
"pc_05143","7431","Точильник стригальних ножів","cat_7431"
"pc_05144","7431","Чистильник-точильник чесальних апаратів","cat_7431"
"pc_05145","7431","Шліфувальник друкарських валів","cat_7431"
"pc_05146","7432","Батанник","cat_7432"
"pc_05147","7432","Бригадир на дільницях основного виробництва (текстильне виробництво)","cat_7432"
"pc_05148","7432","Вирізальник фестонів","cat_7432"
"pc_05149","7432","Витягальник ременів","cat_7432"
"pc_05150","7432","В'язальник текстильно-галантерейних виробів","cat_7432"
"pc_05151","7432","Заправник текстильного устаткування","cat_7432"
"pc_05152","7432","Комплектувальник пряжі, тканини й виробів","cat_7432"
"pc_05153","7432","Контролер вимірювань продукції","cat_7432"
"pc_05154","7432","Контролер якості","cat_7432"
"pc_05155","7432","Контролер матеріалів та виробів","cat_7432"
"pc_05156","7432","Контролер ремізо-бердного виробництва","cat_7432"
"pc_05157","7432","Контролер сітковиробів","cat_7432"
"pc_05158","7432","Мереживниця","cat_7432"
"pc_05159","7432","Мийник килимів","cat_7432"
"pc_05160","7432","Обплітальник деталей","cat_7432"
"pc_05161","7432","Помічник майстра (сітков'язальне виробництво)","cat_7432"
"pc_05162","7432","Правильник технологічного оснащення","cat_7432"
"pc_05163","7432","Розправляч основ","cat_7432"
"pc_05164","7432","Снувальник (ручне ткацтво)","cat_7432"
"pc_05165","7432","Сортувальник сировини, матеріалів та виробів (виготовлення полотна, виробництво текстильної галантереї та сітков'язальне виробництво)","cat_7432"
"pc_05166","7432","Стригаль ворсу","cat_7432"
"pc_05167","7432","Футлярник","cat_7432"
"pc_05168","7432","Ткач ручного художнього ткацтва","cat_7432"
"pc_05169","7432","Килимар","cat_7432"
"pc_05170","7433","Бригадир на дільницях основного виробництва (кравецькі, капелюшні роботи)","cat_7433"
"pc_05171","7433","Клеїльник (швацьке виробництво)","cat_7433"
"pc_05172","7433","Обробник головних уборів","cat_7433"
"pc_05173","7433","Вітрильник","cat_7433"
"pc_05174","7433","Кравець","cat_7433"
"pc_05175","7433","Розкладач лекал","cat_7433"
"pc_05176","7433","Формувальник головних уборів (швацьке виробництво)","cat_7433"
"pc_05177","7434","Бригадир на дільницях основного виробництва (кушнірські роботи)","cat_7434"
"pc_05178","7434","Вимірювач шкіряно-хутряної сировини та матеріалу","cat_7434"
"pc_05179","7434","Консервувальник шкіряної та хутряної сировини","cat_7434"
"pc_05180","7434","Консервувальник шкіряно-хутряної сировини","cat_7434"
"pc_05181","7434","Контролер хутряної сировини та напівфабрикатів у кушнірському виробництві","cat_7434"
"pc_05182","7434","Контролер хутряної сировини та напівфабрикатів у сирицефарбувальному виробництві","cat_7434"
"pc_05183","7434","Фарбувальник хутра та шубної овчини","cat_7434"
"pc_05184","7434","Оброблювач хутряних шкурок (опоряджувальні операції)","cat_7434"
"pc_05185","7434","Правильник хутряних шкурок та скроїв виробів","cat_7434"
"pc_05186","7434","Розпилювач хутра та повсті","cat_7434"
"pc_05187","7434","Кушнір-складальник","cat_7434"
"pc_05188","7434","Кушнір-обробник","cat_7434"
"pc_05189","7434","Кушнір-розкрійник","cat_7434"
"pc_05190","7434","Сортувальник шкіряно-хутряної сировини","cat_7434"
"pc_05191","7434","Термообробник хутряних шкурок","cat_7434"
"pc_05192","7435","Бригадир на дільницях основного виробництва (моделювання та закрій одягу)","cat_7435"
"pc_05193","7435","Закрійник","cat_7435"
"pc_05194","7435","Контролер матеріалів, виробів та лекал","cat_7435"
"pc_05195","7435","Костюмер","cat_7435"
"pc_05196","7435","Модистка головних уборів","cat_7435"
"pc_05197","7435","Розкрійник","cat_7435"
"pc_05198","7436","Виготовлювач м'яких іграшок","cat_7436"
"pc_05199","7436","Бригадир на дільницях основного виробництва (швацьке виробництво)","cat_7436"
"pc_05200","7436","Комплектувальник матеріалів, крою та виробів","cat_7436"
"pc_05201","7436","Розмалювальник шкірогалантерейних виробів","cat_7436"
"pc_05202","7436","Ремонтувальник шкірогалантерейних виробів","cat_7436"
"pc_05203","7436","Фурнітурник","cat_7436"
"pc_05204","7436","Швачка з пошиття та ремонту літакового інвентарю","cat_7436"
"pc_05205","7436","Швачка","cat_7436"
"pc_05206","7436","Швачка (у сировинно-фарбувальних та кушнірських цехах)","cat_7436"
"pc_05207","7436","Швачка спеціальних виробів (спеціальні хімічні виробництва)","cat_7436"
"pc_05208","7437","Бригадир на дільницях основного виробництва (оббивка)","cat_7437"
"pc_05209","7437","Драпірувальник","cat_7437"
"pc_05210","7437","Оббивальник","cat_7437"
"pc_05211","7437","Оббивальник меблів","cat_7437"
"pc_05212","7439","Майстер з пошиття одягу","cat_7439"
"pc_05213","7439","Кушнір","cat_7439"
"pc_05214","7441","Бригадир на дільницях основного виробництва (шкіряне виробництво)","cat_7441"
"pc_05215","7441","Вирівнювальник товщини деталей та напівфабрикатів","cat_7441"
"pc_05216","7441","Жирувальник шкір","cat_7441"
"pc_05217","7441","Виробник щетинно-щіткових виробів","cat_7441"
"pc_05218","7441","Гартівник чапраку та технічної шкіри","cat_7441"
"pc_05219","7441","Колорист (шкіряне виробництво)","cat_7441"
"pc_05220","7441","Контролер сировини та напівфабрикатів","cat_7441"
"pc_05221","7441","Фарбувальник шкір","cat_7441"
"pc_05222","7441","Лакувальник шкір","cat_7441"
"pc_05223","7441","Міздрильник","cat_7441"
"pc_05224","7441","Міздрильник шкур","cat_7441"
"pc_05225","7441","Міздрильник шкурок кролів","cat_7441"
"pc_05226","7441","Меланжист","cat_7441"
"pc_05227","7441","Оброблювач шкіряно-хутряної сировини","cat_7441"
"pc_05228","7441","Оброблювач шкур (м'ясоперероблення)","cat_7441"
"pc_05229","7441","Оброблювач шкур волосогінною сумішшю","cat_7441"
"pc_05230","7441","Приймальник сировини","cat_7441"
"pc_05231","7441","Прокатник шкір","cat_7441"
"pc_05232","7441","Розкрійник шкіряної сировини","cat_7441"
"pc_05233","7441","Розтягальник шкір та овчин на рами","cat_7441"
"pc_05234","7441","Сортувальник шкур","cat_7441"
"pc_05235","7441","Сортувальник шкурок кролів","cat_7441"
"pc_05236","7441","Стругальник шкіряно-хутряної сировини та напівфабрикатів","cat_7441"
"pc_05237","7441","Сушильник шкурок кролів","cat_7441"
"pc_05238","7441","Тузлукувальник шкур","cat_7441"
"pc_05239","7441","Витягальник шкір","cat_7441"
"pc_05240","7441","Зволожувальник шкіряних, хутряних деталей та виробів","cat_7441"
"pc_05241","7442","Бригадир на дільницях основного виробництва (виробництво взуття)","cat_7442"
"pc_05242","7442","Затягувальник взуття","cat_7442"
"pc_05243","7442","Виробник макетів матриць","cat_7442"
"pc_05244","7442","Випробувач протезно-ортопедичних виробів","cat_7442"
"pc_05245","7442","Контролер виробів, напівфабрикатів та матеріалів","cat_7442"
"pc_05246","7442","Кріпильник деталей","cat_7442"
"pc_05247","7442","Модельєр колодок","cat_7442"
"pc_05248","7442","Модельєр ортопедичного взуття","cat_7442"
"pc_05249","7442","Оброблювач деталей, напівфабрикатів та виробів","cat_7442"
"pc_05250","7442","Взуттьовик з індивідуального пошиття взуття","cat_7442"
"pc_05251","7442","Взуттьовик з пошиття ортопедичного взуття","cat_7442"
"pc_05252","7442","Взуттьовик з ремонту взуття","cat_7442"
"pc_05253","7442","Взуттьовик з ремонту спецвзуття","cat_7442"
"pc_05254","7442","Обробник виробів","cat_7442"
"pc_05255","7442","Пошивник лимарно-сідельних виробів","cat_7442"
"pc_05256","7442","Розтягальник шкіряних смуг","cat_7442"
"pc_05257","7442","Ремонтувальник взуттьових колодок","cat_7442"
"pc_05258","7442","Складальник шкірогалантерейних виробів","cat_7442"
"pc_05259","7442","Складальник лимарно-сідельних виробів","cat_7442"
"pc_05260","7442","Сортувальник виробів, напівфабрикатів та матеріалів","cat_7442"
"pc_05261","7990","Бригадир на дільницях основного виробництва (інші кваліфіковані роботи)","cat_7990"
"pc_05262","8111","Гідромоніторник","cat_8111"
"pc_05263","8111","Машиніст агрегатів для добування солі в озері","cat_8111"
"pc_05264","8111","Машиніст бульдозера (гірничі роботи)","cat_8111"
"pc_05265","8111","Машиніст вібронавантажувальної установки","cat_8111"
"pc_05266","8111","Машиніст глинорізальної машини","cat_8111"
"pc_05267","8111","Машиніст гірничих виїмкових машин","cat_8111"
"pc_05268","8111","Машиніст драги","cat_8111"
"pc_05269","8111","Машиніст землесосної установки","cat_8111"
"pc_05270","8111","Машиніст каменерізної машини","cat_8111"
"pc_05271","8111","Машиніст конвеєра","cat_8111"
"pc_05272","8111","Машиніст машин для видобування й перероблення кускового торфу","cat_8111"
"pc_05273","8111","Машиніст машин для видобування й перероблення фрезерного торфу","cat_8111"
"pc_05274","8111","Машиніст машин для підготовки торфових родовищ до експлуатації","cat_8111"
"pc_05275","8111","Машиніст механічного котка","cat_8111"
"pc_05276","8111","Машиніст відвалоутворювача","cat_8111"
"pc_05277","8111","Машиніст відвального моста","cat_8111"
"pc_05278","8111","Машиніст поличкового плуга","cat_8111"
"pc_05279","8111","Машиніст навантажувально-доставочної машини","cat_8111"
"pc_05280","8111","Машиніст навантажувальної машини","cat_8111"
"pc_05281","8111","Машиніст підземних самохідних машин","cat_8111"
"pc_05282","8111","Машиніст прохідницького комплексу","cat_8111"
"pc_05283","8111","Машиніст самохідного кабелепересувача","cat_8111"
"pc_05284","8111","Машиніст скрепера (гірничі та гірничо-капітальні роботи)","cat_8111"
"pc_05285","8111","Машиніст слюдовибиральної установки","cat_8111"
"pc_05286","8111","Машиніст солекомбайна","cat_8111"
"pc_05287","8111","Машиніст солезбирального комбайна","cat_8111"
"pc_05288","8111","Машиніст торфовидобувного екскаватора","cat_8111"
"pc_05289","8111","Машиніст установки для руйнування негабаритів гірничої маси","cat_8111"
"pc_05290","8111","Машиніст фрезагрегата","cat_8111"
"pc_05291","8111","Машиніст екскаватора","cat_8111"
"pc_05292","8111","Моторист ропокачки","cat_8111"
"pc_05293","8111","Навальник солі в басейнах","cat_8111"
"pc_05294","8111","Оператор сіркодобувних та водовідливних свердловин","cat_8111"
"pc_05295","8111","Регулювальник роботи свердловин","cat_8111"
"pc_05296","8111","Сушильник (збагачення)","cat_8111"
"pc_05297","8111","Центрифугувальник (збагачення)","cat_8111"
"pc_05298","8112","Апаратник сушіння торфу та торфових виробів","cat_8112"
"pc_05299","8112","Лаборант волокнистоцементного виробництва","cat_8112"
"pc_05300","8112","Агломератник","cat_8112"
"pc_05301","8112","Апаратник збагачення золотовмісних руд","cat_8112"
"pc_05302","8112","Апаратник приготування брикетної суміші","cat_8112"
"pc_05303","8112","Апаратник виробництва гірського воску","cat_8112"
"pc_05304","8112","Апаратник виробництва озокериту та озокеритової продукції","cat_8112"
"pc_05305","8112","Апаратник виробництва реагентів","cat_8112"
"pc_05306","8112","Апаратник вуглезбагачення","cat_8112"
"pc_05307","8112","Бункерувальник","cat_8112"
"pc_05308","8112","Варильник торфомаси","cat_8112"
"pc_05309","8112","Горновий на агломерації та випалюванні","cat_8112"
"pc_05310","8112","Грохотник","cat_8112"
"pc_05311","8112","Доводжувач","cat_8112"
"pc_05312","8112","Доводжувач алмазовмісних концентратів","cat_8112"
"pc_05313","8112","Дозувальник","cat_8112"
"pc_05314","8112","Дозувальник гарячого повертання","cat_8112"
"pc_05315","8112","Дозувальник реагентів","cat_8112"
"pc_05316","8112","Долотозаправник","cat_8112"
"pc_05317","8112","Драгер","cat_8112"
"pc_05318","8112","Дробильник (виробництво цементу)","cat_8112"
"pc_05319","8112","Дробильник (збагачування, агломерація й брикетування)","cat_8112"
"pc_05320","8112","Контролер з дорогоцінної продукції","cat_8112"
"pc_05321","8112","Концентраторник","cat_8112"
"pc_05322","8112","Лаборант азбестозбагачувального виробництва","cat_8112"
"pc_05323","8112","Машиніст брикетного преса","cat_8112"
"pc_05324","8112","Машиніст дробильно-навантажувального агрегата","cat_8112"
"pc_05325","8112","Машиніст кратцера","cat_8112"
"pc_05326","8112","Машиніст млинів (збагачення та брикетування вугілля)","cat_8112"
"pc_05327","8112","Машиніст механічного чи флотаційного збагачення руди","cat_8112"
"pc_05328","8112","Машиніст огрудковувача","cat_8112"
"pc_05329","8112","Машиніст охолоджувачів","cat_8112"
"pc_05330","8112","Машиніст промивальних машин","cat_8112"
"pc_05331","8112","Машиніст розливальної машини (перероблення озокеритових руд)","cat_8112"
"pc_05332","8112","Машиніст реактивної установки","cat_8112"
"pc_05333","8112","Машиніст рудоусереднювальної машини","cat_8112"
"pc_05334","8112","Машиніст змішувальних барабанів","cat_8112"
"pc_05335","8112","Машиніст солезбагачувальної установки","cat_8112"
"pc_05336","8112","Машиніст сушильної установки","cat_8112"
"pc_05337","8112","Машиніст установок збагачення та брикетування","cat_8112"
"pc_05338","8112","Мельник мінеральної сировини","cat_8112"
"pc_05339","8112","Моторист промивального приладу для вилучення металу","cat_8112"
"pc_05340","8112","Випалювач (агломерація)","cat_8112"
"pc_05341","8112","Збагачувач графіту","cat_8112"
"pc_05342","8112","Оператор пульта керування","cat_8112"
"pc_05343","8112","Розпилювач каменю (оброблення каменю)","cat_8112"
"pc_05344","8112","Регулювальник азбестозбагачувального устаткування","cat_8112"
"pc_05345","8112","Сепараторник (збагачення)","cat_8112"
"pc_05346","8112","Фільтрувальник","cat_8112"
"pc_05347","8112","Флотатор","cat_8112"
"pc_05348","8112","Фрезерувальник каменю","cat_8112"
"pc_05349","8112","Шламівник-басейник","cat_8112"
"pc_05350","8112","Шліфувальник гірських порід","cat_8112"
"pc_05351","8112","Шліфувальник-полірувальник виробів з каменю","cat_8112"
"pc_05352","8113","Помічник бурильника експлуатаційного та розвідувального буріння свердловин на нафту й газ","cat_8113"
"pc_05353","8113","Машиніст каротажної станції","cat_8113"
"pc_05354","8113","Машиніст установки збудження сейсмічних сигналів","cat_8113"
"pc_05355","8113","Машиніст шурфопрохідницької установки","cat_8113"
"pc_05356","8113","Бурильник (будівельні роботи)","cat_8113"
"pc_05357","8113","Бурильник капітального ремонту свердловин","cat_8113"
"pc_05358","8113","Бурильник плавучого бурильного агрегата в морі","cat_8113"
"pc_05359","8113","Бурильник шпурів","cat_8113"
"pc_05360","8113","Бурильник експлуатаційного та розвідувального буріння свердловин на нафту та газ","cat_8113"
"pc_05361","8113","Дизеліст плавучого бурильного агрегата в морі","cat_8113"
"pc_05362","8113","Машиніст агрегатів для обслуговування нафтогазопромислового устаткування","cat_8113"
"pc_05363","8113","Машиніст бурової установки","cat_8113"
"pc_05364","8113","Машиніст бурових установок на нафту й газ","cat_8113"
"pc_05365","8113","Машиніст насосної станції з накачування робочого агента в пласт","cat_8113"
"pc_05366","8113","Машиніст парової пересувної депарафінізаційної установки","cat_8113"
"pc_05367","8113","Машиніст парогенераторної установки з накачування пари в нафтові пласти","cat_8113"
"pc_05368","8113","Машиніст пересувного компресора","cat_8113"
"pc_05369","8113","Машиніст підіймача для випробування свердловин","cat_8113"
"pc_05370","8113","Машиніст з цементування свердловин","cat_8113"
"pc_05371","8113","Машиніст промивального агрегата","cat_8113"
"pc_05372","8113","Машиніст установки для буріння стовбурів шахт повним перерізом","cat_8113"
"pc_05373","8113","Моторист бурової установки","cat_8113"
"pc_05374","8113","Моторист цементувального агрегата","cat_8113"
"pc_05375","8113","Моторист цементо-піскозмішувального агрегата","cat_8113"
"pc_05376","8113","Оператор-моторист станції контролю цементажу","cat_8113"
"pc_05377","8113","Оператор зневоднювальної та знесолювальної установки","cat_8113"
"pc_05378","8113","Оператор з геофізичного випробування корисних копалин","cat_8113"
"pc_05379","8113","Оператор з гідравлічного розривання пластів","cat_8113"
"pc_05380","8113","Оператор з добування нафти й газу","cat_8113"
"pc_05381","8113","Оператор з дослідження свердловин","cat_8113"
"pc_05382","8113","Оператор з випробування свердловин","cat_8113"
"pc_05383","8113","Оператор з підготовки свердловин до капітального та підземного ремонтів","cat_8113"
"pc_05384","8113","Оператор з підтримування пластового тиску","cat_8113"
"pc_05385","8113","Оператор з підземного ремонту свердловин","cat_8113"
"pc_05386","8113","Оператор із збирання газу","cat_8113"
"pc_05387","8113","Оператор з хімічного оброблення свердловин","cat_8113"
"pc_05388","8113","Оператор з цементажу свердловин","cat_8113"
"pc_05389","8113","Оператор пульта керування у видобуванні нафти й газу","cat_8113"
"pc_05390","8113","Помічник бурильника капітального ремонту свердловин","cat_8113"
"pc_05391","8113","Помічник бурильника експлуатаційного та розвідувального буріння свердловин під час електробуріння","cat_8113"
"pc_05392","8119","Електромеханік гірничого устаткування підземний","cat_8119"
"pc_05393","8119","Машиніст машин для видобування та перероблення торфу","cat_8119"
"pc_05394","8119","Машиніст технологічного обладнання збагачувальної фабрики","cat_8119"
"pc_05395","8119","Моторист агрегатів для цементування свердловин","cat_8119"
"pc_05396","8119","Помічник бурильника свердловин (добування нафти й газу)","cat_8119"
"pc_05397","8121","Підручний сталевара конверторного виробництва (конвертера)","cat_8121"
"pc_05398","8121","Бригадир на дільницях основного виробництва (металургія)","cat_8121"
"pc_05399","8121","Андоник у виробництві алюмінію","cat_8121"
"pc_05400","8121","Апаратник у виробництві дорогоцінних металів","cat_8121"
"pc_05401","8121","Апаратник у виробництві металевих порошків","cat_8121"
"pc_05402","8121","Апаратник у виробництві солей","cat_8121"
"pc_05403","8121","Апаратник у виробництві титану й рідкісних металів","cat_8121"
"pc_05404","8121","Апаратник-гідрометалург","cat_8121"
"pc_05405","8121","Апаратник виготовлення штучного шеєліту","cat_8121"
"pc_05406","8121","Апаратник карбідизації","cat_8121"
"pc_05407","8121","Апаратник на плазмових установках","cat_8121"
"pc_05408","8121","Апаратник на приготуванні сумішей та розчинів","cat_8121"
"pc_05409","8121","Апаратник окислення молібденових відходів","cat_8121"
"pc_05410","8121","Апаратник печей відновлення","cat_8121"
"pc_05411","8121","Апаратник одержання високочистих сполук лужних металів","cat_8121"
"pc_05412","8121","Апаратник одержання гідроокисних сполук лужних металів","cat_8121"
"pc_05413","8121","Апаратник з виробництва ванадію","cat_8121"
"pc_05414","8121","Апаратник з розділення рідкоземельних елементів","cat_8121"
"pc_05415","8121","Апаратник приготування сірчанокислого глинозему","cat_8121"
"pc_05416","8121","Апаратник приготування електроліту","cat_8121"
"pc_05417","8121","Апаратник електрохімічного виробництва танталу","cat_8121"
"pc_05418","8121","Бригадир бункерів","cat_8121"
"pc_05419","8121","Бригадир двору виливниць","cat_8121"
"pc_05420","8121","Бригадир розливальних машин","cat_8121"
"pc_05421","8121","Бригадир розроблення шлакового відвалу","cat_8121"
"pc_05422","8121","Бригадир рудного двору","cat_8121"
"pc_05423","8121","Бригадир шихтового двору у сталеплавильному та феросплавному виробництвах","cat_8121"
"pc_05424","8121","Бункерувальник доменних печей","cat_8121"
"pc_05425","8121","Верховий доменної печі","cat_8121"
"pc_05426","8121","Вибивальник титанової губки","cat_8121"
"pc_05427","8121","Вибірник-сортувальник вогнетривкого брухту","cat_8121"
"pc_05428","8121","Виливальник-заливальник металу","cat_8121"
"pc_05429","8121","Газівник доменної печі","cat_8121"
"pc_05430","8121","Газівник шахтової печі","cat_8121"
"pc_05431","8121","Горновий з десульфурації чавуну","cat_8121"
"pc_05432","8121","Горновий доменної печі","cat_8121"
"pc_05433","8121","Горновий шахтової печі","cat_8121"
"pc_05434","8121","Грануляторник доменного шлаку","cat_8121"
"pc_05435","8121","Заготівник хімічних напівфабрикатів тугоплавких металів","cat_8121"
"pc_05436","8121","Завантажувач шихти","cat_8121"
"pc_05437","8121","Завантажувач лугу","cat_8121"
"pc_05438","8121","Ковшовий","cat_8121"
"pc_05439","8121","Конвертерник","cat_8121"
"pc_05440","8121","Конденсаторник","cat_8121"
"pc_05441","8121","Контролер у виробництві чорних металів","cat_8121"
"pc_05442","8121","Контролер продукції кольорової металургії (плавка руд кольорових металів)","cat_8121"
"pc_05443","8121","Лаборант-металограф","cat_8121"
"pc_05444","8121","Лаборант з аналізу газів у металах","cat_8121"
"pc_05445","8121","Лаборант з аналізу формувальних та шихтових сумішей","cat_8121"
"pc_05446","8121","Лаборант пробірного аналізу","cat_8121"
"pc_05447","8121","Лаборант спектрального аналізу","cat_8121"
"pc_05448","8121","Машиніст гідроочищення та змазування виливниць","cat_8121"
"pc_05449","8121","Машиніст дистрибутора","cat_8121"
"pc_05450","8121","Машиніст дробильно-помельно-сортувальних механізмів","cat_8121"
"pc_05451","8121","Машиніст завалювальної машини","cat_8121"
"pc_05452","8121","Машиніст заправної машини","cat_8121"
"pc_05453","8121","Машиніст машини для ламання футерування конверторів та ковшів","cat_8121"
"pc_05454","8121","Машиніст просіювальних установок","cat_8121"
"pc_05455","8121","Машиніст розливної машини (чорна металургія)","cat_8121"
"pc_05456","8121","Машиніст-транспортувальник гарячого металу (рудо- та металоплавильні печі)","cat_8121"
"pc_05457","8121","Машиніст шихтоподачі","cat_8121"
"pc_05458","8121","Міксеровий","cat_8121"
"pc_05459","8121","Набивальник блоків","cat_8121"
"pc_05460","8121","Набирач стопорів","cat_8121"
"pc_05461","8121","Оператор завантаження конвертера","cat_8121"
"pc_05462","8121","Оператор логоскопа","cat_8121"
"pc_05463","8121","Оператор машини безперервного лиття заготовок","cat_8121"
"pc_05464","8121","Оператор пароежекторної установки вакуумування металу","cat_8121"
"pc_05465","8121","Оператор систем гідравліки та охолодження машини безперервного лиття заготовок","cat_8121"
"pc_05466","8121","Плавильник (плавка руд кольорових металів)","cat_8121"
"pc_05467","8121","Плавильник розкислювачів","cat_8121"
"pc_05468","8121","Плавильник синтетичних шлаків","cat_8121"
"pc_05469","8121","Готувач составів до розливання плавок","cat_8121"
"pc_05470","8121","Готувач сталерозливних канав","cat_8121"
"pc_05471","8121","Підручний сталевара вакуумної печі","cat_8121"
"pc_05472","8121","Підручний сталевара мартенівської печі","cat_8121"
"pc_05473","8121","Підручний сталевара печі прямого відновлення заліза","cat_8121"
"pc_05474","8121","Підручний сталевара установки позапічного оброблення сталі","cat_8121"
"pc_05475","8121","Підручний сталевара установки електрошлакового переплаву","cat_8121"
"pc_05476","8121","Підручний сталевара електропечі","cat_8121"
"pc_05477","8121","Пультівник конвертера","cat_8121"
"pc_05478","8121","Пультівник електроплавильної печі","cat_8121"
"pc_05479","8121","Розливальник сталі","cat_8121"
"pc_05480","8121","Розливальник кольорових металів та сплавів","cat_8121"
"pc_05481","8121","Регулювальник електродів (плавка руд кольорових металів)","cat_8121"
"pc_05482","8121","Скіповий","cat_8121"
"pc_05483","8121","Змішувальник (плавка руд кольорових металів)","cat_8121"
"pc_05484","8121","Сталевар вакуумної печі","cat_8121"
"pc_05485","8121","Сталевар конвертера","cat_8121"
"pc_05486","8121","Сталевар мартенівської печі","cat_8121"
"pc_05487","8121","Сталевар установки позапічного оброблення сталі","cat_8121"
"pc_05488","8121","Сталевар установки електрошлакового переплаву","cat_8121"
"pc_05489","8121","Сталевар електропечі","cat_8121"
"pc_05490","8121","Флюсовар (доменне виробництво)","cat_8121"
"pc_05491","8121","Шлакувальник","cat_8121"
"pc_05492","8122","Автоклавник лиття під тиском","cat_8122"
"pc_05493","8122","Апаратник вакуум-термічної печі","cat_8122"
"pc_05494","8122","Апаратник у виробництві твердих сплавів і тугоплавких металів","cat_8122"
"pc_05495","8122","Апаратник відпалу хрому","cat_8122"
"pc_05496","8122","Бригадир відділення відцентрових машин","cat_8122"
"pc_05497","8122","Вагранник (ливарні роботи)","cat_8122"
"pc_05498","8122","Вальцювальник із складання та перевалки клітей","cat_8122"
"pc_05499","8122","Вальцювальник профілевигинального агрегата","cat_8122"
"pc_05500","8122","Вальцювальник стана гарячого прокату","cat_8122"
"pc_05501","8122","Вальцювальник стана холодного прокату","cat_8122"
"pc_05502","8122","Вальцювальник холодного металу","cat_8122"
"pc_05503","8122","Варник ливарних мастил","cat_8122"
"pc_05504","8122","Варник пеку","cat_8122"
"pc_05505","8122","Горновий феросплавних печей","cat_8122"
"pc_05506","8122","Завалювальник шихти у вагранки та печі","cat_8122"
"pc_05507","8122","Заливальник анодів","cat_8122"
"pc_05508","8122","Заливальник металу","cat_8122"
"pc_05509","8122","Заливальник свинцево-олов'янистих сплавів","cat_8122"
"pc_05510","8122","Виробник-налагоджувальник прес-проводок","cat_8122"
"pc_05511","8122","Випробувач металу","cat_8122"
"pc_05512","8122","Катодник","cat_8122"
"pc_05513","8122","Каширувальник-фарбувальник фольги","cat_8122"
"pc_05514","8122","Клеймувальник гарячого металу (вторинна переплавка чорних металів)","cat_8122"
"pc_05515","8122","Комплектувальник форм сухозлітних металів","cat_8122"
"pc_05516","8122","Контролер у ливарному виробництві","cat_8122"
"pc_05517","8122","Листобійник","cat_8122"
"pc_05518","8122","Ливарник вакуумного, відцентрово-вакуумного й відцентрового лиття","cat_8122"
"pc_05519","8122","Ливарник виробів із свинцевих сплавів","cat_8122"
"pc_05520","8122","Ливарник металів та сплавів","cat_8122"
"pc_05521","8122","Ливарник методом спрямованої кристалізації","cat_8122"
"pc_05522","8122","Ливарник на машинах для лиття під тиском","cat_8122"
"pc_05523","8122","Ливарник художніх виробів","cat_8122"
"pc_05524","8122","Ливарник кольорових металів","cat_8122"
"pc_05525","8122","Машиніст ведучого мотора прокатного стана","cat_8122"
"pc_05526","8122","Машиніст завантажувальних механізмів","cat_8122"
"pc_05527","8122","Машиніст машини вогневого зачищення","cat_8122"
"pc_05528","8122","Машиніст преса","cat_8122"
"pc_05529","8122","Машиніст реверсивної парової машини прокатного стана","cat_8122"
"pc_05530","8122","Машиніст зливколамача","cat_8122"
"pc_05531","8122","Машиніст сталеструминної машини (прокатне виробництво)","cat_8122"
"pc_05532","8122","Машиніст-транспортувальник гарячого металу (сталеплавильне та прокатне виробництва)","cat_8122"
"pc_05533","8122","Машиніст фрезерно-зачисної машини","cat_8122"
"pc_05534","8122","Нагрівальник металу (прокатне виробництво)","cat_8122"
"pc_05535","8122","Випалювач відходів металу","cat_8122"
"pc_05536","8122","Збагачувач відходів","cat_8122"
"pc_05537","8122","Оброблювач вторинних шламів","cat_8122"
"pc_05538","8122","Оброблювач матричних листів","cat_8122"
"pc_05539","8122","Оброблювач поверхневих дефектів металу (сталеплавильне та прокатне виробництва)","cat_8122"
"pc_05540","8122","Оброблювач прутків сормайту","cat_8122"
"pc_05541","8122","Оброблювач твердосплавних виробів","cat_8122"
"pc_05542","8122","Оператор лінії оброблення рейок","cat_8122"
"pc_05543","8122","Оператор-ливарник на автоматах та автоматичних лініях","cat_8122"
"pc_05544","8122","Оператор обдирних верстатів (сталеплавильне та прокатне виробництва)","cat_8122"
"pc_05545","8122","Оператор обрубного відділення","cat_8122"
"pc_05546","8122","Оператор поста керування (сталеплавильне та прокатне виробництва)","cat_8122"
"pc_05547","8122","Оператор поста керування агрегатами об'ємного гартування рейок","cat_8122"
"pc_05548","8122","Оператор поста керування системою шихтоподачі","cat_8122"
"pc_05549","8122","Оператор поста керування станом гарячого прокату труб","cat_8122"
"pc_05550","8122","Оператор поста керування станом гарячої прокатки","cat_8122"
"pc_05551","8122","Оператор поста керування станом холодного прокату","cat_8122"
"pc_05552","8122","Оператор профілевигинального агрегата","cat_8122"
"pc_05553","8122","Оператор пульта керування трансбордерним та горизонтально-замкненим конвеєрами","cat_8122"
"pc_05554","8122","Оператор свердлильного агрегата та преса","cat_8122"
"pc_05555","8122","Оператор електрогідравлічного очищення відливок","cat_8122"
"pc_05556","8122","Оператор електрохімічного очищення заготовок","cat_8122"
"pc_05557","8122","Відбивник ртуті","cat_8122"
"pc_05558","8122","Перемотувальник стрічки (чорна металургія)","cat_8122"
"pc_05559","8122","Перемотувальник рулонів","cat_8122"
"pc_05560","8122","Печовий відновлення заліза та відпалу залізних порошків","cat_8122"
"pc_05561","8122","Печовий у виробництві цинкового пилу","cat_8122"
"pc_05562","8122","Печовий йодидного рафінування","cat_8122"
"pc_05563","8122","Печовий на вельц-печах","cat_8122"
"pc_05564","8122","Печовий на відновленні й дистиляції титану та рідкісних металів","cat_8122"
"pc_05565","8122","Печовий на одержанні цинкового купоросу","cat_8122"
"pc_05566","8122","Печовий з відновлення нікелевого порошку","cat_8122"
"pc_05567","8122","Печовий з відновлення термічним способом","cat_8122"
"pc_05568","8122","Печовий з перероблення титановмісних та рідкоземельних матеріалів","cat_8122"
"pc_05569","8122","Печовий з виробництва триоксиду сурми","cat_8122"
"pc_05570","8122","Плавильник (вторинна переплавка кольорових металів)","cat_8122"
"pc_05571","8122","Плавильник барієвого електроліту","cat_8122"
"pc_05572","8122","Плавильник вторинного олова","cat_8122"
"pc_05573","8122","Плавильник металу та сплавів","cat_8122"
"pc_05574","8122","Плавильник металу на вакуумних печах","cat_8122"
"pc_05575","8122","Плавильник свинцевих сплавів","cat_8122"
"pc_05576","8122","Плавильник феросплавів","cat_8122"
"pc_05577","8122","Плавильник циклонної установки","cat_8122"
"pc_05578","8122","Плавильник шоопсплаву та вісмуту","cat_8122"
"pc_05579","8122","Плавильник електронно-променевої плавки","cat_8122"
"pc_05580","8122","Підручний вальцювальника стана гарячого прокату","cat_8122"
"pc_05581","8122","Підручний вальцювальника стана холодного прокату","cat_8122"
"pc_05582","8122","Полірувальник листів та стрічок","cat_8122"
"pc_05583","8122","Посадчик металу (прокатне виробництво)","cat_8122"
"pc_05584","8122","Правильник прокату й труб (прокатне виробництво)","cat_8122"
"pc_05585","8122","Пресувальник коліс та бандажів","cat_8122"
"pc_05586","8122","Пресувальник-прошивальник рейкових скріплень","cat_8122"
"pc_05587","8122","Пресувальник стальних профілів на установці гідроекструзії","cat_8122"
"pc_05588","8122","Приймальник дорогоцінних металів та сировини","cat_8122"
"pc_05589","8122","Просочувальник (кольорова металургія)","cat_8122"
"pc_05590","8122","Розбивальник феросплавів","cat_8122"
"pc_05591","8122","Роздільник титанової губки","cat_8122"
"pc_05592","8122","Роздиральник пакетів","cat_8122"
"pc_05593","8122","Розливальник ртуті","cat_8122"
"pc_05594","8122","Розмітник прокату","cat_8122"
"pc_05595","8122","Рафінувальник ртуті","cat_8122"
"pc_05596","8122","Регулювальник електродів (плавка концентратів кольорових металів)","cat_8122"
"pc_05597","8122","Різальник гарячого металу (прокатне виробництво)","cat_8122"
"pc_05598","8122","Різальник холодного металу (прокатне виробництво)","cat_8122"
"pc_05599","8122","Репульпаторник","cat_8122"
"pc_05600","8122","Змішувальних (вторинна переплавка кольорових металів)","cat_8122"
"pc_05601","8122","Сортувальник-здавальник металу","cat_8122"
"pc_05602","8122","Укладач фтористих присадок","cat_8122"
"pc_05603","8122","Спікальник","cat_8122"
"pc_05604","8122","Талькувальник листів та стрічок","cat_8122"
"pc_05605","8122","Флюсовар (сталеплавильне виробництво)","cat_8122"
"pc_05606","8122","Хлораторник","cat_8122"
"pc_05607","8122","Хлораторник з приготування двохлористого олова","cat_8122"
"pc_05608","8122","Цементаторник","cat_8122"
"pc_05609","8122","Чистильник продукції","cat_8122"
"pc_05610","8122","Чистильник феросплавів","cat_8122"
"pc_05611","8122","Шабрувальник кольорових металів","cat_8122"
"pc_05612","8122","Шихтувальник (ливарні роботи)","cat_8122"
"pc_05613","8122","Шихтувальник","cat_8122"
"pc_05614","8122","Шламівник електролітних ванн","cat_8122"
"pc_05615","8122","Штабелювальник металу","cat_8122"
"pc_05616","8122","Електролізник водних розчинів","cat_8122"
"pc_05617","8122","Електролізник розплавлених солей","cat_8122"
"pc_05618","8122","Чистильник металу, відливок, виробів та деталей","cat_8122"
"pc_05619","8123","Силицирувальник","cat_8123"
"pc_05620","8123","Оператор-терміст на пересувних термічних установках","cat_8123"
"pc_05621","8123","Бригадир колодязів сповільненого охолодження металу","cat_8123"
"pc_05622","8123","Заготівельник суміші для цементації","cat_8123"
"pc_05623","8123","Завантажувач термічних печей","cat_8123"
"pc_05624","8123","Ізолювальник у термообробленні","cat_8123"
"pc_05625","8123","Гартівник","cat_8123"
"pc_05626","8123","Контролер з термооброблення","cat_8123"
"pc_05627","8123","Контролер продукції кольорової металургії (термічне оброблення)","cat_8123"
"pc_05628","8123","Напаювальник","cat_8123"
"pc_05629","8123","Оператор-терміст на автоматичних лініях","cat_8123"
"pc_05630","8123","Відпальник кольорових металів","cat_8123"
"pc_05631","8123","Прожарювач","cat_8123"
"pc_05632","8123","Синильник","cat_8123"
"pc_05633","8123","Спікальник стрічкових осердь","cat_8123"
"pc_05634","8123","Терміст","cat_8123"
"pc_05635","8123","Терміст на установках СВЧ","cat_8123"
"pc_05636","8123","Терміст прокату й труб","cat_8123"
"pc_05637","8123","Терміст холодом","cat_8123"
"pc_05638","8123","Оператор печі з термічного очищення поверхні металевих виробів","cat_8123"
"pc_05639","8124","Бригадир бурильного відділення","cat_8124"
"pc_05640","8124","Бригадир відділення калібрування, волочіння та шліфування металу","cat_8124"
"pc_05641","8124","Бригадир трубоволочильного відділення","cat_8124"
"pc_05642","8124","Бригадир дільниці пресів-розширювачів","cat_8124"
"pc_05643","8124","Бригадир дільниці станів холодної прокатки труб","cat_8124"
"pc_05644","8124","Вальцювальник калібрувального стана","cat_8124"
"pc_05645","8124","Вальцювальник обкатної машини","cat_8124"
"pc_05646","8124","Вальцювальник стана гарячого прокату труб","cat_8124"
"pc_05647","8124","Вальцювальник стана пічного зварювання труб","cat_8124"
"pc_05648","8124","Вальцювальник стана холодного прокату труб","cat_8124"
"pc_05649","8124","Вальцювальник трубоформувального стана","cat_8124"
"pc_05650","8124","Волочильник дроту","cat_8124"
"pc_05651","8124","Волочильник кольорових металів","cat_8124"
"pc_05652","8124","Волочильник труб","cat_8124"
"pc_05653","8124","Ґратознімач","cat_8124"
"pc_05654","8124","Заварник труб та балонів","cat_8124"
"pc_05655","8124","Заливальник-труболиварник","cat_8124"
"pc_05656","8124","Ізолювальник труб на лінії","cat_8124"
"pc_05657","8124","Калібрувальник труб на пресі","cat_8124"
"pc_05658","8124","Кантувальник-укладальник","cat_8124"
"pc_05659","8124","Клеймувальник гарячого металу (трубне виробництво)","cat_8124"
"pc_05660","8124","Контролер продукції кольорової металургії (трубне виробництво)","cat_8124"
"pc_05661","8124","Машиніст гідропневматичної установки","cat_8124"
"pc_05662","8124","Машиніст вантажних механізмів","cat_8124"
"pc_05663","8124","Машиніст сталеструминної машини (трубне виробництво)","cat_8124"
"pc_05664","8124","Машиніст-транспортувальник гарячого металу (трубне виробництво)","cat_8124"
"pc_05665","8124","Машиніст формувальної машини","cat_8124"
"pc_05666","8124","Набирач пакетів листів та труб","cat_8124"
"pc_05667","8124","Нагрівальник металу (трубне виробництво)","cat_8124"
"pc_05668","8124","Нагрівальник кольорових металів","cat_8124"
"pc_05669","8124","Обмазувальник листів та труб","cat_8124"
"pc_05670","8124","Оброблювач поверхневих дефектів металу (трубне виробництво)","cat_8124"
"pc_05671","8124","Оператор лінії з оброблення кольорових металів","cat_8124"
"pc_05672","8124","Оператор обдирних верстатів (трубне виробництво)","cat_8124"
"pc_05673","8124","Оператор поста керування (трубне виробництво)","cat_8124"
"pc_05674","8124","Оператор дротового прокатного стана","cat_8124"
"pc_05675","8124","Відпальник прецизійної сталі та сплавів","cat_8124"
"pc_05676","8124","Паяльщик труб","cat_8124"
"pc_05677","8124","Перфораторник фольги","cat_8124"
"pc_05678","8124","Готувач прокатного інструменту","cat_8124"
"pc_05679","8124","Підручний вальцювальника стана гарячого прокату труб","cat_8124"
"pc_05680","8124","Підручний вальцювальника стана холодного прокату труб","cat_8124"
"pc_05681","8124","Посадчик металу (трубне виробництво)","cat_8124"
"pc_05682","8124","Правильник прокату й труб (трубне виробництво)","cat_8124"
"pc_05683","8124","Пресувальник гарячих труб","cat_8124"
"pc_05684","8124","Пресувальник на гідропресах","cat_8124"
"pc_05685","8124","Пресувальник на випробуванні труб і балонів","cat_8124"
"pc_05686","8124","Пресувальник твердих сплавів","cat_8124"
"pc_05687","8124","Пресувальник туб","cat_8124"
"pc_05688","8124","Прокатник гарячого металу","cat_8124"
"pc_05689","8124","Розбортувальник вініпластових та поліетиленових труб","cat_8124"
"pc_05690","8124","Різальник гарячого металу (трубне виробництво)","cat_8124"
"pc_05691","8124","Різальник сухозлітних металів","cat_8124"
"pc_05692","8124","Різальник труб та заготовок","cat_8124"
"pc_05693","8124","Різальник холодного металу (трубне виробництво)","cat_8124"
"pc_05694","8124","Набирач пакетів","cat_8124"
"pc_05695","8124","Зварник пічного зварювання труб","cat_8124"
"pc_05696","8124","Труболиварник-формувальник","cat_8124"
"pc_05697","8124","Трубопрокатник","cat_8124"
"pc_05698","8129","Апаратник у виробництві кольорових металів","cat_8129"
"pc_05699","8129","Оператор машин та установок у чорній металургії","cat_8129"
"pc_05700","8129","Пресувальник у металургійному виробництві","cat_8129"
"pc_05701","8130","Ливарник у виробництві неметалевих виробів","cat_8130"
"pc_05702","8130","Пресувальник у виробництві неметалевих виробів","cat_8130"
"pc_05703","8130","Формувальник у виробництві неметалевих виробів","cat_8130"
"pc_05704","8130","Шліфувальник виробів з кераміки","cat_8130"
"pc_05705","8131","Варник рідкого скла","cat_8131"
"pc_05706","8131","Вибивальник виробів із гіпсових форм","cat_8131"
"pc_05707","8131","Вибірник фарфорових, фаянсових та керамічних виробів","cat_8131"
"pc_05708","8131","Вивантажувач вогнетривких матеріалів з печей","cat_8131"
"pc_05709","8131","Виставник","cat_8131"
"pc_05710","8131","Глазурувальник фарфорових та фаянсових виробів","cat_8131"
"pc_05711","8131","Глазурувальник електрокерамічних і виробів","cat_8131"
"pc_05712","8131","Гранулювальник (виробництво скла та скловиробів)","cat_8131"
"pc_05713","8131","Забирач фарфорових, фаянсових та керамічних виробів","cat_8131"
"pc_05714","8131","Завантажувач-вивантажувач випалювальних печей","cat_8131"
"pc_05715","8131","Завантажувач-вивантажувач сушарок","cat_8131"
"pc_05716","8131","Завантажувач печей","cat_8131"
"pc_05717","8131","Завантажувач сировини й напівфабрикатів","cat_8131"
"pc_05718","8131","Гартівник скла","cat_8131"
"pc_05719","8131","Виробник профільних заготовок","cat_8131"
"pc_05720","8131","Виробник скляної плівки","cat_8131"
"pc_05721","8131","Виробник формотримачів","cat_8131"
"pc_05722","8131","Іризаторник","cat_8131"
"pc_05723","8131","Калібрувальник гіпсових форм","cat_8131"
"pc_05724","8131","Муляр (пічник) черговий біля печей","cat_8131"
"pc_05725","8131","Кварцоплавильник","cat_8131"
"pc_05726","8131","Лаборант лабораторії штучного старіння скловиробів","cat_8131"
"pc_05727","8131","Ливарник гіпсових форм","cat_8131"
"pc_05728","8131","Ливарник облицювальних плиток","cat_8131"
"pc_05729","8131","Ливарник санітарно-будівельних виробів на конвеєрі","cat_8131"
"pc_05730","8131","Ливарник санітарно-будівельних виробів на стенді","cat_8131"
"pc_05731","8131","Ливарник скла","cat_8131"
"pc_05732","8131","Ливарник електрокерамічних виробів","cat_8131"
"pc_05733","8131","Машиніст машин витягування скла","cat_8131"
"pc_05734","8131","Машиніст прокатної машини","cat_8131"
"pc_05735","8131","Машиніст прокатної машини термостійкого скла та склопрофіліту","cat_8131"
"pc_05736","8131","Металізатор електрокерамічних виробів","cat_8131"
"pc_05737","8131","Моторист на подаванні крокусної суспензії","cat_8131"
"pc_05738","8131","Намотувальник сіток","cat_8131"
"pc_05739","8131","Настелювач скла","cat_8131"
"pc_05740","8131","Випалювач (виробництво художніх виробів)","cat_8131"
"pc_05741","8131","Випалювач у виробництві скла","cat_8131"
"pc_05742","8131","Випалювач виробів будівельної кераміки","cat_8131"
"pc_05743","8131","Випалювач матеріалів","cat_8131"
"pc_05744","8131","Випалювач на печах","cat_8131"
"pc_05745","8131","Випалювач стінових та в'яжучих матеріалів","cat_8131"
"pc_05746","8131","Випалювач фарфорових та фаянсових виробів","cat_8131"
"pc_05747","8131","Випалювач електрокерамічних виробів","cat_8131"
"pc_05748","8131","Обміднювальник","cat_8131"
"pc_05749","8131","Оператор автоматичної лінії для виробництва піноскла","cat_8131"
"pc_05750","8131","Оператор вакуумно-напилювальних процесів","cat_8131"
"pc_05751","8131","Оператор вакуумприсосних механізмів та приладів","cat_8131"
"pc_05752","8131","Оператор видувного напівавтомата","cat_8131"
"pc_05753","8131","Оператор лінії фарбування цегли","cat_8131"
"pc_05754","8131","Оператор на уварювальних машинах","cat_8131"
"pc_05755","8131","Оператор на підігріванні мазуту","cat_8131"
"pc_05756","8131","Оператор-нарізувач","cat_8131"
"pc_05757","8131","Оператор на філаментмашині","cat_8131"
"pc_05758","8131","Оператор обдувальної установки","cat_8131"
"pc_05759","8131","Оператор склоформувальних машин","cat_8131"
"pc_05760","8131","Оператор установки СВЧ","cat_8131"
"pc_05761","8131","Оператор фацетного верстата","cat_8131"
"pc_05762","8131","Оператор формування стрічки скла","cat_8131"
"pc_05763","8131","Відламувач скла від машин","cat_8131"
"pc_05764","8131","Відрізальник стрічки скла","cat_8131"
"pc_05765","8131","Піскоструминник скла","cat_8131"
"pc_05766","8131","Плавильник вогнетривкої сировини","cat_8131"
"pc_05767","8131","Правильник біля склоформувальної та опалювальної машин","cat_8131"
"pc_05768","8131","Пресувальник виробів із склопорошку","cat_8131"
"pc_05769","8131","Пресувальник виробів будівельної кераміки","cat_8131"
"pc_05770","8131","Пресувальник склопакетів","cat_8131"
"pc_05771","8131","Пресувальник фарфорових труб","cat_8131"
"pc_05772","8131","Пресувальник електрокерамічних виробів у гумових формах","cat_8131"
"pc_05773","8131","Пресувальник електрокерамічних виробів з пластичних мас","cat_8131"
"pc_05774","8131","Пресувальник електрокерамічних виробів з порошкових мас","cat_8131"
"pc_05775","8131","Прокатник фарфорових труб","cat_8131"
"pc_05776","8131","Промазувальник форм","cat_8131"
"pc_05777","8131","Пропарювач стінових матеріалів","cat_8131"
"pc_05778","8131","Просівальник матеріалів","cat_8131"
"pc_05779","8131","Розвідник (розпускальник) халяв","cat_8131"
"pc_05780","8131","Різальник керамічних та фарфорових виробів","cat_8131"
"pc_05781","8131","Різальник піноблоків","cat_8131"
"pc_05782","8131","Садчик","cat_8131"
"pc_05783","8131","Садчик у печі та на тунельні вагони","cat_8131"
"pc_05784","8131","Садчик каміння у випалювальні печі","cat_8131"
"pc_05785","8131","Складальник етажеркових вагонеток","cat_8131"
"pc_05786","8131","Свердлувальник скловиробів","cat_8131"
"pc_05787","8131","Свердлувальник електрокерамічних виробів","cat_8131"
"pc_05788","8131","Сріблильник","cat_8131"
"pc_05789","8131","Зливальник скломаси","cat_8131"
"pc_05790","8131","Сортувальник напівфабрикатів та виробів","cat_8131"
"pc_05791","8131","Ставильник-вибірник виробів з печей","cat_8131"
"pc_05792","8131","Ставильник-вибірник фарфорових, фаянсових та керамічних виробів на вагонетках","cat_8131"
"pc_05793","8131","Ставильник скловиробів у автоклави","cat_8131"
"pc_05794","8131","Скловар","cat_8131"
"pc_05795","8131","Сушильник фарфорових, фаянсових, керамічних виробів і сировини","cat_8131"
"pc_05796","8131","Знімач-укладальник фарфорових, фаянсових та керамічних виробів","cat_8131"
"pc_05797","8131","Трамбувальник вогнеприпасів з карборунду","cat_8131"
"pc_05798","8131","Витягальник з вироблення скляних труб та дроту (із скла)","cat_8131"
"pc_05799","8131","Фідерник","cat_8131"
"pc_05800","8131","Флотаторник (виробництво скла та скловиробів)","cat_8131"
"pc_05801","8131","Формувальник капселів","cat_8131"
"pc_05802","8131","Хальмівник","cat_8131"
"pc_05803","8131","Чистильник димоходів, лежаків та топок","cat_8131"
"pc_05804","8131","Шліфувальник виробів будівельної кераміки","cat_8131"
"pc_05805","8131","Шліфувальник електрокерамічних виробів","cat_8131"
"pc_05806","8139","Автоклавник (виробництво скла та скловиробів)","cat_8139"
"pc_05807","8139","Апаратник з вироблення шліфувальної шкурки","cat_8139"
"pc_05808","8139","Апаратник одержання порожнистих мікросфер","cat_8139"
"pc_05809","8139","Бакелізаторник","cat_8139"
"pc_05810","8139","Балансувальник-заливальник абразивних кругів","cat_8139"
"pc_05811","8139","Бігунник змішувальних бігунів","cat_8139"
"pc_05812","8139","Вакуум-пресувальник керамічної маси та заготовок","cat_8139"
"pc_05813","8139","Вальцювальник маси на вулканітовій зв'язці","cat_8139"
"pc_05814","8139","Вулканізаторник кругів на вулканітовій зв'язці","cat_8139"
"pc_05815","8139","Дозувальник керамічних матеріалів","cat_8139"
"pc_05816","8139","Дробильник-розмелювач (виробництво скла та скловиробів)","cat_8139"
"pc_05817","8139","Дробильник-розмелювач (виробництво керамічних, фарфорових та фаянсових виробів)","cat_8139"
"pc_05818","8139","Дробильник шліфзерна, шліфпорошків та шихтових матеріалів","cat_8139"
"pc_05819","8139","Заготівник абразивної маси","cat_8139"
"pc_05820","8139","Заготівник бакелітової, вулканітової та епоксидної маси","cat_8139"
"pc_05821","8139","Завантажувач-вивантажувач абразивних виробів у періодичні випалювальні печі","cat_8139"
"pc_05822","8139","Завантажувач дробильно-помельного устаткування","cat_8139"
"pc_05823","8139","Завантажувач печей опору","cat_8139"
"pc_05824","8139","Завантажувач-розвантажувач сушильних печей","cat_8139"
"pc_05825","8139","Засипальник шихти","cat_8139"
"pc_05826","8139","Виробник абразивних дисків та полірувальних виробів","cat_8139"
"pc_05827","8139","Виробник джгутів","cat_8139"
"pc_05828","8139","Виробник виробів із шліфувальної шкурки","cat_8139"
"pc_05829","8139","Випробувач абразивів","cat_8139"
"pc_05830","8139","Випробувач карборундових стрижнів","cat_8139"
"pc_05831","8139","Готувач преміксів","cat_8139"
"pc_05832","8139","Канавник (виробництво скла)","cat_8139"
"pc_05833","8139","Класифікаторник піску та пемзи","cat_8139"
"pc_05834","8139","Класифікаторник шліфпорошків","cat_8139"
"pc_05835","8139","Контролер абразивних матеріалів та виробів","cat_8139"
"pc_05836","8139","Контролер цехів плавлення, дроблення, регенерації та розсівання","cat_8139"
"pc_05837","8139","Коректувальник шламу","cat_8139"
"pc_05838","8139","Кочегар-випалювач","cat_8139"
"pc_05839","8139","Ламач поду","cat_8139"
"pc_05840","8139","Машиніст пневмотранспорту","cat_8139"
"pc_05841","8139","Машиніст скіпового підіймача","cat_8139"
"pc_05842","8139","Машиніст зшивальної машини","cat_8139"
"pc_05843","8139","Машиніст тельфера","cat_8139"
"pc_05844","8139","Машиніст холодильника","cat_8139"
"pc_05845","8139","Машиніст електролафета","cat_8139"
"pc_05846","8139","Мішальник керамічного шлікеру","cat_8139"
"pc_05847","8139","Насаджувач манжет","cat_8139"
"pc_05848","8139","Натягач сіток","cat_8139"
"pc_05849","8139","Обдувальник абразивних виробів","cat_8139"
"pc_05850","8139","Знезводнювач шліфзерна та шліфпорошків","cat_8139"
"pc_05851","8139","Збагачувач шліфзерна та шліфпорошків","cat_8139"
"pc_05852","8139","Оператор одержання кварцових скловолокон","cat_8139"
"pc_05853","8139","Оператор одержання безперервного скловолокна","cat_8139"
"pc_05854","8139","Оператор одержання оптичного скловолокна","cat_8139"
"pc_05855","8139","Оператор одержання штапельного скловолокна","cat_8139"
"pc_05856","8139","Оператор виробництва кремнеземних матеріалів","cat_8139"
"pc_05857","8139","Оператор прохідних сушарок","cat_8139"
"pc_05858","8139","Оператор розпушувально-щипальних машин","cat_8139"
"pc_05859","8139","Обплітальник склоджгутів","cat_8139"
"pc_05860","8139","Оправник вогнетривких виробів","cat_8139"
"pc_05861","8139","Парафінувальник виробів (виробництво художніх виробів)","cat_8139"
"pc_05862","8139","Парафінувальник виробів (чорна металургія)","cat_8139"
"pc_05863","8139","Перегонник печей та трансбордерних установок","cat_8139"
"pc_05864","8139","Плавильник абразивних матеріалів","cat_8139"
"pc_05865","8139","Підбирач-обліковець абразивних виробів","cat_8139"
"pc_05866","8139","Подинник","cat_8139"
"pc_05867","8139","Постановник-вивантажувач абразивних виробів","cat_8139"
"pc_05868","8139","Правильник абразивних кругів","cat_8139"
"pc_05869","8139","Пресувальник вогнетривких виробів","cat_8139"
"pc_05870","8139","Готувач абразивних порошків, паст і мастик","cat_8139"
"pc_05871","8139","Готувач ангобу та глазурі","cat_8139"
"pc_05872","8139","Готувач заправних, вогнетривких матеріалів та термічних сумішей","cat_8139"
"pc_05873","8139","Готувач мас","cat_8139"
"pc_05874","8139","Готувач пульпи","cat_8139"
"pc_05875","8139","Готувач розчинів та мас","cat_8139"
"pc_05876","8139","Прожарювач зерна та шліфпорошків","cat_8139"
"pc_05877","8139","Просівальник порошків","cat_8139"
"pc_05878","8139","Просівач бісеру","cat_8139"
"pc_05879","8139","Просівач порошків на механічних ситах","cat_8139"
"pc_05880","8139","Розбивальник сировини","cat_8139"
"pc_05881","8139","Розбирач печей опору","cat_8139"
"pc_05882","8139","Розливальник-загладжувальник піномаси","cat_8139"
"pc_05883","8139","Розмотувач склонитки","cat_8139"
"pc_05884","8139","Розпилювач невипалених кругів та брусків","cat_8139"
"pc_05885","8139","Розподілювач силікатної маси","cat_8139"
"pc_05886","8139","Розсівальник шліфзерна та шліфпорошків","cat_8139"
"pc_05887","8139","Регенераторник абразивів","cat_8139"
"pc_05888","8139","Різальник брикету та заготовок","cat_8139"
"pc_05889","8139","Різальник шліфувальної шкурки","cat_8139"
"pc_05890","8139","Свердлувальник абразивних виробів","cat_8139"
"pc_05891","8139","Сепараторник (виробництво скла)","cat_8139"
"pc_05892","8139","Сепараторник шліфзерна","cat_8139"
"pc_05893","8139","Сортувальник абразивних матеріалів","cat_8139"
"pc_05894","8139","Сортувальник куска на печах опору","cat_8139"
"pc_05895","8139","Укладач маси на мішалках","cat_8139"
"pc_05896","8139","Готувач шихти","cat_8139"
"pc_05897","8139","Сушильник абразивних виробів","cat_8139"
"pc_05898","8139","Сушильник виробів (виробництво стінових та в'яжучих матеріалів)","cat_8139"
"pc_05899","8139","Сушильник шліфзерна, шліфпорошків та шихтових матеріалів","cat_8139"
"pc_05900","8139","Зшивальник-проклеювач","cat_8139"
"pc_05901","8139","Знімач-укладальник у виробництві стінових та в'яжучих матеріалів","cat_8139"
"pc_05902","8139","Знімач-укладальник заготовок, маси та готових виробів","cat_8139"
"pc_05903","8139","Токар по каменю","cat_8139"
"pc_05904","8139","Токар з оброблення абразивних виробів","cat_8139"
"pc_05905","8139","Усереднювач сировини","cat_8139"
"pc_05906","8139","Фільтр-пресувальник (виробництво керамічних, фарфорових та фаянсових виробів)","cat_8139"
"pc_05907","8139","Формувальник абразивних виробів на керамічній зв'язці","cat_8139"
"pc_05908","8139","Формувальник абразивних виробів на бакелітовій, вулканітовій та епоксидній зв'язках","cat_8139"
"pc_05909","8139","Формувальник вогнетривких виробів","cat_8139"
"pc_05910","8139","Фритівник (виробництво керамічних, фарфорових та фаянсових виробів)","cat_8139"
"pc_05911","8139","Чистильник абразивних виробів","cat_8139"
"pc_05912","8139","Шихтувальник (виробництво керамічних, фарфорових та фаянсових виробів)","cat_8139"
"pc_05913","8139","Шихтувальник (виробництво стінових та в'яжучих матеріалів)","cat_8139"
"pc_05914","8139","Шихтувальник у виробництві абразивів","cat_8139"
"pc_05915","8139","Шліфувальник-різальник вогнетривких виробів","cat_8139"
"pc_05916","8141","Верстатник лущильного верстата","cat_8141"
"pc_05917","8141","Вентильовий гідравлічного преса","cat_8141"
"pc_05918","8141","Заготівник суміші для будівельних плит з костриці","cat_8141"
"pc_05919","8141","Завантажувач деревних та костричних плит","cat_8141"
"pc_05920","8141","Машиніст відливної машини","cat_8141"
"pc_05921","8141","Машиніст змішувального агрегата","cat_8141"
"pc_05922","8141","Оператор агрегатних ліній сортування та перероблення деревини","cat_8141"
"pc_05923","8141","Оператор високочастотної установки","cat_8141"
"pc_05924","8141","Оператор інерційних сепараторів","cat_8141"
"pc_05925","8141","Оператор установок та ліній оброблення пиломатеріалів","cat_8141"
"pc_05926","8141","Оператор формувальної машини","cat_8141"
"pc_05927","8141","Оператор центрального пульта керування у виробництві деревних та костричних плит","cat_8141"
"pc_05928","8141","Лагодильник шпону й фанери","cat_8141"
"pc_05929","8141","Пресувальник деревних та костричних плит","cat_8141"
"pc_05930","8141","Розмелювач деревини","cat_8141"
"pc_05931","8141","Рамник","cat_8141"
"pc_05932","8141","Розформувальник","cat_8141"
"pc_05933","8141","Складальник","cat_8141"
"pc_05934","8141","Складальник фанерних труб","cat_8141"
"pc_05935","8141","Сепараторник (деревообробні виробництва)","cat_8141"
"pc_05936","8141","Склеювач фанерних труб","cat_8141"
"pc_05937","8142","Виготовлювач рівняльників та циліндрів","cat_8142"
"pc_05938","8142","Варник ганчір'я","cat_8142"
"pc_05939","8142","Варник хімічної деревної маси","cat_8142"
"pc_05940","8142","Варник бавовни","cat_8142"
"pc_05941","8142","Варник целюлози","cat_8142"
"pc_05942","8142","Випарювальник луговини","cat_8142"
"pc_05943","8142","Дефібрерник","cat_8142"
"pc_05944","8142","Дифузорник целюлози","cat_8142"
"pc_05945","8142","Деревопар","cat_8142"
"pc_05946","8142","Завантажувач балансів у дефібрери","cat_8142"
"pc_05947","8142","Каландрувальник (целюлозно-паперове виробництво)","cat_8142"
"pc_05948","8142","Контролер целюлозно-паперового виробництва","cat_8142"
"pc_05949","8142","Машиніст рубальної машини (виробництво целюлози та паперу)","cat_8142"
"pc_05950","8142","Машиніст термодисперсійної установки","cat_8142"
"pc_05951","8142","Міксівник","cat_8142"
"pc_05952","8142","Оператор очисного устаткування","cat_8142"
"pc_05953","8142","Оператор пневмогідроподачі","cat_8142"
"pc_05954","8142","Оператор виробництва деревної маси з трісок","cat_8142"
"pc_05955","8142","Вибілювальник (виробництво целюлози)","cat_8142"
"pc_05956","8142","Пресувальник кори","cat_8142"
"pc_05957","8142","Пресувальник відходів (виробництво целюлози, паперу, картону й виробів з них)","cat_8142"
"pc_05958","8142","Промивальник целюлози","cat_8142"
"pc_05959","8142","Розмелювач (виробництво паперу та картону)","cat_8142"
"pc_05960","8142","Регулювальник композиції та концентрації маси","cat_8142"
"pc_05961","8142","Згущувач","cat_8142"
"pc_05962","8142","Сортувальник паперового виробництва","cat_8142"
"pc_05963","8142","Машиніст преспата (сіткар)","cat_8142"
"pc_05964","8142","Пресувальник преспата","cat_8142"
"pc_05965","8142","Сушильник преспата","cat_8142"
"pc_05966","8143","Оператор маніпулятора (лісове господарство та лісозаготівля)","cat_8143"
"pc_05967","8143","Виготовлювач виливаних паперових виробів","cat_8143"
"pc_05968","8143","Закрійник картону та інших матеріалів","cat_8143"
"pc_05969","8143","Машиніст автоматизованої лінії для виготовлення гофроящиків","cat_8143"
"pc_05970","8143","Машиніст крейдувальної машини","cat_8143"
"pc_05971","8143","Машиніст лінії виготовлення втулок паперових","cat_8143"
"pc_05972","8143","Машиніст машин для склеювання паперових виробів","cat_8143"
"pc_05973","8143","Машиніст машини для покриття паперу плівкою та розчином","cat_8143"
"pc_05974","8143","Накатник машини для покриття паперу плівкою та розчином","cat_8143"
"pc_05975","8143","Перфораторник паперових виробів","cat_8143"
"pc_05976","8143","Пресувальник картону","cat_8143"
"pc_05977","8143","Сушильник паперу, картону та виробів з них","cat_8143"
"pc_05978","8143","Автоматник картонажного виробництва","cat_8143"
"pc_05979","8143","Закрійник-різальник","cat_8143"
"pc_05980","8143","Заправник рулонів картону та паперу","cat_8143"
"pc_05981","8143","Картонажник","cat_8143"
"pc_05982","8143","Колорист (виробництво паперу)","cat_8143"
"pc_05983","8143","Комплектувальник деталей та виробів з паперу","cat_8143"
"pc_05984","8143","Фарбоукладач","cat_8143"
"pc_05985","8143","Машиніст бітумувальної машини","cat_8143"
"pc_05986","8143","Машиніст папероробної (картоноробної) машини (сіткар)","cat_8143"
"pc_05987","8143","Машиніст паперофарбувальної машини (фарбувальник)","cat_8143"
"pc_05988","8143","Машиніст вакуум-формувальної машини (вироби з картону)","cat_8143"
"pc_05989","8143","Машиніст висікально-штампувальної машини","cat_8143"
"pc_05990","8143","Машиніст гофрувального агрегата","cat_8143"
"pc_05991","8143","Машиніст катальної машини","cat_8143"
"pc_05992","8143","Машиніст клеїльно-сушильної машини (клеїльник)","cat_8143"
"pc_05993","8143","Машиніст крепової машини","cat_8143"
"pc_05994","8143","Машиніст машини довговолокнистих паперів","cat_8143"
"pc_05995","8143","Машиніст машини для виготовлення паперу до тютюнових фільтрів","cat_8143"
"pc_05996","8143","Машиніст машини для виробництва виробів з паперу","cat_8143"
"pc_05997","8143","Машиніст нашарувальної машини","cat_8143"
"pc_05998","8143","Машиніст папкової машини","cat_8143"
"pc_05999","8143","Машиніст рилювальної машини","cat_8143"
"pc_06000","8143","Машиніст силіконової машини","cat_8143"
"pc_06001","8143","Машиніст трубкової машини (трубковик)","cat_8143"
"pc_06002","8143","Набирач паперових валів","cat_8143"
"pc_06003","8143","Накатник папероробної (картоноробної) машини","cat_8143"
"pc_06004","8143","Накатник клеїльно-сушильної машини","cat_8143"
"pc_06005","8143","Пресувальник папероробної (картоноробної) машини","cat_8143"
"pc_06006","8143","Просочувальник паперу та паперових виробів","cat_8143"
"pc_06007","8143","Розмотувач стрічок","cat_8143"
"pc_06008","8143","Розкатник-сортувальник паперу","cat_8143"
"pc_06009","8143","Різальник паперу, картону та целюлози","cat_8143"
"pc_06010","8143","Сушильник папероробної (картоноробної) машини","cat_8143"
"pc_06011","8143","Сушильник вакуум-формувальної машини","cat_8143"
"pc_06012","8143","Знімач целюлози, паперу, картону та виробів з них","cat_8143"
"pc_06013","8143","Зволожувальник паперу та картону","cat_8143"
"pc_06014","8143","Філігранник паперу","cat_8143"
"pc_06015","8143","Накатник преспата","cat_8143"
"pc_06016","8149","Машиніст у виробництві паперу, картону та виробів з них","cat_8149"
"pc_06017","8149","Оператор устаткування з перероблення деревини","cat_8149"
"pc_06018","8151","Апаратник приготування сумішей (спеціальні хімічні виробництва)","cat_8151"
"pc_06019","8151","Апаратник приготування хімічних розчинів (спеціальні хімічні виробництва)","cat_8151"
"pc_06020","8151","Готувач піротехнічних сумішей","cat_8151"
"pc_06021","8151","Дозувальник (спеціальні хімічні виробництва)","cat_8151"
"pc_06022","8151","Дробильник (спеціальні хімічні виробництва)","cat_8151"
"pc_06023","8151","Набирач запалювальної суміші (спеціальні хімічні виробництва)","cat_8151"
"pc_06024","8151","Приготувач просочувальних та ізолюючих сумішей","cat_8151"
"pc_06025","8151","Усереднювач (спеціальні хімічні виробництва)","cat_8151"
"pc_06026","8151","Апаратник диспергування пігментів і барвників","cat_8151"
"pc_06027","8151","Апаратник дозування","cat_8151"
"pc_06028","8151","Апаратник подрібнювання та переддозрівання","cat_8151"
"pc_06029","8151","Апаратник коагуляції","cat_8151"
"pc_06030","8151","Апаратник-фарботерник","cat_8151"
"pc_06031","8151","Апаратник одержання мікронізованих матеріалів","cat_8151"
"pc_06032","8151","Апаратник з приготування хімреагентів","cat_8151"
"pc_06033","8151","Апаратник приготування замісів","cat_8151"
"pc_06034","8151","Апаратник приготування компаундів","cat_8151"
"pc_06035","8151","Апаратник приготування прядильних розчинів","cat_8151"
"pc_06036","8151","Апаратник приготування сирої суміші","cat_8151"
"pc_06037","8151","Апаратник приготування хімічних розчинів","cat_8151"
"pc_06038","8151","Апаратник приготування емульсій","cat_8151"
"pc_06039","8151","Апаратник розчинення","cat_8151"
"pc_06040","8151","Апаратник розчинення лакових основ","cat_8151"
"pc_06041","8151","Апаратник сатурації","cat_8151"
"pc_06042","8151","Апаратник змішувачів","cat_8151"
"pc_06043","8151","Апаратник змішування","cat_8151"
"pc_06044","8151","Апаратник змішування барвників","cat_8151"
"pc_06045","8151","Апаратник готування емалей","cat_8151"
"pc_06046","8151","Апаратник стандартизації","cat_8151"
"pc_06047","8151","Апаратник хімводоочищення електростанції","cat_8151"
"pc_06048","8151","Апаратник кульових млинів","cat_8151"
"pc_06049","8151","Басейник","cat_8151"
"pc_06050","8151","Бітумник","cat_8151"
"pc_06051","8151","Варник воскової, клейової маси та просочувальної суміші","cat_8151"
"pc_06052","8151","Дозувальник дробленого каменю та бітуму","cat_8151"
"pc_06053","8151","Дозувальник мінералізатора","cat_8151"
"pc_06054","8151","Дозувальник-змішувач на шнеках","cat_8151"
"pc_06055","8151","Дозувальник сировини","cat_8151"
"pc_06056","8151","Дробильник (хімічне виробництво)","cat_8151"
"pc_06057","8151","Дробильник алмазів та надтвердих матеріалів","cat_8151"
"pc_06058","8151","Дробильник вапна","cat_8151"
"pc_06059","8151","Дробильник компонентів обмазки","cat_8151"
"pc_06060","8151","Дробильник-розмелювач (виробництво залізобетонних та бетонних виробів)","cat_8151"
"pc_06061","8151","Дробильник слюди","cat_8151"
"pc_06062","8151","Дробильник теплоізоляційної сировини","cat_8151"
"pc_06063","8151","Дробильник електровугільного виробництва","cat_8151"
"pc_06064","8151","Заготівник азбестової суміші","cat_8151"
"pc_06065","8151","Завантажувач мелючих тіл","cat_8151"
"pc_06066","8151","Виготовлювач звукопоглинальних клинів","cat_8151"
"pc_06067","8151","Виробник мікрофонних порошків","cat_8151"
"pc_06068","8151","Виготовлювач склоблоків","cat_8151"
"pc_06069","8151","Ізолювальник елементного виробництва","cat_8151"
"pc_06070","8151","Індикаторник","cat_8151"
"pc_06071","8151","Кислотник (гідролізне виробництво)","cat_8151"
"pc_06072","8151","Класифікаторник роздрібненого каменя","cat_8151"
"pc_06073","8151","Колорист (лакофарбове виробництво)","cat_8151"
"pc_06074","8151","Контролер електродного виробництва","cat_8151"
"pc_06075","8151","Фарбовар","cat_8151"
"pc_06076","8151","Фарботерник","cat_8151"
"pc_06077","8151","Розчиняльник лаку","cat_8151"
"pc_06078","8151","Машиніст вальцьових верстатів","cat_8151"
"pc_06079","8151","Машиніст подрібнювального агрегата","cat_8151"
"pc_06080","8151","Машиніст млинів (хімічне виробництво)","cat_8151"
"pc_06081","8151","Машиніст млина","cat_8151"
"pc_06082","8151","Машиніст розволокнювальної машини","cat_8151"
"pc_06083","8151","Машиніст розподільника цементу аераційного самохідного","cat_8151"
"pc_06084","8151","Машиніст розподільника цементу гравітаційного причіпного","cat_8151"
"pc_06085","8151","Машиніст розчинонасоса","cat_8151"
"pc_06086","8151","Машиніст розчинозмішувача пересувного","cat_8151"
"pc_06087","8151","Машиніст рубальної машини (дубильно-екстрактове виробництво)","cat_8151"
"pc_06088","8151","Машиніст розпушувальних машин","cat_8151"
"pc_06089","8151","Машиніст змішувача асфальтобетону пересувного","cat_8151"
"pc_06090","8151","Машиніст сировинних млинів","cat_8151"
"pc_06091","8151","Машиніст вугільних млинів","cat_8151"
"pc_06092","8151","Машиніст установки пересувної автоматизованої безперервної дії для приготування бетонних сумішей","cat_8151"
"pc_06093","8151","Машиніст установки для приготування пульпи","cat_8151"
"pc_06094","8151","Машиніст установки для розщеплення слюди","cat_8151"
"pc_06095","8151","Машиніст цементних млинів","cat_8151"
"pc_06096","8151","Машиніст штукатурної станції пересувної","cat_8151"
"pc_06097","8151","Мельник деревообробного виробництва","cat_8151"
"pc_06098","8151","Мельник вапна","cat_8151"
"pc_06099","8151","Мельник емалевих матеріалів","cat_8151"
"pc_06100","8151","Мішальник сухої маси (для свинцевих акумуляторів)","cat_8151"
"pc_06101","8151","Мішальник вугільних мас","cat_8151"
"pc_06102","8151","Наважувач-готувач азбестових сумішей","cat_8151"
"pc_06103","8151","Оброблювач соапстоку","cat_8151"
"pc_06104","8151","Оператор водомаслостанції","cat_8151"
"pc_06105","8151","Оператор дисперсійних змішувачів для приготування стрижневої маси","cat_8151"
"pc_06106","8151","Оператор приготування розчинів живильного середовища та солей","cat_8151"
"pc_06107","8151","Оператор турбозмішувача","cat_8151"
"pc_06108","8151","Готувач пакувань та целюлози","cat_8151"
"pc_06109","8151","Препараторник","cat_8151"
"pc_06110","8151","Готувач активних мас","cat_8151"
"pc_06111","8151","Готувач лаків, фарб та левкасу","cat_8151"
"pc_06112","8151","Готувач розчинів та сумішей","cat_8151"
"pc_06113","8151","Готувач розчинів та електролітів","cat_8151"
"pc_06114","8151","Готувач склеювальної суміші","cat_8151"
"pc_06115","8151","Готувач сумішей і мас медичного призначення","cat_8151"
"pc_06116","8151","Готувач сірникових мас","cat_8151"
"pc_06117","8151","Готувач ущільнювальних розчинів та паст","cat_8151"
"pc_06118","8151","Готувач електропровідного шару","cat_8151"
"pc_06119","8151","Готувач емалевих порошків","cat_8151"
"pc_06120","8151","Готувач емульсій","cat_8151"
"pc_06121","8151","Приймальник сировини для клею","cat_8151"
"pc_06122","8151","Прожарювач порошку для кабеля","cat_8151"
"pc_06123","8151","Просівальник (розсівальник)","cat_8151"
"pc_06124","8151","Просівальник сипких матеріалів","cat_8151"
"pc_06125","8151","Просівальник фтористого натрію та гашеного вапна","cat_8151"
"pc_06126","8151","Просівач","cat_8151"
"pc_06127","8151","Розмелювач (хімічна промисловість)","cat_8151"
"pc_06128","8151","Розмелювач-дозувальник вугільних мас","cat_8151"
"pc_06129","8151","Розмелювач олівцевої маси","cat_8151"
"pc_06130","8151","Розмелювач (мельник) випарених кісток","cat_8151"
"pc_06131","8151","Реактивник","cat_8151"
"pc_06132","8151","Змішувальник (виробництво теплоізоляційних матеріалів)","cat_8151"
"pc_06133","8151","Змішувальник (виробництво олівців)","cat_8151"
"pc_06134","8151","Змішувальник борошна на силосах","cat_8151"
"pc_06135","8151","Сортувальник електродів","cat_8151"
"pc_06136","8151","Готувач обмазки","cat_8151"
"pc_06137","8151","Готувач пасти","cat_8151"
"pc_06138","8151","Готувач хімічних розчинів","cat_8151"
"pc_06139","8151","Фенольник","cat_8151"
"pc_06140","8151","Хлорник","cat_8151"
"pc_06141","8151","Чистильник на очищенні шламових басейнів та кописток","cat_8151"
"pc_06142","8151","Шихтувальник (хімічне виробництво)","cat_8151"
"pc_06143","8151","Шихтувальник (виробництво теплоізоляційних матеріалів)","cat_8151"
"pc_06144","8151","Шихтувальник (виробництво олівців)","cat_8151"
"pc_06145","8151","Шламівник","cat_8151"
"pc_06146","8151","Шнеківник","cat_8151"
"pc_06147","8151","Електродник (виробництво металевих електродів)","cat_8151"
"pc_06148","8151","Машиніст змішувача асфальтобетону стаціонарного","cat_8151"
"pc_06149","8151","Розмелювач (спеціальні хімічні виробництва)","cat_8151"
"pc_06150","8151","Флегматизаторник порохів (спеціальні хімічні виробництва)","cat_8151"
"pc_06151","8152","Апаратник плавлення (спеціальні хімічні виробництва)","cat_8152"
"pc_06152","8152","Апаратник сушіння (спеціальні хімічні виробництва)","cat_8152"
"pc_06153","8152","Бітумувальник-парафінувальник (спеціальні хімічні виробництва)","cat_8152"
"pc_06154","8152","Плавильник вибухових речовин (спеціальні хімічні виробництва)","cat_8152"
"pc_06155","8152","Автоклавник-сушильник акумуляторних пластин у виробництві свинцевих акумуляторів","cat_8152"
"pc_06156","8152","Апаратник бісульфатування ваніліну","cat_8152"
"pc_06157","8152","Апаратник вакуум-апаратів","cat_8152"
"pc_06158","8152","Апаратник-вальцевар","cat_8152"
"pc_06159","8152","Апаратник варіння","cat_8152"
"pc_06160","8152","Апаратник сублімації","cat_8152"
"pc_06161","8152","Апаратник випарювання","cat_8152"
"pc_06162","8152","Апаратник випарювальних апаратів для одержання рідкого продукту","cat_8152"
"pc_06163","8152","Апаратник випарювальних апаратів для одержання твердого продукту","cat_8152"
"pc_06164","8152","Апаратник витоплення","cat_8152"
"pc_06165","8152","Апаратник гранулювання","cat_8152"
"pc_06166","8152","Апаратник-індуліновар","cat_8152"
"pc_06167","8152","Апаратник випаровування","cat_8152"
"pc_06168","8152","Апаратник конденсації","cat_8152"
"pc_06169","8152","Апаратник контактного випарювання","cat_8152"
"pc_06170","8152","Апаратник-лаковар","cat_8152"
"pc_06171","8152","Апаратник нагрівання теплоносіїв","cat_8152"
"pc_06172","8152","Апаратник напилювання металом","cat_8152"
"pc_06173","8152","Апаратник випалювання","cat_8152"
"pc_06174","8152","Апаратник оброблення","cat_8152"
"pc_06175","8152","Апаратник-оліфовар","cat_8152"
"pc_06176","8152","Апаратник відпалу кристалів корунду","cat_8152"
"pc_06177","8152","Апаратник перегонки","cat_8152"
"pc_06178","8152","Апаратник піролізу","cat_8152"
"pc_06179","8152","Апаратник плавлення","cat_8152"
"pc_06180","8152","Апаратник одержання інертного газу","cat_8152"
"pc_06181","8152","Апаратник одержання лаків та емалей на полімеризаційних смолах","cat_8152"
"pc_06182","8152","Апаратник одержання оксидів металів","cat_8152"
"pc_06183","8152","Апаратник одержання сірчистої кислоти","cat_8152"
"pc_06184","8152","Апаратник виробництва корунду","cat_8152"
"pc_06185","8152","Апаратник виробництва цинкового пилу","cat_8152"
"pc_06186","8152","Апаратник прожарювання","cat_8152"
"pc_06187","8152","Апаратник просочування та сушіння азбосталевих листів","cat_8152"
"pc_06188","8152","Апаратник просочування личкувальних матеріалів","cat_8152"
"pc_06189","8152","Апаратник спалювання","cat_8152"
"pc_06190","8152","Апаратник-сикативовар","cat_8152"
"pc_06191","8152","Апаратник сплавлення","cat_8152"
"pc_06192","8152","Апаратник сушильної установки","cat_8152"
"pc_06193","8152","Апаратник-сушильник","cat_8152"
"pc_06194","8152","Апаратник сушіння","cat_8152"
"pc_06195","8152","Апаратник сушіння та карбонізації лігніну та целолігніну","cat_8152"
"pc_06196","8152","Апаратник сушіння клею та желатину","cat_8152"
"pc_06197","8152","Апаратник сушіння випарених кісток","cat_8152"
"pc_06198","8152","Апаратник термічної активації вугілля","cat_8152"
"pc_06199","8152","Апаратник-фірнісовар","cat_8152"
"pc_06200","8152","Асфальтобетонник-варильник","cat_8152"
"pc_06201","8152","Варник","cat_8152"
"pc_06202","8152","Варник кабельної маси","cat_8152"
"pc_06203","8152","Варник смолки","cat_8152"
"pc_06204","8152","Варник суспензій","cat_8152"
"pc_06205","8152","Варник електроізоляційних лаків, смол та мастик","cat_8152"
"pc_06206","8152","Вулканізаторник кабельних виробів","cat_8152"
"pc_06207","8152","Випарювальник солі","cat_8152"
"pc_06208","8152","Заварник пасти","cat_8152"
"pc_06209","8152","Завантажувач-вивантажувач випалювальних та графітувальних печей","cat_8152"
"pc_06210","8152","Завантажувач-вивантажувач печей випалу та графітації","cat_8152"
"pc_06211","8152","Завантажувач сульфату","cat_8152"
"pc_06212","8152","Заливальник смолкою","cat_8152"
"pc_06213","8152","Заправник-знімач гальмової стрічки","cat_8152"
"pc_06214","8152","Виробник кісткового вугілля","cat_8152"
"pc_06215","8152","Клеєвар (загальні професії для всіх галузей)","cat_8152"
"pc_06216","8152","Клеєвар (виробництво целюлози, паперу, картону й виробів з них)","cat_8152"
"pc_06217","8152","Контролер-приймальник","cat_8152"
"pc_06218","8152","Лакувальник проводів та кабелів","cat_8152"
"pc_06219","8152","Лакувальник електроізоляційних виробів та матеріалів","cat_8152"
"pc_06220","8152","Ливарник каталізатора","cat_8152"
"pc_06221","8152","Машиніст-бронзувальник","cat_8152"
"pc_06222","8152","Машиніст лакувальних машин (виробництво поліграфічних фарб)","cat_8152"
"pc_06223","8152","Машиніст мийних машин","cat_8152"
"pc_06224","8152","Налагоджувальник установок для синтезу алмазів та надтвердих матеріалів","cat_8152"
"pc_06225","8152","Намазувальник акумуляторних пластин","cat_8152"
"pc_06226","8152","Намазувальник пасти","cat_8152"
"pc_06227","8152","Намазувальник електропровідного шару","cat_8152"
"pc_06228","8152","Наповнювач контейнерів","cat_8152"
"pc_06229","8152","Нейтралізаторник ціанистих розчинів","cat_8152"
"pc_06230","8152","Випалювач графітових стрижнів","cat_8152"
"pc_06231","8152","Випалювач керамічних пігментів","cat_8152"
"pc_06232","8152","Випалювач металевої тари","cat_8152"
"pc_06233","8152","Випалювач слюди","cat_8152"
"pc_06234","8152","Випалювач електровугільних виробів","cat_8152"
"pc_06235","8152","Оператор випарювальної установки","cat_8152"
"pc_06236","8152","Оператор одержання скловолокна каолінового складу","cat_8152"
"pc_06237","8152","Оператор пульта керування електропечами","cat_8152"
"pc_06238","8152","Оператор установок синтезу алмазів та надтвердих матеріалів","cat_8152"
"pc_06239","8152","Відпальник кабельних виробів","cat_8152"
"pc_06240","8152","Парафінувальник (електронна техніка)","cat_8152"
"pc_06241","8152","Пекоплавильник","cat_8152"
"pc_06242","8152","Перемотувальник-сортувальник","cat_8152"
"pc_06243","8152","Плавильник нафталіну та фенолів","cat_8152"
"pc_06244","8152","Плавильник скловолокна","cat_8152"
"pc_06245","8152","Плавильник емалі","cat_8152"
"pc_06246","8152","Плакувальник алмазних порошків, кристалів та надтвердих матеріалів","cat_8152"
"pc_06247","8152","Пресувальник інструментів з алмазних порошків та надтвердих матеріалів","cat_8152"
"pc_06248","8152","Пресувальник секцій, котушок та ізоляційних деталей електричних машин і апаратів","cat_8152"
"pc_06249","8152","Готувач технічних жирів","cat_8152"
"pc_06250","8152","Прожарювач на печах","cat_8152"
"pc_06251","8152","Прожарювач електровугільного виробництва","cat_8152"
"pc_06252","8152","Пропарювач","cat_8152"
"pc_06253","8152","Просочувальник паперу та тканини","cat_8152"
"pc_06254","8152","Просочувальник кабелів та проводів","cat_8152"
"pc_06255","8152","Просочувальник електротехнічних виробів","cat_8152"
"pc_06256","8152","Розварник силікатної брили","cat_8152"
"pc_06257","8152","Регенераторник слюди","cat_8152"
"pc_06258","8152","Смолильник берд","cat_8152"
"pc_06259","8152","Содівник","cat_8152"
"pc_06260","8152","Сортувальник керамзиту","cat_8152"
"pc_06261","8152","Спікальник інструментів з алмазів та надтвердих матеріалів","cat_8152"
"pc_06262","8152","Спікальник скловолокна","cat_8152"
"pc_06263","8152","Сушильник (виробництво цитринової та виннокам'яної кислот)","cat_8152"
"pc_06264","8152","Сушильник деталей та іграшок","cat_8152"
"pc_06265","8152","Сушильник деталей та приладів","cat_8152"
"pc_06266","8152","Сушильник дріжджів","cat_8152"
"pc_06267","8152","Сушильник заготовок та художніх виробів","cat_8152"
"pc_06268","8152","Сушильник компонентів обмазки та флюсів","cat_8152"
"pc_06269","8152","Сушильник пакетів конденсаторів","cat_8152"
"pc_06270","8152","Сушильник стрижнів","cat_8152"
"pc_06271","8152","Сушильник електродів","cat_8152"
"pc_06272","8152","Сушильник елементного виробництва","cat_8152"
"pc_06273","8152","Терміст купроксних та селенових випрямлячів","cat_8152"
"pc_06274","8152","Терміст нафталінових печей","cat_8152"
"pc_06275","8152","Термообробник деревноволокнистих плит","cat_8152"
"pc_06276","8152","Термообробник проводів та кабелів","cat_8152"
"pc_06277","8152","Термостатник (електротехнічне виробництво)","cat_8152"
"pc_06278","8152","Установник фільєрних пластин","cat_8152"
"pc_06279","8152","Флюсувальник","cat_8152"
"pc_06280","8152","Формувальник пакетів","cat_8152"
"pc_06281","8152","Фритівник (емалювання)","cat_8152"
"pc_06282","8152","Хлораторник електродної продукції","cat_8152"
"pc_06283","8152","Чистильник випарних апаратів","cat_8152"
"pc_06284","8152","Шихтувальник в алмазному виробництві","cat_8152"
"pc_06285","8152","Електродник (виробництво електродної продукції)","cat_8152"
"pc_06286","8152","Електросушильник кабелів","cat_8152"
"pc_06287","8152","Емульсовар","cat_8152"
"pc_06288","8152","Машиніст термоустановки","cat_8152"
"pc_06289","8153","Апаратник очищення стічних вод (спеціальні хімічні виробництва)","cat_8153"
"pc_06290","8153","Апаратник промивання (спеціальні хімічні виробництва)","cat_8153"
"pc_06291","8153","Апаратник мокрої класифікації","cat_8153"
"pc_06292","8153","Апаратник знеповітрювання та фільтрації","cat_8153"
"pc_06293","8153","Апаратник віджимання","cat_8153"
"pc_06294","8153","Апаратник відстоювання","cat_8153"
"pc_06295","8153","Апаратник очищення рідини","cat_8153"
"pc_06296","8153","Апаратник промивання","cat_8153"
"pc_06297","8153","Апаратник сепарування","cat_8153"
"pc_06298","8153","Апаратник фільтрації","cat_8153"
"pc_06299","8153","Апаратник центрифугування","cat_8153"
"pc_06300","8153","Апаратник екстрагування танідів","cat_8153"
"pc_06301","8153","Дистиляторник ртуті","cat_8153"
"pc_06302","8153","Завантажувач (вивантажувач) дифузорів","cat_8153"
"pc_06303","8153","Машиніст фільтр-преса","cat_8153"
"pc_06304","8153","Оператор іонообміну","cat_8153"
"pc_06305","8153","Перезарядник фільтр-пресів та діалізаторів","cat_8153"
"pc_06306","8153","Регенераторник відпрацьованого масла","cat_8153"
"pc_06307","8153","Сепараторник біомаси","cat_8153"
"pc_06308","8153","Центрифугувальник (виробництво цитринової та виннокам'яної кислот)","cat_8153"
"pc_06309","8153","Апаратник віджимання (спеціальні хімічні виробництва)","cat_8153"
"pc_06310","8154","Апаратник кристалізації (спеціальні хімічні виробництва)","cat_8154"
"pc_06311","8154","Апаратник нейтралізації продуктів ракетних рідинних двигунів","cat_8154"
"pc_06312","8154","Апаратник синтезу вибухових речовин (спеціальні хімічні виробництва)","cat_8154"
"pc_06313","8154","Заправник-випробувач виробів спеціальними продуктами","cat_8154"
"pc_06314","8154","Апаратник блочної знесолюючої установки атомної електростанції","cat_8154"
"pc_06315","8154","Автоклавник (виробництво цитринової та виннокам'яної кислот)","cat_8154"
"pc_06316","8154","Апаратник абсорбції","cat_8154"
"pc_06317","8154","Апаратник адсорбції","cat_8154"
"pc_06318","8154","Апаратник активації","cat_8154"
"pc_06319","8154","Апаратник алкілування","cat_8154"
"pc_06320","8154","Апаратник амінування","cat_8154"
"pc_06321","8154","Апаратник амонолізу","cat_8154"
"pc_06322","8154","Апаратник ацетилування","cat_8154"
"pc_06323","8154","Апаратник ацилювання","cat_8154"
"pc_06324","8154","Апаратник бромування","cat_8154"
"pc_06325","8154","Апаратник вакуумування","cat_8154"
"pc_06326","8154","Апаратник відновлення","cat_8154"
"pc_06327","8154","Апаратник вилуговування","cat_8154"
"pc_06328","8154","Апаратник газового консервування","cat_8154"
"pc_06329","8154","Апаратник гашення вапна","cat_8154"
"pc_06330","8154","Апаратник гідратації (хімічне виробництво)","cat_8154"
"pc_06331","8154","Апаратник гідрування","cat_8154"
"pc_06332","8154","Апаратник гідролізу","cat_8154"
"pc_06333","8154","Апаратник дегідратації","cat_8154"
"pc_06334","8154","Апаратник дегідрування","cat_8154"
"pc_06335","8154","Апаратник деполімеризації","cat_8154"
"pc_06336","8154","Апаратник десорбції","cat_8154"
"pc_06337","8154","Апаратник десублімації","cat_8154"
"pc_06338","8154","Апаратник діазотування","cat_8154"
"pc_06339","8154","Апаратник-заварювальник","cat_8154"
"pc_06340","8154","Апаратник ізомеризації","cat_8154"
"pc_06341","8154","Апаратник імідування","cat_8154"
"pc_06342","8154","Апаратник іонообмінного очищення гліцерину","cat_8154"
"pc_06343","8154","Апаратник карбоксилування","cat_8154"
"pc_06344","8154","Апаратник карбонізації","cat_8154"
"pc_06345","8154","Апаратник-конденсаторник","cat_8154"
"pc_06346","8154","Апаратник контактування","cat_8154"
"pc_06347","8154","Апаратник кристалізації","cat_8154"
"pc_06348","8154","Апаратник мерсеризації (хімічне виробництво)","cat_8154"
"pc_06349","8154","Апаратник метоксилування","cat_8154"
"pc_06350","8154","Апаратник-нейтралізаторник","cat_8154"
"pc_06351","8154","Апаратник нейтралізації","cat_8154"
"pc_06352","8154","Апаратник нітрування","cat_8154"
"pc_06353","8154","Апаратник нітрозування","cat_8154"
"pc_06354","8154","Апаратник нітрозного процесу","cat_8154"
"pc_06355","8154","Апаратник знесолювання води","cat_8154"
"pc_06356","8154","Апаратник окислення","cat_8154"
"pc_06357","8154","Апаратник омилення","cat_8154"
"pc_06358","8154","Апаратник осадження","cat_8154"
"pc_06359","8154","Апаратник осушування газу","cat_8154"
"pc_06360","8154","Апаратник очищення алмазного концентрату","cat_8154"
"pc_06361","8154","Апаратник очищення газу","cat_8154"
"pc_06362","8154","Апаратник перероблення відходів хімічного виробництва","cat_8154"
"pc_06363","8154","Апаратник поліконденсації","cat_8154"
"pc_06364","8154","Апаратник полімеризації","cat_8154"
"pc_06365","8154","Апаратник одержання гексахлорбензолу","cat_8154"
"pc_06366","8154","Апаратник одержання зародків діоксиду титану","cat_8154"
"pc_06367","8154","Апаратник одержання метатитанової кислоти","cat_8154"
"pc_06368","8154","Апаратник одержання нітролігніну","cat_8154"
"pc_06369","8154","Апаратник одержання трихлорпропану та дихлоргідрину","cat_8154"
"pc_06370","8154","Апаратник одержання вуглекислоти","cat_8154"
"pc_06371","8154","Апаратник одержання фотогіпосульфіту","cat_8154"
"pc_06372","8154","Апаратник одержання фуранових сполук","cat_8154"
"pc_06373","8154","Апаратник одержання хлорного заліза","cat_8154"
"pc_06374","8154","Апаратник з окислення кадмію","cat_8154"
"pc_06375","8154","Апаратник з виробництва синтетичних клеїльних смол","cat_8154"
"pc_06376","8154","Апаратник із збирання та збагачення шламу","cat_8154"
"pc_06377","8154","Апаратник приготування амальгами натрію","cat_8154"
"pc_06378","8154","Апаратник приготування каталізатора","cat_8154"
"pc_06379","8154","Апаратник приготування зв'язувальних (смол)","cat_8154"
"pc_06380","8154","Апаратник виробництва АГ-солі","cat_8154"
"pc_06381","8154","Апаратник виробництва адипінової кислоти","cat_8154"
"pc_06382","8154","Апаратник виробництва адипонітрилу","cat_8154"
"pc_06383","8154","Апаратник виробництва азобарвників","cat_8154"
"pc_06384","8154","Апаратник виробництва ""аеросили""","cat_8154"
"pc_06385","8154","Апаратник виробництва бертолетової солі","cat_8154"
"pc_06386","8154","Апаратник виробництва борної кислоти","cat_8154"
"pc_06387","8154","Апаратник виробництва гідросульфіту натрію","cat_8154"
"pc_06388","8154","Апаратник виробництва діоксиду хлору","cat_8154"
"pc_06389","8154","Апаратник виробництва диметилтерефталату","cat_8154"
"pc_06390","8154","Апаратник виробництва диціандіаміду","cat_8154"
"pc_06391","8154","Апаратник виробництва жовтого фосфору","cat_8154"
"pc_06392","8154","Апаратник виробництва казеїнового клею","cat_8154"
"pc_06393","8154","Апаратник виробництва контактної маси","cat_8154"
"pc_06394","8154","Апаратник виробництва контактної сірчаної кислоти","cat_8154"
"pc_06395","8154","Апаратник виробництва кісткового клею","cat_8154"
"pc_06396","8154","Апаратник виробництва барвників для хутра","cat_8154"
"pc_06397","8154","Апаратник виробництва червоного фосфору","cat_8154"
"pc_06398","8154","Апаратник виробництва кремнійорганічних лаків","cat_8154"
"pc_06399","8154","Апаратник виробництва кріоліту","cat_8154"
"pc_06400","8154","Апаратник виробництва літопону","cat_8154"
"pc_06401","8154","Апаратник виробництва міздрового клею","cat_8154"
"pc_06402","8154","Апаратник виробництва металевого натрію","cat_8154"
"pc_06403","8154","Апаратник виробництва миш'яковистих солей","cat_8154"
"pc_06404","8154","Апаратник виробництва надперекису калію","cat_8154"
"pc_06405","8154","Апаратник виробництва нейтрального кремнегелю","cat_8154"
"pc_06406","8154","Апаратник виробництва світлосполук","cat_8154"
"pc_06407","8154","Апаратник виробництва силікагелів","cat_8154"
"pc_06408","8154","Апаратник виробництва силікатного клею","cat_8154"
"pc_06409","8154","Апаратник виробництва спектрально-чистих газів","cat_8154"
"pc_06410","8154","Апаратник виробництва сульфітних солей","cat_8154"
"pc_06411","8154","Апаратник виробництва сульфомасел та отрутохімікатів","cat_8154"
"pc_06412","8154","Апаратник виробництва термічної фосфорної кислоти","cat_8154"
"pc_06413","8154","Апаратник виробництва гальмової рідини та антифризу","cat_8154"
"pc_06414","8154","Апаратник виробництва фенілметилуретилану","cat_8154"
"pc_06415","8154","Апаратник виробництва фоспору","cat_8154"
"pc_06416","8154","Апаратник виробництва фосфорних сполук","cat_8154"
"pc_06417","8154","Апаратник виробництва фталоціанінових барвників","cat_8154"
"pc_06418","8154","Апаратник виробництва фтористого натрію","cat_8154"
"pc_06419","8154","Апаратник виробництва хімічних реактивів","cat_8154"
"pc_06420","8154","Апаратник виробництва хромових сполук","cat_8154"
"pc_06421","8154","Апаратник виробництва ціанистих металів","cat_8154"
"pc_06422","8154","Апаратник виробництва цинкового купоросу","cat_8154"
"pc_06423","8154","Апаратник розкладання","cat_8154"
"pc_06424","8154","Апаратник рафінування лужних металів","cat_8154"
"pc_06425","8154","Апаратник регенерації","cat_8154"
"pc_06426","8154","Апаратник рекристалізації","cat_8154"
"pc_06427","8154","Апаратник рекуперації","cat_8154"
"pc_06428","8154","Апаратник синтезу","cat_8154"
"pc_06429","8154","Апаратник дозрівання оболонки","cat_8154"
"pc_06430","8154","Апаратник сульфування","cat_8154"
"pc_06431","8154","Апаратник-сульфувальник","cat_8154"
"pc_06432","8154","Апаратник-сульфітувальник","cat_8154"
"pc_06433","8154","Апаратник талової установки","cat_8154"
"pc_06434","8154","Апаратник установки дослідного виробництва","cat_8154"
"pc_06435","8154","Апаратник фенілування","cat_8154"
"pc_06436","8154","Апаратник ферментації затору","cat_8154"
"pc_06437","8154","Апаратник фосгенування","cat_8154"
"pc_06438","8154","Апаратник хлорування","cat_8154"
"pc_06439","8154","Апаратник ціанування","cat_8154"
"pc_06440","8154","Апаратник екстрагування","cat_8154"
"pc_06441","8154","Апаратник електролізу","cat_8154"
"pc_06442","8154","Апаратник етерифікації","cat_8154"
"pc_06443","8154","Дезактиваторник","cat_8154"
"pc_06444","8154","Дистилювальник ртуті","cat_8154"
"pc_06445","8154","Завантажувач хімічної сировини в апарати","cat_8154"
"pc_06446","8154","Вапногасильник","cat_8154"
"pc_06447","8154","Інокуляторник","cat_8154"
"pc_06448","8154","Контролер технологічного процесу (дубильно-екстрактне виробництво)","cat_8154"
"pc_06449","8154","Налагоджувальник устаткування лакофарбових покриттів","cat_8154"
"pc_06450","8154","Нейтралізаторник","cat_8154"
"pc_06451","8154","Оператор вирощування дріжджів","cat_8154"
"pc_06452","8154","Оператор вирощування чистої культури дріжджів","cat_8154"
"pc_06453","8154","Оператор дистанційного пульта керування у хімічному виробництві","cat_8154"
"pc_06454","8154","Оператор потокової лінії поліетиленування","cat_8154"
"pc_06455","8154","Оператор потокових ліній нанесення світлоповертальних сполук","cat_8154"
"pc_06456","8154","Оператор приготування затору","cat_8154"
"pc_06457","8154","Оператор установки вітамінізації дріжджів","cat_8154"
"pc_06458","8154","Розважувач хімічної сировини","cat_8154"
"pc_06459","8154","Реакторник","cat_8154"
"pc_06460","8154","Реакторник хімочищення розсолу","cat_8154"
"pc_06461","8154","Різальник металевого натрію","cat_8154"
"pc_06462","8154","Збирач ртуті","cat_8154"
"pc_06463","8154","Готувач апретур, емульсій та лаків","cat_8154"
"pc_06464","8154","Стерилізаторник живильних середовищ","cat_8154"
"pc_06465","8154","Оператор спеціальної самохідної транспортної машини","cat_8154"
"pc_06466","8155","Авіаційний технік з паливно-мастильних матеріалів","cat_8155"
"pc_06467","8155","Апаратник випарювальної установки","cat_8155"
"pc_06468","8155","Контролер пічного господарства","cat_8155"
"pc_06469","8155","Контролер з якості нафти й нафтопродуктів","cat_8155"
"pc_06470","8155","Машиніст газороздавальної станції","cat_8155"
"pc_06471","8155","Машиніст з моторних випробувань палива","cat_8155"
"pc_06472","8155","Машиніст регенераційної установки","cat_8155"
"pc_06473","8155","Машиніст технологічних насосів","cat_8155"
"pc_06474","8155","Оператор газгольдерної станції","cat_8155"
"pc_06475","8155","Оператор заправних станцій","cat_8155"
"pc_06476","8155","Оператор технологічних установок","cat_8155"
"pc_06477","8159","Виготовлювач пристроїв для вирощування монокристалів","cat_8159"
"pc_06478","8159","Апаратник гранулювання (спеціальні хімічні виробництва)","cat_8159"
"pc_06479","8159","Апаратник комплексної установки (спеціальні хімічні виробництва)","cat_8159"
"pc_06480","8159","Вальцювальник ізоляційних покриттів","cat_8159"
"pc_06481","8159","Виготовлювач шнурових виробів","cat_8159"
"pc_06482","8159","Лаборант із спеціального палива","cat_8159"
"pc_06483","8159","Лаборант спеціальних хімічних покриттів","cat_8159"
"pc_06484","8159","Лаборант фізико-хімічного аналізу вибухонебезпечної сировини, напівфабрикатів та продукції (спеціальні хімічні виробництва)","cat_8159"
"pc_06485","8159","Лаборант-рахівник на спеціальних пневматичних гідростендах","cat_8159"
"pc_06486","8159","Оператор дистанційного керування технологічним процесом (спеціальні хімічні виробництва)","cat_8159"
"pc_06487","8159","Патронувальник","cat_8159"
"pc_06488","8159","Просівальник (спеціальні хімічні виробництва)","cat_8159"
"pc_06489","8159","Оператор устаткування для подавлення радіоактивності та дезактивації","cat_8159"
"pc_06490","8159","Апаратник установок для подавлення радіоактивності та дезактивації","cat_8159"
"pc_06491","8159","Апаратник","cat_8159"
"pc_06492","8159","Апаратник азотування","cat_8159"
"pc_06493","8159","Апаратник балансових установок","cat_8159"
"pc_06494","8159","Апаратник вакуум-приймачів","cat_8159"
"pc_06495","8159","Апаратник повітроподілу","cat_8159"
"pc_06496","8159","Апаратник відновлення напівпровідникових матеріалів","cat_8159"
"pc_06497","8159","Апаратник виділення ацетофенону","cat_8159"
"pc_06498","8159","Апаратник виділення карбінолу","cat_8159"
"pc_06499","8159","Апаратник виділення псевдобутилену","cat_8159"
"pc_06500","8159","Апаратник виділення сірки","cat_8159"
"pc_06501","8159","Апаратник виділення фтористого бору","cat_8159"
"pc_06502","8159","Апаратник випарювання та гранулювання","cat_8159"
"pc_06503","8159","Апаратник витягання","cat_8159"
"pc_06504","8159","Апаратник газогенерації","cat_8159"
"pc_06505","8159","Апаратник газорозділення","cat_8159"
"pc_06506","8159","Апаратник гідрохлорування","cat_8159"
"pc_06507","8159","Апаратник деаерації","cat_8159"
"pc_06508","8159","Апаратник димеризації","cat_8159"
"pc_06509","8159","Апаратник диспергування лужних металів","cat_8159"
"pc_06510","8159","Апаратник диспропорціонування","cat_8159"
"pc_06511","8159","Апаратник вилучення побічних продуктів","cat_8159"
"pc_06512","8159","Апаратник конверсії","cat_8159"
"pc_06513","8159","Апаратник концентрування кислот","cat_8159"
"pc_06514","8159","Апаратник кристалізації та центрифугування","cat_8159"
"pc_06515","8159","Апаратник ксантогенування","cat_8159"
"pc_06516","8159","Апаратник лісохімічного устаткування","cat_8159"
"pc_06517","8159","Апаратник лиття й рубання","cat_8159"
"pc_06518","8159","Апаратник матування смоли","cat_8159"
"pc_06519","8159","Апаратник на установках деіонізації","cat_8159"
"pc_06520","8159","Апаратник зневоднення","cat_8159"
"pc_06521","8159","Апаратник знефенолування та знеспиридинування масел","cat_8159"
"pc_06522","8159","Апаратник фарбування галуну","cat_8159"
"pc_06523","8159","Апаратник оксимування","cat_8159"
"pc_06524","8159","Апаратник оброблення та сушіння хімічної нитки","cat_8159"
"pc_06525","8159","Апаратник охолодження","cat_8159"
"pc_06526","8159","Апаратник перегрівання","cat_8159"
"pc_06527","8159","Апаратник переетерифікації","cat_8159"
"pc_06528","8159","Апаратник з вирощування монокристалів та стрічок","cat_8159"
"pc_06529","8159","Апаратник підготовки сировини та відпускання напівфабрикатів і продукції","cat_8159"
"pc_06530","8159","Апаратник із завантаження пеку","cat_8159"
"pc_06531","8159","Апаратник з кристалізації","cat_8159"
"pc_06532","8159","Апаратник одержання високотемпературного пеку","cat_8159"
"pc_06533","8159","Апаратник одержання кумаронової смоли","cat_8159"
"pc_06534","8159","Апаратник одержання сірковуглецю-сирцю","cat_8159"
"pc_06535","8159","Апаратник одержання сульфату амонію","cat_8159"
"pc_06536","8159","Апаратник одержання сирого бензолу","cat_8159"
"pc_06537","8159","Апаратник одержання технічного вуглецю","cat_8159"
"pc_06538","8159","Апаратник одержання чистого антрацену","cat_8159"
"pc_06539","8159","Апаратник з насмоктування діафрагм","cat_8159"
"pc_06540","8159","Апаратник з одержання високочистих матеріалів для напівпровідникового виробництва","cat_8159"
"pc_06541","8159","Апаратник з виробництва та хімічного очищення напівпровідникових матеріалів","cat_8159"
"pc_06542","8159","Апаратник з регенерації селену","cat_8159"
"pc_06543","8159","Апаратник з регенерації сірки","cat_8159"
"pc_06544","8159","Апаратник з хімічного оброблення напівпровідникових матеріалів","cat_8159"
"pc_06545","8159","Апаратник приготування кам'яновугільного лаку","cat_8159"
"pc_06546","8159","Апаратник приготування мильного клею","cat_8159"
"pc_06547","8159","Апаратник приготування препарованої смоли","cat_8159"
"pc_06548","8159","Апаратник виробництва аміачної селітри","cat_8159"
"pc_06549","8159","Апаратник виробництва дициклопентадієну","cat_8159"
"pc_06550","8159","Апаратник виробництва індолу","cat_8159"
"pc_06551","8159","Апаратник виробництва калієвої селітри","cat_8159"
"pc_06552","8159","Апаратник виробництва креоліну та лізолу","cat_8159"
"pc_06553","8159","Апаратник виробництва малотонажних продуктів","cat_8159"
"pc_06554","8159","Апаратник виробництва сечовини","cat_8159"
"pc_06555","8159","Апаратник виробництва нітрату та нітриту натрію","cat_8159"
"pc_06556","8159","Апаратник виробництва нітрофоски","cat_8159"
"pc_06557","8159","Апаратник виробництва піридинових основ","cat_8159"
"pc_06558","8159","Апаратник виробництва регенеративних речовин","cat_8159"
"pc_06559","8159","Апаратник виробництва сульфату амонію","cat_8159"
"pc_06560","8159","Апаратник виробництва формованого коксу","cat_8159"
"pc_06561","8159","Апаратник розсіву","cat_8159"
"pc_06562","8159","Апаратник-сірнильник","cat_8159"
"pc_06563","8159","Апаратник спалювання сірководню","cat_8159"
"pc_06564","8159","Апаратник термооброблення коксованої шихти","cat_8159"
"pc_06565","8159","Апаратник уловлювання жирів","cat_8159"
"pc_06566","8159","Апаратник ущільнення технічного вуглецю","cat_8159"
"pc_06567","8159","Апаратник установки нейтрального газу","cat_8159"
"pc_06568","8159","Апаратник установки виробництва вибільної землі","cat_8159"
"pc_06569","8159","Апаратник фіксації","cat_8159"
"pc_06570","8159","Апаратник формування синтетичного каучуку","cat_8159"
"pc_06571","8159","Апаратник формування хімічного волокна","cat_8159"
"pc_06572","8159","Апаратник формування целофанової плівки","cat_8159"
"pc_06573","8159","Апаратник хемосорбції","cat_8159"
"pc_06574","8159","Апаратник лускування","cat_8159"
"pc_06575","8159","Апаратник етиленгліколевої установки","cat_8159"
"pc_06576","8159","Барильєтник","cat_8159"
"pc_06577","8159","Брикетувальник","cat_8159"
"pc_06578","8159","Вальцювальник (хімічне виробництво)","cat_8159"
"pc_06579","8159","Варник селену","cat_8159"
"pc_06580","8159","Водневик","cat_8159"
"pc_06581","8159","Вибірник металевого натрію","cat_8159"
"pc_06582","8159","Вивантажувач блоків полімеру","cat_8159"
"pc_06583","8159","Газівник коксових печей","cat_8159"
"pc_06584","8159","Газогенераторник","cat_8159"
"pc_06585","8159","Гарнітурник хімічного прядіння","cat_8159"
"pc_06586","8159","Генераторник","cat_8159"
"pc_06587","8159","Генераторник ацетиленової установки","cat_8159"
"pc_06588","8159","Графітувальник","cat_8159"
"pc_06589","8159","Дверевий","cat_8159"
"pc_06590","8159","Дублювальник листового матеріалу","cat_8159"
"pc_06591","8159","Завантажувач-вивантажувач","cat_8159"
"pc_06592","8159","Завантажувач-вивантажувач печей","cat_8159"
"pc_06593","8159","Завантажувач-вивантажувач термоантрацитових печей","cat_8159"
"pc_06594","8159","Заливальник коксу","cat_8159"
"pc_06595","8159","Заливальник магнітних сплавів на печах-кристалізаторах","cat_8159"
"pc_06596","8159","Заливальник цоколів","cat_8159"
"pc_06597","8159","Зарядник автоклавів","cat_8159"
"pc_06598","8159","Кабінник-кантівник","cat_8159"
"pc_06599","8159","Карбідувальник","cat_8159"
"pc_06600","8159","Карбонізатор","cat_8159"
"pc_06601","8159","Каталізаторник (електронна техніка)","cat_8159"
"pc_06602","8159","Каталізаторник (виробництво олії та жирів)","cat_8159"
"pc_06603","8159","Коксоочисник","cat_8159"
"pc_06604","8159","Коксорозвантажувач","cat_8159"
"pc_06605","8159","Контролер якості продукції та технологічного процесу (хімічне виробництво)","cat_8159"
"pc_06606","8159","Лаборант хімічного аналізу","cat_8159"
"pc_06607","8159","Люковий (коксохімічне виробництво)","cat_8159"
"pc_06608","8159","Люмінофорник-екранувальник","cat_8159"
"pc_06609","8159","Магнезувальник-вакуумник","cat_8159"
"pc_06610","8159","Матувальник-вакуумник","cat_8159"
"pc_06611","8159","Машиніст барабанного охолоджувача","cat_8159"
"pc_06612","8159","Машиніст газогенераторної станції","cat_8159"
"pc_06613","8159","Машиніст коксових машин","cat_8159"
"pc_06614","8159","Машиніст коксонавантажувальної машини","cat_8159"
"pc_06615","8159","Машиніст крана складу сульфату","cat_8159"
"pc_06616","8159","Машиніст мостового перевантажувача","cat_8159"
"pc_06617","8159","Машиніст устаткування розподільних нафтобаз","cat_8159"
"pc_06618","8159","Машиніст віджимального устаткування (дубильно-екстрактове виробництво)","cat_8159"
"pc_06619","8159","Машиніст прес-гранулятора","cat_8159"
"pc_06620","8159","Машиніст установки сухого гасіння коксу","cat_8159"
"pc_06621","8159","Машиніст електровоза гасильного вагона","cat_8159"
"pc_06622","8159","Мийник колб із застосуванням кислотних розчинів","cat_8159"
"pc_06623","8159","Намотувальник матеріалів і напівфабрикатів","cat_8159"
"pc_06624","8159","Настелювач фільтр-полотен","cat_8159"
"pc_06625","8159","Випалювач ламп","cat_8159"
"pc_06626","8159","Випалювач прядильних деталей","cat_8159"
"pc_06627","8159","Випалювач радіокераміки, п'єзокераміки та феритів","cat_8159"
"pc_06628","8159","Випалювач малювального вугілля","cat_8159"
"pc_06629","8159","Обтискувач електроз'єднувачів","cat_8159"
"pc_06630","8159","Збагачувач мікропорошку","cat_8159"
"pc_06631","8159","Оброблювач натрієвих болванок","cat_8159"
"pc_06632","8159","Оброблювач харчових продуктів і тари","cat_8159"
"pc_06633","8159","Оброблювач синтетичного каучуку","cat_8159"
"pc_06634","8159","Обхідник лінійний","cat_8159"
"pc_06635","8159","Оксидувальник-вакуумник","cat_8159"
"pc_06636","8159","Оператор вакуумних установок для нанесення покриттів на оптичні деталі","cat_8159"
"pc_06637","8159","Оператор газорозподільної станції","cat_8159"
"pc_06638","8159","Оператор дифузійних процесів","cat_8159"
"pc_06639","8159","Оператор коксосортувалки","cat_8159"
"pc_06640","8159","Оператор крутіння та витягання","cat_8159"
"pc_06641","8159","Оператор крутіння та намотування хімічних волокон","cat_8159"
"pc_06642","8159","Оператор магістральних газопроводів","cat_8159"
"pc_06643","8159","Оператор нафтоперекачувальної станції","cat_8159"
"pc_06644","8159","Оператор відстоювання та теплообміну","cat_8159"
"pc_06645","8159","Оператор плазмохімічних процесів","cat_8159"
"pc_06646","8159","Оператор з вирощування кристалів","cat_8159"
"pc_06647","8159","Оператор з вирощування кристалів п'єзокварцу","cat_8159"
"pc_06648","8159","Оператор з витягання світловодів","cat_8159"
"pc_06649","8159","Оператор підземних газогенераторів","cat_8159"
"pc_06650","8159","Оператор із захисних покриттів у виробництві масок кольорових кінескопів","cat_8159"
"pc_06651","8159","Оператор з нанесення газопоглинача","cat_8159"
"pc_06652","8159","Оператор з нарощування епітаксіальних шарів","cat_8159"
"pc_06653","8159","Оператор із збирання та очищення конденсату","cat_8159"
"pc_06654","8159","Оператор сушіння синтетичного каучуку","cat_8159"
"pc_06655","8159","Оператор товарний","cat_8159"
"pc_06656","8159","Оглядач нафтоналивних ємностей","cat_8159"
"pc_06657","8159","Обробник хімічних волокон","cat_8159"
"pc_06658","8159","Відпальник-вакуумник","cat_8159"
"pc_06659","8159","Відкатник-вакуумник","cat_8159"
"pc_06660","8159","Відливальник натрієвих болванок","cat_8159"
"pc_06661","8159","Перезарядник контактних апаратів","cat_8159"
"pc_06662","8159","Перемотувальник нитки","cat_8159"
"pc_06663","8159","Переробник радіоактивних відходів","cat_8159"
"pc_06664","8159","Полімеризаторник","cat_8159"
"pc_06665","8159","Полімеризаторник металевих форм та листів","cat_8159"
"pc_06666","8159","Полірувальник шроту","cat_8159"
"pc_06667","8159","Поляризатор","cat_8159"
"pc_06668","8159","Помічник майстра (хімічне виробництво)","cat_8159"
"pc_06669","8159","Пресувальник агломератів","cat_8159"
"pc_06670","8159","Пресувальник колагенового джгута","cat_8159"
"pc_06671","8159","Пресувальник нафталіну","cat_8159"
"pc_06672","8159","Пресувальник обмазувального преса","cat_8159"
"pc_06673","8159","Пресувальник стрижнів","cat_8159"
"pc_06674","8159","Пресувальник хімічного волокна","cat_8159"
"pc_06675","8159","Пресувальник електродної продукції","cat_8159"
"pc_06676","8159","Пресувальник електродів та елементів","cat_8159"
"pc_06677","8159","Готувач шихти напівпровідникових матеріалів","cat_8159"
"pc_06678","8159","Промивальник деталей та вузлів","cat_8159"
"pc_06679","8159","Просочувальник (електронна техніка)","cat_8159"
"pc_06680","8159","Просочувальник стрижнів","cat_8159"
"pc_06681","8159","Просівальник","cat_8159"
"pc_06682","8159","Розварник саломасу","cat_8159"
"pc_06683","8159","Розливальник хімічної продукції","cat_8159"
"pc_06684","8159","Рампівник","cat_8159"
"pc_06685","8159","Регенераторник дорогоцінних металів","cat_8159"
"pc_06686","8159","Різальник хімічного волокна","cat_8159"
"pc_06687","8159","Рекуператорник алмазів","cat_8159"
"pc_06688","8159","Ремонтувальник полімеризаційного інвентарю","cat_8159"
"pc_06689","8159","Складальник полімеризаційного інвентарю","cat_8159"
"pc_06690","8159","Складальник прядильних блоків та насосів","cat_8159"
"pc_06691","8159","Скруберник-насосник","cat_8159"
"pc_06692","8159","Снувальник (хімічне виробництво)","cat_8159"
"pc_06693","8159","Сортувальник коксу","cat_8159"
"pc_06694","8159","Ставильник (виробництво хімічних волокон)","cat_8159"
"pc_06695","8159","Сушильник ваніліну","cat_8159"
"pc_06696","8159","Сушильник виробів (ремізо-бердне виробництво)","cat_8159"
"pc_06697","8159","Тунельник (чорна металургія)","cat_8159"
"pc_06698","8159","Травильник купроксних випрямних елементів","cat_8159"
"pc_06699","8159","Травильник прецизійного травлення","cat_8159"
"pc_06700","8159","Травильник радіокераміки","cat_8159"
"pc_06701","8159","Травильник фольги (електронна техніка)","cat_8159"
"pc_06702","8159","Установник каталізаторних сіток","cat_8159"
"pc_06703","8159","Установник прядильних блоків та гарнітури","cat_8159"
"pc_06704","8159","Фільєрник","cat_8159"
"pc_06705","8159","Фільтр-пресувальник (електротехнічне виробництво)","cat_8159"
"pc_06706","8159","Формувальник анодів","cat_8159"
"pc_06707","8159","Формувальник селенових елементів","cat_8159"
"pc_06708","8159","Формувальник фольги","cat_8159"
"pc_06709","8159","Формувальник електродної маси","cat_8159"
"pc_06710","8159","Чистильник каналізаційних тунелів та каналів","cat_8159"
"pc_06711","8159","Чистильник полімеризаційних стаканів","cat_8159"
"pc_06712","8159","Електроверетенник","cat_8159"
"pc_06713","8159","Оператор хімічного цеху електростанції","cat_8159"
"pc_06714","8159","Завантажувач-розвантажувач (спеціальні хімічні виробництва)","cat_8159"
"pc_06715","8159","Оператор біоенергетичних установок","cat_8159"
"pc_06716","8161","Оператор головного щита управління вітроенергетичної станції","cat_8161"
"pc_06717","8161","Машиніст блочного щита керування агрегатами (парогенератор-турбіна)","cat_8161"
"pc_06718","8161","Машиніст блочної системи керування агрегатами (котел-турбіна)","cat_8161"
"pc_06719","8161","Машиніст газотурбінних установок","cat_8161"
"pc_06720","8161","Машиніст гідроагрегатів","cat_8161"
"pc_06721","8161","Машиніст двигунів внутрішнього згоряння","cat_8161"
"pc_06722","8161","Машиніст контактно-зварювальної установки пересувної для зварювання магістральних газонафтопродуктопроводів","cat_8161"
"pc_06723","8161","Машиніст електрозварювального пересувного агрегата з двигуном внутрішнього згоряння","cat_8161"
"pc_06724","8161","Машиніст електростанції пересувної","cat_8161"
"pc_06725","8161","Машиніст енергоблока","cat_8161"
"pc_06726","8161","Моторист з прибирання устаткування електростанцій","cat_8161"
"pc_06727","8161","Моторист електророзвідувальної станції","cat_8161"
"pc_06728","8161","Оператор ""гарячої"" камери","cat_8161"
"pc_06729","8161","Оператор реакторного відділення","cat_8161"
"pc_06730","8161","Оператор спецводоочищення","cat_8161"
"pc_06731","8161","Оператор теплових мереж","cat_8161"
"pc_06732","8161","Оператор транспортно-технологічного устаткування реакторного відділення","cat_8161"
"pc_06733","8161","Оператор щита (пульта) керування перетворювальної підстанції","cat_8161"
"pc_06734","8162","Апаратник теплоутилізації","cat_8162"
"pc_06735","8162","Котлочистильник","cat_8162"
"pc_06736","8162","Кочегар технологічних печей","cat_8162"
"pc_06737","8162","Машиніст котлів","cat_8162"
"pc_06738","8162","Машиніст (кочегар) котельні","cat_8162"
"pc_06739","8162","Машиніст-обхідник з котельного устаткування","cat_8162"
"pc_06740","8162","Машиніст-обхідник з турбінного устаткування","cat_8162"
"pc_06741","8162","Машиніст парової машини та локомобіля","cat_8162"
"pc_06742","8162","Машиніст парових турбін","cat_8162"
"pc_06743","8162","Машиніст пилових насосів","cat_8162"
"pc_06744","8162","Машиніст подавання палива","cat_8162"
"pc_06745","8162","Машиніст центрального теплового щита керування котлами","cat_8162"
"pc_06746","8162","Машиніст центрального теплового щита керування паровими турбінами","cat_8162"
"pc_06747","8162","Моторист автоматизованого подавання палива","cat_8162"
"pc_06748","8162","Моторист багерної (шламової) насосної","cat_8162"
"pc_06749","8162","Оператор котельні","cat_8162"
"pc_06750","8162","Оператор теплового пункту","cat_8162"
"pc_06751","8162","Старший машиніст котельного устаткування","cat_8162"
"pc_06752","8162","Старший машиніст котлотурбінного цеху","cat_8162"
"pc_06753","8162","Старший машиніст турбінного відділення","cat_8162"
"pc_06754","8162","Старший машиніст енергоблоків","cat_8162"
"pc_06755","8162","Форсунник","cat_8162"
"pc_06756","8162","Чистильник","cat_8162"
"pc_06757","8162","Шурувальник палива","cat_8162"
"pc_06758","8163","Машиніст рибопідіймача","cat_8163"
"pc_06759","8163","Фумігаторник","cat_8163"
"pc_06760","8163","Апаратник очищення стічних вод","cat_8163"
"pc_06761","8163","Апаратник з обслуговування рекуператорів та системи охолодження","cat_8163"
"pc_06762","8163","Апаратник хімводоочищення","cat_8163"
"pc_06763","8163","Водороздавальник","cat_8163"
"pc_06764","8163","Водороздавальник порту","cat_8163"
"pc_06765","8163","Газівник","cat_8163"
"pc_06766","8163","Заготівник льоду","cat_8163"
"pc_06767","8163","Зарядник вогнегасників","cat_8163"
"pc_06768","8163","Зарядник протигазових коробок","cat_8163"
"pc_06769","8163","Зарядник холодильних апаратів","cat_8163"
"pc_06770","8163","Випробувач балонів","cat_8163"
"pc_06771","8163","Коагулянник","cat_8163"
"pc_06772","8163","Кочегар сушильних печей та барабанів","cat_8163"
"pc_06773","8163","Машиніст берегових насосних станцій","cat_8163"
"pc_06774","8163","Машиніст вакуумної установки","cat_8163"
"pc_06775","8163","Машиніст вентиляційної та аспіраційної установок","cat_8163"
"pc_06776","8163","Машиніст повітророзділювальних установок","cat_8163"
"pc_06777","8163","Машиніст висотно-компресорної установки","cat_8163"
"pc_06778","8163","Машиніст газодувних машин","cat_8163"
"pc_06779","8163","Машиніст залізничного водопостачання","cat_8163"
"pc_06780","8163","Машиніст компресора для подавання повітря водолазам","cat_8163"
"pc_06781","8163","Машиніст компресора пересувного з двигуном внутрішнього згоряння","cat_8163"
"pc_06782","8163","Машиніст компресора пересувного з електродвигуном","cat_8163"
"pc_06783","8163","Машиніст компресорних установок","cat_8163"
"pc_06784","8163","Машиніст малярної станції пересувної","cat_8163"
"pc_06785","8163","Машиніст насосних установок","cat_8163"
"pc_06786","8163","Машиніст технологічних компресорів","cat_8163"
"pc_06787","8163","Машиніст холодильної установки для заморожування ґрунтів","cat_8163"
"pc_06788","8163","Машиніст холодильних установок","cat_8163"
"pc_06789","8163","Машиніст шахтових холодильних установок","cat_8163"
"pc_06790","8163","Машиніст ексгаустера","cat_8163"
"pc_06791","8163","Моторист вентиляційної установки","cat_8163"
"pc_06792","8163","Моторист водоскиду","cat_8163"
"pc_06793","8163","Моторист (машиніст) рефрижераторних установок","cat_8163"
"pc_06794","8163","Моторист електродвигунів","cat_8163"
"pc_06795","8163","Наглядач гідротехнічних споруд","cat_8163"
"pc_06796","8163","Наповнювач балонів","cat_8163"
"pc_06797","8163","Обхідник гідроспоруд","cat_8163"
"pc_06798","8163","Озонаторник","cat_8163"
"pc_06799","8163","Оператор водозапірних споруд","cat_8163"
"pc_06800","8163","Оператор дистанційного пульта керування у водопровідно-каналізаційному господарстві","cat_8163"
"pc_06801","8163","Оператор на аеротенках","cat_8163"
"pc_06802","8163","Оператор на біофільтрах","cat_8163"
"pc_06803","8163","Оператор на мулових майданчиках","cat_8163"
"pc_06804","8163","Оператор на метантенках","cat_8163"
"pc_06805","8163","Оператор на відстійниках","cat_8163"
"pc_06806","8163","Оператор на пісколовках та жироловках","cat_8163"
"pc_06807","8163","Оператор на решітці","cat_8163"
"pc_06808","8163","Оператор на фільтрах","cat_8163"
"pc_06809","8163","Оператор на емшерах","cat_8163"
"pc_06810","8163","Оператор очисних споруд","cat_8163"
"pc_06811","8163","Оператор полів зрошування та фільтрації","cat_8163"
"pc_06812","8163","Оператор з обслуговування установок для пилогазоуловлювання","cat_8163"
"pc_06813","8163","Оператор споруд для видалення осаду","cat_8163"
"pc_06814","8163","Оператор установки для сушіння осаду","cat_8163"
"pc_06815","8163","Оператор установок для зневоднення осаду","cat_8163"
"pc_06816","8163","Оператор хлораторної установки","cat_8163"
"pc_06817","8163","Оглядач гідротехнічних об'єктів","cat_8163"
"pc_06818","8163","Приймальник балонів","cat_8163"
"pc_06819","8163","Роздавальник нафтопродуктів","cat_8163"
"pc_06820","8163","Регулювальник подавання води","cat_8163"
"pc_06821","8163","Суднопропускник","cat_8163"
"pc_06822","8163","Чистильник вентиляційних установок","cat_8163"
"pc_06823","8163","Оператор дезінсекційних установок","cat_8163"
"pc_06824","8163","Машиніст насосної станції пожежної пересувної","cat_8163"
"pc_06825","8163","Машиніст установки сміттєспалювальної пересувної","cat_8163"
"pc_06826","8163","Оператор вакуумної машини","cat_8163"
"pc_06827","8163","Оператор стерилізаторів води в ультрафіолетових променях","cat_8163"
"pc_06828","8163","Ремонтувальник русловий","cat_8163"
"pc_06829","8169","Майстер з монтажу та обслуговування систем відновлювальної енергетики","cat_8169"
"pc_06830","8169","Машиніст компресорних та холодильних систем","cat_8169"
"pc_06831","8169","Оператор енергозберігаючого устаткування будівель","cat_8169"
"pc_06832","8169","Оператор з обслуговування та експлуатації когенераційних установок","cat_8169"
"pc_06833","8171","Оператор з обслуговування та ремонту вагонів","cat_8171"
"pc_06834","8171","Оператор автоматичної лінії підготовки та паяння електрорадіоелементів на друкарських платах","cat_8171"
"pc_06835","8171","Оператор складально-пакувальних машин","cat_8171"
"pc_06836","8172","Оператор промислових роботів","cat_8172"
"pc_06837","8211","Верстатник-ізолювальник","cat_8211"
"pc_06838","8211","Контролер спеціальних виробів","cat_8211"
"pc_06839","8211","Оператор лазерної установки з програмним керуванням","cat_8211"
"pc_06840","8211","Різальник спеціальних виробів (спеціальні хімічні виробництва)","cat_8211"
"pc_06841","8211","Свердлувальник спеціальних виробів (спеціальні хімічні виробництва)","cat_8211"
"pc_06842","8211","Автоматник","cat_8211"
"pc_06843","8211","Автоматник ремізних автоматів","cat_8211"
"pc_06844","8211","Автоматник елементного виробництва","cat_8211"
"pc_06845","8211","Апаратник абсолютування","cat_8211"
"pc_06846","8211","Бригадир обдирно-зачисного відділення","cat_8211"
"pc_06847","8211","Бригадир огляду й механічного оброблення коліс","cat_8211"
"pc_06848","8211","Бригадир підготовчого відділення","cat_8211"
"pc_06849","8211","Бронеобмотувальник проводів","cat_8211"
"pc_06850","8211","Бронювальник кабелів","cat_8211"
"pc_06851","8211","Галтувальник радіодеталей","cat_8211"
"pc_06852","8211","Дозувальник медичних препаратів","cat_8211"
"pc_06853","8211","Довбальник","cat_8211"
"pc_06854","8211","Завальцювальник радіодеталей","cat_8211"
"pc_06855","8211","Зуборізальник","cat_8211"
"pc_06856","8211","Зубошліфувальник","cat_8211"
"pc_06857","8211","Виробник мішурної нитки","cat_8211"
"pc_06858","8211","Ізолювальник жил кабелю","cat_8211"
"pc_06859","8211","Ізолювальник проводів","cat_8211"
"pc_06860","8211","Контролер верстатних та слюсарних робіт (верстатні роботи)","cat_8211"
"pc_06861","8211","Машиніст навивальних і намотувальних машин","cat_8211"
"pc_06862","8211","Машиніст трубовигинальної установки пересувної","cat_8211"
"pc_06863","8211","Наждачник","cat_8211"
"pc_06864","8211","Накатник різьби цоколів","cat_8211"
"pc_06865","8211","Насікальник терпугів, рашпілів та пилок","cat_8211"
"pc_06866","8211","Обкатник підшипників","cat_8211"
"pc_06867","8211","Оператор автоматичних та напівавтоматичних ліній верстатів та установок","cat_8211"
"pc_06868","8211","Оператор автоматичної лінії для виготовлення ізольованих жил","cat_8211"
"pc_06869","8211","Оператор клепальних автоматів","cat_8211"
"pc_06870","8211","Оператор лазерної голографічної установки","cat_8211"
"pc_06871","8211","Оператор мікрозварювання","cat_8211"
"pc_06872","8211","Оператор на бормашині для попереднього оброблення литих магнітів","cat_8211"
"pc_06873","8211","Оператор верстатів з програмним керуванням","cat_8211"
"pc_06874","8211","Оператор термоз'єднань","cat_8211"
"pc_06875","8211","Оператор трубообтискних верстатів","cat_8211"
"pc_06876","8211","Оператор ультразвукових установок","cat_8211"
"pc_06877","8211","Оператор установок виготовлення стільникових пакетів","cat_8211"
"pc_06878","8211","Оператор установок дробометного очищення","cat_8211"
"pc_06879","8211","Оператор установок піскоструминного очищення","cat_8211"
"pc_06880","8211","Оператор еліонних процесів","cat_8211"
"pc_06881","8211","Обплітальник проводів та кабелів","cat_8211"
"pc_06882","8211","Полірувальник лопаток","cat_8211"
"pc_06883","8211","Протягувальник","cat_8211"
"pc_06884","8211","Розрубник акумуляторних пластин","cat_8211"
"pc_06885","8211","Різальник на пилах, ножівках та верстатах","cat_8211"
"pc_06886","8211","Різьбонарізувач на спеціальних верстатах","cat_8211"
"pc_06887","8211","Різьбофрезерувальник","cat_8211"
"pc_06888","8211","Різьбошліфувальник","cat_8211"
"pc_06889","8211","Рубач дроту","cat_8211"
"pc_06890","8211","Свердлувальник","cat_8211"
"pc_06891","8211","Сортувальник деталей підшипників","cat_8211"
"pc_06892","8211","Стабілізувальник кабелів","cat_8211"
"pc_06893","8211","Верстатник бляшано-банкового устаткування","cat_8211"
"pc_06894","8211","Верстатник з механічного оброблення електродної продукції","cat_8211"
"pc_06895","8211","Верстатник з оброблення твердосплавної продукції","cat_8211"
"pc_06896","8211","Верстатник спеціальних металообробних верстатів","cat_8211"
"pc_06897","8211","Верстатник широкого профілю","cat_8211"
"pc_06898","8211","Стругальник","cat_8211"
"pc_06899","8211","Знімач оболонки з кабельних виробів","cat_8211"
"pc_06900","8211","Токар","cat_8211"
"pc_06901","8211","Токар-затилувальник","cat_8211"
"pc_06902","8211","Токар-карусельник","cat_8211"
"pc_06903","8211","Токар-напівавтоматник","cat_8211"
"pc_06904","8211","Токар-розточувальник","cat_8211"
"pc_06905","8211","Токар-револьверник","cat_8211"
"pc_06906","8211","Трамбувальник ізоляційного матеріалу","cat_8211"
"pc_06907","8211","Фрезерувальник","cat_8211"
"pc_06908","8211","Фрезерувальник зливків","cat_8211"
"pc_06909","8211","Шевінгувальник","cat_8211"
"pc_06910","8211","Шліфувальник","cat_8211"
"pc_06911","8211","Шліфувальник виробів з твердих сплавів та тугоплавких металів","cat_8211"
"pc_06912","8211","Екранувальник жил, проводів та кабелів","cat_8211"
"pc_06913","8211","Електрозаточувальник","cat_8211"
"pc_06914","8211","Електрохімоброблювач","cat_8211"
"pc_06915","8211","Електроерозіоніст","cat_8211"
"pc_06916","8211","Обплітальник (спеціальні хімічні виробництва)","cat_8211"
"pc_06917","8212","Оператор мобільної установки холодного ресайклінгу","cat_8212"
"pc_06918","8212","Оператор центрального пульта керування (виробництво цементу)","cat_8212"
"pc_06919","8212","Формувальник теплоізоляційних та герметизуючих покриттів спеціальних виробів","cat_8212"
"pc_06920","8212","Оператор установки для приготування бітумної емульсії","cat_8212"
"pc_06921","8212","Автоклавник (виробництво теплоізоляційних матеріалів)","cat_8212"
"pc_06922","8212","Апаратник зневоднення бітуму","cat_8212"
"pc_06923","8212","Апаратник окислення бітуму","cat_8212"
"pc_06924","8212","Аспіраторник","cat_8212"
"pc_06925","8212","Брикетувальник формувальної маси","cat_8212"
"pc_06926","8212","Вагранник (виробництво теплоізоляційних матеріалів)","cat_8212"
"pc_06927","8212","Варник асфальтової маси","cat_8212"
"pc_06928","8212","Варник бітуму","cat_8212"
"pc_06929","8212","Варник гіпсу","cat_8212"
"pc_06930","8212","Вивантажувач вапна з печей","cat_8212"
"pc_06931","8212","Вивантажувач шахтових печей","cat_8212"
"pc_06932","8212","Випалювач вапна","cat_8212"
"pc_06933","8212","Випалювач у виробництві теплоізоляційних матеріалів","cat_8212"
"pc_06934","8212","Гасильник вапна","cat_8212"
"pc_06935","8212","Графітувальник азбестових технічних виробів","cat_8212"
"pc_06936","8212","Ґрунтувальник волокнистоцементних виробів","cat_8212"
"pc_06937","8212","Дозувальник компонентів бетонних сумішей","cat_8212"
"pc_06938","8212","Емалювальник резисторів","cat_8212"
"pc_06939","8212","Заготівник азбестових технічних виробів","cat_8212"
"pc_06940","8212","Заготівник мікалексової маси","cat_8212"
"pc_06941","8212","Завантажувач варильних котлів","cat_8212"
"pc_06942","8212","Завантажувач-вивантажувач сировини, палива та стінових виробів","cat_8212"
"pc_06943","8212","Завантажувач сушильних барабанів","cat_8212"
"pc_06944","8212","Завантажувач тунельних печей","cat_8212"
"pc_06945","8212","Заливальник каменеливарних виробів","cat_8212"
"pc_06946","8212","Зачищувач електроізоляційних матеріалів","cat_8212"
"pc_06947","8212","Виготовлювач азбометалевих виробів","cat_8212"
"pc_06948","8212","Виготовлювач набивок","cat_8212"
"pc_06949","8212","Калібрувальник набивок","cat_8212"
"pc_06950","8212","Каменевар","cat_8212"
"pc_06951","8212","Карбонізаторник (виробництво теплоізоляційних матеріалів)","cat_8212"
"pc_06952","8212","Контролер волокнистоцементних виробів","cat_8212"
"pc_06953","8212","Контролер бетонних та залізобетонних виробів і конструкцій","cat_8212"
"pc_06954","8212","Контролер виробів з каменю","cat_8212"
"pc_06955","8212","Контролер теплоізоляційних виробів","cat_8212"
"pc_06956","8212","Кочегар сушильних барабанів","cat_8212"
"pc_06957","8212","Лаковар","cat_8212"
"pc_06958","8212","Машиніст гвинтових насосів (фулерувальник)","cat_8212"
"pc_06959","8212","Машиніст гранулятора","cat_8212"
"pc_06960","8212","Машиніст кальцинаторів","cat_8212"
"pc_06961","8212","Машиніст лаконаносної машини","cat_8212"
"pc_06962","8212","Машиніст листоформувальної машини","cat_8212"
"pc_06963","8212","Машиніст (випалювач) обертових печей","cat_8212"
"pc_06964","8212","Машиніст (випалювач) шахтових печей","cat_8212"
"pc_06965","8212","Машиніст устаткування конвеєрних та потокових ліній","cat_8212"
"pc_06966","8212","Машиніст пневматичних насосів","cat_8212"
"pc_06967","8212","Машиніст самохідної газорозчиномішалки","cat_8212"
"pc_06968","8212","Машиніст слюдопласторобної машини","cat_8212"
"pc_06969","8212","Машиніст сушильних агрегатів","cat_8212"
"pc_06970","8212","Машиніст установки для випробування залізобетонних виробів і конструкцій","cat_8212"
"pc_06971","8212","Машиніст формувального агрегата","cat_8212"
"pc_06972","8212","Машиніст шламових насосів","cat_8212"
"pc_06973","8212","Мозаїст","cat_8212"
"pc_06974","8212","Моторист бетонозмішувальних установок","cat_8212"
"pc_06975","8212","Моторист передавального візка","cat_8212"
"pc_06976","8212","Моторист змішувача та мішалки","cat_8212"
"pc_06977","8212","Моторист установки для перекачування бітуму","cat_8212"
"pc_06978","8212","Моторист холодильного барабана","cat_8212"
"pc_06979","8212","Насипальник цементу","cat_8212"
"pc_06980","8212","Обшивальник циліндрів","cat_8212"
"pc_06981","8212","Оператор автоматизованої лінії теплоізоляції труб","cat_8212"
"pc_06982","8212","Оператор гофрувально-стосувального агрегата","cat_8212"
"pc_06983","8212","Оператор гранулювання мінеральної вати","cat_8212"
"pc_06984","8212","Оператор заготівельного відділення","cat_8212"
"pc_06985","8212","Оператор завантажувальної та розвантажувальної установки","cat_8212"
"pc_06986","8212","Оператор виготовлення азбосталевого полотна","cat_8212"
"pc_06987","8212","Оператор конвеєрної лінії устаткування","cat_8212"
"pc_06988","8212","Оператор пульта керування у виробництві стінових виробів","cat_8212"
"pc_06989","8212","Оператор пульта керування устаткуванням дробильно-сортувальної лінії","cat_8212"
"pc_06990","8212","Оператор пульта керування устаткуванням залізобетонного виробництва","cat_8212"
"pc_06991","8212","Оператор стана з прокатки гіпсобетонних панелей","cat_8212"
"pc_06992","8212","Оператор трубчастої печі","cat_8212"
"pc_06993","8212","Оператор укладальника-розбирача волокнистоцементних виробів","cat_8212"
"pc_06994","8212","Оператор приготування соляного розчину (дорожньо-будівельні роботи)","cat_8212"
"pc_06995","8212","Оператор установки волокноутворення","cat_8212"
"pc_06996","8212","Оператор установки мінераловатних циліндрів","cat_8212"
"pc_06997","8212","Оператор установок для теплового оброблення бетону","cat_8212"
"pc_06998","8212","Оператор установки теплоізоляційного шнура","cat_8212"
"pc_06999","8212","Скляр резисторів","cat_8212"
"pc_07000","8212","Обробник залізобетонних виробів","cat_8212"
"pc_07001","8212","Перекристалізаторник","cat_8212"
"pc_07002","8212","Перфораторник (виробництво азбестових технічних виробів)","cat_8212"
"pc_07003","8212","Пресувальник волокнистоцементних виробів","cat_8212"
"pc_07004","8212","Пресувальник асфальтових плиток","cat_8212"
"pc_07005","8212","Пресувальник гарячого формування","cat_8212"
"pc_07006","8212","Пресувальник виробів електронної техніки","cat_8212"
"pc_07007","8212","Пресувальник міканіту та мікалексу","cat_8212"
"pc_07008","8212","Пресувальник слюдопластів","cat_8212"
"pc_07009","8212","Пресувальник стінових виробів","cat_8212"
"pc_07010","8212","Пресувальник теплоізоляційних виробів","cat_8212"
"pc_07011","8212","Прокатник слюди","cat_8212"
"pc_07012","8212","Пропарювач азбестоцементних та азбестосилітових виробів","cat_8212"
"pc_07013","8212","Просочувальник слюдопластових матеріалів","cat_8212"
"pc_07014","8212","Розпалубщик теплоізоляційних та акустичних виробів","cat_8212"
"pc_07015","8212","Різальник волокнистоцементних виробів","cat_8212"
"pc_07016","8212","Різальник бетонних та залізобетонних виробів","cat_8212"
"pc_07017","8212","Різальник теплоізоляційних та акустичних виробів","cat_8212"
"pc_07018","8212","Складальник залізобетонних конструкцій","cat_8212"
"pc_07019","8212","Сортувальник вапна","cat_8212"
"pc_07020","8212","Сушильник азбестоцементних виробів","cat_8212"
"pc_07021","8212","Сушильник заповнювачів","cat_8212"
"pc_07022","8212","Сушильник посилальних матеріалів","cat_8212"
"pc_07023","8212","Сушильник теплоізоляційних виробів","cat_8212"
"pc_07024","8212","Знімач теплоізоляційних виробів","cat_8212"
"pc_07025","8212","Знімач-укладальник волокнистоцементних виробів","cat_8212"
"pc_07026","8212","Знімач-укладальник асфальтових плиток","cat_8212"
"pc_07027","8212","Терміст з оброблення слюди","cat_8212"
"pc_07028","8212","Тунельник (обробка каменю та виробництво каменеливарних виробів)","cat_8212"
"pc_07029","8212","Транспортувальник гарячого клінкеру","cat_8212"
"pc_07030","8212","Формувальник волокнистоцементних виробів","cat_8212"
"pc_07031","8212","Формувальник асфальтових плиток","cat_8212"
"pc_07032","8212","Формувальник у виробництві стінових та в'яжучих матеріалів","cat_8212"
"pc_07033","8212","Формувальник залізобетонних виробів та конструкцій","cat_8212"
"pc_07034","8212","Формувальник каменеливарного виробництва","cat_8212"
"pc_07035","8212","Формувальник радіокераміки","cat_8212"
"pc_07036","8212","Формувальник теплоізоляційних виробів","cat_8212"
"pc_07037","8212","Формувальник фільтр-пластин","cat_8212"
"pc_07038","8212","Чистильник з очищення пилових камер","cat_8212"
"pc_07039","8212","Шихтовар","cat_8212"
"pc_07040","8212","Шліфувальник волокнистоцементних виробів","cat_8212"
"pc_07041","8212","Шліфувальник водорозчинних кристалів","cat_8212"
"pc_07042","8212","Шліфувальник виробів електронної техніки","cat_8212"
"pc_07043","8212","Шліфувальник п'єзокварцових пластин і кристалів","cat_8212"
"pc_07044","8212","Штампувальник виробів із слюди","cat_8212"
"pc_07045","8220","Лаборант (оптичні методи)","cat_8220"
"pc_07046","8220","Оператор устаткування з виробництва сірників","cat_8220"
"pc_07047","8221","Автоматник холодновисаджувальних автоматів","cat_8221"
"pc_07048","8221","Апаратник вакуум-сушильної установки","cat_8221"
"pc_07049","8221","Апаратник декарбоксилування","cat_8221"
"pc_07050","8221","Апаратник енолізації","cat_8221"
"pc_07051","8221","Апаратник виробництва рентгенівських екранів","cat_8221"
"pc_07052","8221","Апаратник йодування","cat_8221"
"pc_07053","8221","Апаратник іонного обміну","cat_8221"
"pc_07054","8221","Апаратник іонообмінного очищення хіміко-фармацевтичних препаратів","cat_8221"
"pc_07055","8221","Апаратник миловаріння","cat_8221"
"pc_07056","8221","Апаратник насичення","cat_8221"
"pc_07057","8221","Апаратник оксихлорування","cat_8221"
"pc_07058","8221","Апаратник перколяції","cat_8221"
"pc_07059","8221","Апаратник одержання закису азоту","cat_8221"
"pc_07060","8221","Апаратник одержання комплексних сполук","cat_8221"
"pc_07061","8221","Апаратник одержання сильнодіючих алкалоїдів та кристалічних глікозидів","cat_8221"
"pc_07062","8221","Апаратник одержання синтетичних гормонів","cat_8221"
"pc_07063","8221","Апаратник одержання сполук для рентгенівських екранів","cat_8221"
"pc_07064","8221","Апаратник приготування зуболікарських матеріалів","cat_8221"
"pc_07065","8221","Апаратник приготування косметичних засобів","cat_8221"
"pc_07066","8221","Апаратник приготування медичних мас та мазей","cat_8221"
"pc_07067","8221","Апаратник приготування парфумерних композицій та рідин","cat_8221"
"pc_07068","8221","Апаратник приготування стерильних розчинів","cat_8221"
"pc_07069","8221","Апаратник виробництва бактерійних препаратів","cat_8221"
"pc_07070","8221","Апаратник виробництва гематогену та медичної жовчі","cat_8221"
"pc_07071","8221","Апаратник виробництва ферментів та плазмозамінних препаратів","cat_8221"
"pc_07072","8221","Апаратник солеутворення","cat_8221"
"pc_07073","8221","Апаратник варіння живильного середовища","cat_8221"
"pc_07074","8221","Апаратник стерилізації","cat_8221"
"pc_07075","8221","Апаратник ферментації препаратів біосинтезу","cat_8221"
"pc_07076","8221","Апаратник фотохімічного синтезу","cat_8221"
"pc_07077","8221","Апаратник хімічного очищення препаратів біосинтезу","cat_8221"
"pc_07078","8221","Апаратник циклізації","cat_8221"
"pc_07079","8221","Вальцювальник косметичної маси","cat_8221"
"pc_07080","8221","Варник косметичної маси","cat_8221"
"pc_07081","8221","Варник екстракту солодкового кореня","cat_8221"
"pc_07082","8221","Гранулювальник (виробництво медикаментів)","cat_8221"
"pc_07083","8221","Заготівник основи для мийних засобів","cat_8221"
"pc_07084","8221","Заготівник напівфабрикатів перев'язувальних матеріалів","cat_8221"
"pc_07085","8221","Закупорювач медичної продукції","cat_8221"
"pc_07086","8221","Закладач хірургічного шовного матеріалу","cat_8221"
"pc_07087","8221","Запаювальник ампул","cat_8221"
"pc_07088","8221","Зарядник інгаляторів","cat_8221"
"pc_07089","8221","Виробник вітамінних соків","cat_8221"
"pc_07090","8221","Виробник гіпсових бинтів","cat_8221"
"pc_07091","8221","Виробник кетгуту","cat_8221"
"pc_07092","8221","Виробник пробок","cat_8221"
"pc_07093","8221","Калібрувальник виробів лікувального призначення","cat_8221"
"pc_07094","8221","Капілярник","cat_8221"
"pc_07095","8221","Комплектувальник напівфабрикатів медичних виробів","cat_8221"
"pc_07096","8221","Контролер продукції медичного призначення","cat_8221"
"pc_07097","8221","Кріпильник мандрен","cat_8221"
"pc_07098","8221","Лаборант з вирощування медичних п'явок","cat_8221"
"pc_07099","8221","Лаборант виробництва бактерійних препаратів","cat_8221"
"pc_07100","8221","Ланолінник","cat_8221"
"pc_07101","8221","Машиніст сублімаційних установок","cat_8221"
"pc_07102","8221","Машиніст-таблетувальник","cat_8221"
"pc_07103","8221","Машиніст трамбовки","cat_8221"
"pc_07104","8221","Мийник посуду й ампул","cat_8221"
"pc_07105","8221","Наповнювач ампул","cat_8221"
"pc_07106","8221","Оброблювач дротів","cat_8221"
"pc_07107","8221","Оператор лінії виробництва мила","cat_8221"
"pc_07108","8221","Оператор мийної установки","cat_8221"
"pc_07109","8221","Оператор наповнення шприц-тюбиків","cat_8221"
"pc_07110","8221","Плавильник (виробництво медикаментів)","cat_8221"
"pc_07111","8221","Препаратор виробництва біосинтетичних лікувальних засобів","cat_8221"
"pc_07112","8221","Препаратор виробництва склоподібного тіла","cat_8221"
"pc_07113","8221","Пресувальник перев'язувальних матеріалів","cat_8221"
"pc_07114","8221","Пресувальник-формувальник харчової продукції (виробництво мила та косметики)","cat_8221"
"pc_07115","8221","Готувач розчинів барвників","cat_8221"
"pc_07116","8221","Промивальник гідроксалу","cat_8221"
"pc_07117","8221","Переглядач ампул з ін'єкційними розчинами","cat_8221"
"pc_07118","8221","Переглядач продукції медичного призначення","cat_8221"
"pc_07119","8221","Розливальник стерильних розчинів","cat_8221"
"pc_07120","8221","Розмелювач вірусної тканини та бактеріальної маси","cat_8221"
"pc_07121","8221","Ростильник грибниці","cat_8221"
"pc_07122","8221","Різальник ампул і трубок","cat_8221"
"pc_07123","8221","Різальник напівфабрикатів виробів медичного призначення","cat_8221"
"pc_07124","8221","Різальник сировини","cat_8221"
"pc_07125","8221","Складальник перев'язувальних матеріалів","cat_8221"
"pc_07126","8221","Складальник продукції в аерозольному пакуванні (виробництво фармацевтичних продуктів та косметичних засобів)","cat_8221"
"pc_07127","8221","Готувач суміші мийних засобів","cat_8221"
"pc_07128","8221","Варильник живильного середовища","cat_8221"
"pc_07129","8221","Стабілізаторник-дефібринувальник крові","cat_8221"
"pc_07130","8221","Верстатник з оброблення кераміки","cat_8221"
"pc_07131","8221","Стерилізаторник матеріалів та препаратів","cat_8221"
"pc_07132","8221","Термостатник (виробництво медикаментів, вітамінів, медичних препаратів і матеріалів)","cat_8221"
"pc_07133","8221","Укладальник продукції медичного призначення","cat_8221"
"pc_07134","8221","Фіксаторник","cat_8221"
"pc_07135","8221","Формувальник медичних препаратів, напівфабрикатів і виробів","cat_8221"
"pc_07136","8221","Формувальник пенальної косметики","cat_8221"
"pc_07137","8221","Центрифугувальник (виробництво медикаментів)","cat_8221"
"pc_07138","8221","Шліфувальник медичних виробів","cat_8221"
"pc_07139","8221","Шпредингіст","cat_8221"
"pc_07140","8222","Апаратник з вироблення сухої сірникової соломки","cat_8222"
"pc_07141","8222","Виготовлювач спеціальних сірників","cat_8222"
"pc_07142","8222","Оператор автоматичної лінії вироблення сірників","cat_8222"
"pc_07143","8222","Оператор коробконабивального верстата","cat_8222"
"pc_07144","8222","Оператор сірникових автоматів","cat_8222"
"pc_07145","8222","Оператор верстата для укладання розсипних сірників","cat_8222"
"pc_07146","8223","Контролер спеціальних теплозахисних покриттів","cat_8223"
"pc_07147","8223","Травильник розмірного травлення","cat_8223"
"pc_07148","8223","Алюмініювальник","cat_8223"
"pc_07149","8223","Алюмініювальник електротехнічних виробів","cat_8223"
"pc_07150","8223","Антикорозійних","cat_8223"
"pc_07151","8223","Апаратник на виготовленні мікропроводів у скляній ізоляції","cat_8223"
"pc_07152","8223","Апаратник нікелювання склотканини","cat_8223"
"pc_07153","8223","Апаратник електролітичного знежирення","cat_8223"
"pc_07154","8223","Асфальтувальник труб","cat_8223"
"pc_07155","8223","Бакелітник (просочувальник)","cat_8223"
"pc_07156","8223","Воронувальник","cat_8223"
"pc_07157","8223","Гальванік","cat_8223"
"pc_07158","8223","Заправник емалевих шлікерів","cat_8223"
"pc_07159","8223","Контролер робіт на металопокриттях","cat_8223"
"pc_07160","8223","Контролер емалевого покриття","cat_8223"
"pc_07161","8223","Коректувальник ванн","cat_8223"
"pc_07162","8223","Лакувальник жерсті й труб","cat_8223"
"pc_07163","8223","Лакувальник туб","cat_8223"
"pc_07164","8223","Лудильник гарячим способом","cat_8223"
"pc_07165","8223","Лудильник (оцинковувач) електролітичним методом","cat_8223"
"pc_07166","8223","Лудильник дроту","cat_8223"
"pc_07167","8223","Машиніст лакувальних машин (бляшано-банкове та тубне виробництва)","cat_8223"
"pc_07168","8223","Металізатор","cat_8223"
"pc_07169","8223","Мийник-сушильник металу","cat_8223"
"pc_07170","8223","Наплавник пластмаси","cat_8223"
"pc_07171","8223","Випалювач емалі","cat_8223"
"pc_07172","8223","Оброблювач заготовок для туб","cat_8223"
"pc_07173","8223","Оброблювач емальованих виробів","cat_8223"
"pc_07174","8223","Оператор-гальванік на автоматичних та напівавтоматичних лініях","cat_8223"
"pc_07175","8223","Оператор конвеєрних печей","cat_8223"
"pc_07176","8223","Оператор фарбувально-сушильної лінії та агрегата","cat_8223"
"pc_07177","8223","Оператор поста керування агрегатами безперервного травлення, знежирення, лудіння, оцинкування, лакування та відпалювання","cat_8223"
"pc_07178","8223","Оператор установок для нанесення покриттів у вакуумі","cat_8223"
"pc_07179","8223","Обпресувальник кабелів та проводів пластиками та гумою","cat_8223"
"pc_07180","8223","Обпресувальник кабелів свинцем чи алюмінієм","cat_8223"
"pc_07181","8223","Освинцювальник","cat_8223"
"pc_07182","8223","Відпальник виробів","cat_8223"
"pc_07183","8223","Оцинковувач гарячим способом","cat_8223"
"pc_07184","8223","Оцинковувач-хромувальник дифузійним способом","cat_8223"
"pc_07185","8223","Плакувальник виробів","cat_8223"
"pc_07186","8223","Плакувальник полімерних матеріалів на метал","cat_8223"
"pc_07187","8223","Готувач розподілювальної пасти","cat_8223"
"pc_07188","8223","Готувач електроліту та флюсу","cat_8223"
"pc_07189","8223","Знімач-змивальник фарб і лаків","cat_8223"
"pc_07190","8223","Травильник","cat_8223"
"pc_07191","8223","Установник виробів в емалюванні","cat_8223"
"pc_07192","8223","Фосфатувальник","cat_8223"
"pc_07193","8223","Чорнильник","cat_8223"
"pc_07194","8223","Шоопувальник елементів","cat_8223"
"pc_07195","8223","Електролізник із знімання олова з жерсті","cat_8223"
"pc_07196","8223","Електрополірувальник","cat_8223"
"pc_07197","8223","Емалювальник (емалювання)","cat_8223"
"pc_07198","8223","Емалювальник дроту","cat_8223"
"pc_07199","8224","Монтажник фотокомплекту ""Момент""","cat_8224"
"pc_07200","8224","Оператор проекційного та звукового устаткування","cat_8224"
"pc_07201","8224","Складальник аудіо- та відеокасет","cat_8224"
"pc_07202","8224","Автоматник в'язальних автоматів","cat_8224"
"pc_07203","8224","Апаратник-дозувальник на виготовленні й поливанні фотоемульсії","cat_8224"
"pc_07204","8224","Апаратник дублення та сушіння білкової оболонки","cat_8224"
"pc_07205","8224","Апаратник желатинування","cat_8224"
"pc_07206","8224","Апаратник жироочищення","cat_8224"
"pc_07207","8224","Апаратник зоління","cat_8224"
"pc_07208","8224","Апаратник виготовлення баритмаси","cat_8224"
"pc_07209","8224","Апаратник калібрування","cat_8224"
"pc_07210","8224","Апаратник кислотного оброблення спилка","cat_8224"
"pc_07211","8224","Апаратник-відливальник кінофотооснови і техплівок","cat_8224"
"pc_07212","8224","Апаратник-відливальник магнітних стрічок","cat_8224"
"pc_07213","8224","Апаратник-відливальник плівки бутафоль","cat_8224"
"pc_07214","8224","Апаратник-підшарувальник фотоскла","cat_8224"
"pc_07215","8224","Апаратник-поливальник магнітних стрічок","cat_8224"
"pc_07216","8224","Апаратник-поливальник фотоемульсії","cat_8224"
"pc_07217","8224","Апаратник приготування проявної пасти","cat_8224"
"pc_07218","8224","Апаратник приготування ферментного препарату","cat_8224"
"pc_07219","8224","Апаратник виробництва синтетичних барвників","cat_8224"
"pc_07220","8224","Апаратник сушіння та окислення магнетиту","cat_8224"
"pc_07221","8224","Вагонетник","cat_8224"
"pc_07222","8224","Вимірювач білкової оболонки","cat_8224"
"pc_07223","8224","Кладильник скла на поливну машину","cat_8224"
"pc_07224","8224","Комплектувальник фільмокопій","cat_8224"
"pc_07225","8224","Контролер-візитажник","cat_8224"
"pc_07226","8224","Контролер плівки, розчинів і фільмових матеріалів","cat_8224"
"pc_07227","8224","Контролер світлочутливих виробів","cat_8224"
"pc_07228","8224","Копіювальник фільмових матеріалів","cat_8224"
"pc_07229","8224","Машиніст гідротипного виробництва","cat_8224"
"pc_07230","8224","Машиніст формувальних машин","cat_8224"
"pc_07231","8224","Оператор магнітного запису","cat_8224"
"pc_07232","8224","Оператор пульта керування кіноустановкою","cat_8224"
"pc_07233","8224","Оператор фотоавтоматів","cat_8224"
"pc_07234","8224","Обробник кінофотоматеріалів","cat_8224"
"pc_07235","8224","Перфораторник магнітних стрічок","cat_8224"
"pc_07236","8224","Готувач початкового матеріалу","cat_8224"
"pc_07237","8224","Поливальник-лакувальник фотоматеріалів","cat_8224"
"pc_07238","8224","Поливальник магнітних доріжок","cat_8224"
"pc_07239","8224","Поливальник світлофільтрів","cat_8224"
"pc_07240","8224","Проявляч кіноплівки","cat_8224"
"pc_07241","8224","Різальник магнітних стрічок","cat_8224"
"pc_07242","8224","Різальник неемульсованих плівок","cat_8224"
"pc_07243","8224","Реставратор фільмових матеріалів","cat_8224"
"pc_07244","8224","Світлокопіювальник","cat_8224"
"pc_07245","8224","Укладач колагенової маси","cat_8224"
"pc_07246","8224","Сушильник плівки бутафоль","cat_8224"
"pc_07247","8224","Знімач политого скла та фотопластинок","cat_8224"
"pc_07248","8224","Установник кольору та світла","cat_8224"
"pc_07249","8224","Фотограф прецизійної фотолітографії","cat_8224"
"pc_07250","8224","Фотограф фотомеханічного гравірування","cat_8224"
"pc_07251","8224","Фотолаборант","cat_8224"
"pc_07252","8224","Штампувальник коректувальних світлофільтрів","cat_8224"
"pc_07253","8224","Електрокопіювальник","cat_8224"
"pc_07254","8224","Електролізерник","cat_8224"
"pc_07255","8224","Фотограф (поліграфічне виробництво)","cat_8224"
"pc_07256","8229","Виготовлювач корпусів і обтікачів (спеціальні хімічні виробництва)","cat_8229"
"pc_07257","8229","Виготовлювач оправ спеціальних виробів","cat_8229"
"pc_07258","8229","Виготовлювач паперових гільз (спеціальні хімічні виробництва)","cat_8229"
"pc_07259","8229","Виготовлювач спеціальних виробів (спеціальні хімічні виробництва)","cat_8229"
"pc_07260","8229","Виготовлювач чохлів","cat_8229"
"pc_07261","8229","Випробувач боєприпасів","cat_8229"
"pc_07262","8229","Випробувач елементів боєприпасів, вибухових речовин та піротехнічних виробів (спеціальні хімічні виробництва)","cat_8229"
"pc_07263","8229","Комірник спеціальних виробів (спеціальні хімічні виробництва)","cat_8229"
"pc_07264","8229","Комплектувальник спеціальних виробів (спеціальні хімічні виробництва)","cat_8229"
"pc_07265","8229","Контролер виробів капсульного виробництва (спеціальні хімічні виробництва)","cat_8229"
"pc_07266","8229","Контролер виробництва пороху та вибухових речовин (спеціальні хімічні виробництва)","cat_8229"
"pc_07267","8229","Лакувальник-фарбувальник (спеціальні хімічні виробництва)","cat_8229"
"pc_07268","8229","Насипальник-вагар (спеціальні хімічні виробництва)","cat_8229"
"pc_07269","8229","Пакувальник спеціальних виробів (спеціальні хімічні виробництва)","cat_8229"
"pc_07270","8229","Пресувальник (спеціальні хімічні виробництва)","cat_8229"
"pc_07271","8229","Протиральник-промивальник (спеціальні хімічні виробництва)","cat_8229"
"pc_07272","8229","Складальник боєприпасів (спеціальні хімічні виробництва)","cat_8229"
"pc_07273","8229","Складальник виробів капсульного виробництва (спеціальні хімічні виробництва)","cat_8229"
"pc_07274","8229","Складальник зарядів (спеціальні хімічні виробництва)","cat_8229"
"pc_07275","8229","Чистильник спеціальних виробів (спеціальні хімічні виробництва)","cat_8229"
"pc_07276","8229","Чистильник-мийник (спеціальні хімічні виробництва)","cat_8229"
"pc_07277","8229","Автоматник клеїльних напівавтоматів","cat_8229"
"pc_07278","8229","Апаратник на просочувальних агрегатах","cat_8229"
"pc_07279","8229","Вальцювальник гідроізоляційних матеріалів","cat_8229"
"pc_07280","8229","Ґрунтувальник","cat_8229"
"pc_07281","8229","Дозувальник волокна та плівки","cat_8229"
"pc_07282","8229","Заточувальник олівців, стрижнів та паличок","cat_8229"
"pc_07283","8229","Виробник ранту","cat_8229"
"pc_07284","8229","Виробник свічок","cat_8229"
"pc_07285","8229","Виробник сінелі","cat_8229"
"pc_07286","8229","Каландрувальник (хімічне виробництво)","cat_8229"
"pc_07287","8229","Калібрувальник олівцевих дощечок","cat_8229"
"pc_07288","8229","Комплектувальник олівців та стрижнів","cat_8229"
"pc_07289","8229","Контролер (хімічне виробництво)","cat_8229"
"pc_07290","8229","Контролер покрівельних та гідроізоляційних матеріалів","cat_8229"
"pc_07291","8229","Фарбувальник (хімічне виробництво)","cat_8229"
"pc_07292","8229","Фарбувальник олівців","cat_8229"
"pc_07293","8229","Лаборант-кристалооптик","cat_8229"
"pc_07294","8229","Лаборант-мікробіолог","cat_8229"
"pc_07295","8229","Лаборант мінералогічного аналізу","cat_8229"
"pc_07296","8229","Лаборант з аналізу газів та пилу","cat_8229"
"pc_07297","8229","Лаборант з аналізу люмінофорів","cat_8229"
"pc_07298","8229","Лаборант-полярографіст","cat_8229"
"pc_07299","8229","Лаборант хіміко-бактеріологічного аналізу","cat_8229"
"pc_07300","8229","Лакувальник","cat_8229"
"pc_07301","8229","Машиніст агрегата вироблення штучної шкіри","cat_8229"
"pc_07302","8229","Машиніст валькознімальної машини","cat_8229"
"pc_07303","8229","Машиніст двоїльної машини (виробництво штучної шкіри)","cat_8229"
"pc_07304","8229","Машиніст фарбувального та вулканізаційного устаткування","cat_8229"
"pc_07305","8229","Машиніст лінії нанесення точкового полімерного покриття","cat_8229"
"pc_07306","8229","Машиніст м'якшильної машини","cat_8229"
"pc_07307","8229","Машиніст термостабілізаційної машини","cat_8229"
"pc_07308","8229","Машиніст шпрединг-машини","cat_8229"
"pc_07309","8229","Машиніст шприц-машини","cat_8229"
"pc_07310","8229","Намотувальник рулонів","cat_8229"
"pc_07311","8229","Нейтралізаторник хромової стружки","cat_8229"
"pc_07312","8229","Обривальник волокна","cat_8229"
"pc_07313","8229","Окантувальник кіноекранів","cat_8229"
"pc_07314","8229","Оператор автоматичної лінії вироблення білого олівця","cat_8229"
"pc_07315","8229","Оператор автоматів складання олівців","cat_8229"
"pc_07316","8229","Оператор вальцювальної лінії","cat_8229"
"pc_07317","8229","Оператор з виробництва лінолеуму","cat_8229"
"pc_07318","8229","Оператор потокової лінії підготовки основи штучної шкіри","cat_8229"
"pc_07319","8229","Оператор розмотувально-склеювального верстата","cat_8229"
"pc_07320","8229","Оператор вузла посипання та охолодження","cat_8229"
"pc_07321","8229","Обробник штучного каракулю","cat_8229"
"pc_07322","8229","Обробник олівців на автоматі","cat_8229"
"pc_07323","8229","Віджимач маси","cat_8229"
"pc_07324","8229","Друкар на лінолеумі","cat_8229"
"pc_07325","8229","Пресувальник (хімічне виробництво)","cat_8229"
"pc_07326","8229","Пресувальник олівцевих блоків","cat_8229"
"pc_07327","8229","Приймальник сировини, напівфабрикатів та готової продукції","cat_8229"
"pc_07328","8229","Проклеювач маси","cat_8229"
"pc_07329","8229","Розкатник стрижнів","cat_8229"
"pc_07330","8229","Різальник матеріалів","cat_8229"
"pc_07331","8229","Різальник ниток стрижнів","cat_8229"
"pc_07332","8229","Складальник продукції в аерозольному пакуванні (хімічне виробництво)","cat_8229"
"pc_07333","8229","Згущувач шкіроволокнистої маси","cat_8229"
"pc_07334","8229","Склеювач","cat_8229"
"pc_07335","8229","Сортувальник (хімічне виробництво)","cat_8229"
"pc_07336","8229","Сортувальник у виробництві олівців","cat_8229"
"pc_07337","8229","Сушильник лінолеуму","cat_8229"
"pc_07338","8229","Таблетувальник","cat_8229"
"pc_07339","8229","Витискувач малюнка","cat_8229"
"pc_07340","8229","Зволожувальник шкіряних картонів","cat_8229"
"pc_07341","8229","Укладальник синелі","cat_8229"
"pc_07342","8229","Формувальник брикетів","cat_8229"
"pc_07343","8229","Хлоропровідник","cat_8229"
"pc_07344","8229","Шліфувальник штучної шкіри","cat_8229"
"pc_07345","8229","Шліфувальник стрижнів","cat_8229"
"pc_07346","8229","Штемпелювальник олівців","cat_8229"
"pc_07347","8229","Відбірник проб (спеціальні хімічні виробництва)","cat_8229"
"pc_07348","8231","Оператор подавання наповнювачів","cat_8231"
"pc_07349","8231","Різальник еластомерів, гумових та азбестових виробів","cat_8231"
"pc_07350","8231","Апаратник вулканізації","cat_8231"
"pc_07351","8231","Апаратник виготовлення гумових ниток","cat_8231"
"pc_07352","8231","Апаратник приготування латексної суміші","cat_8231"
"pc_07353","8231","Апаратник приготування гумових клеїв та покриттів","cat_8231"
"pc_07354","8231","Балансувальник шин","cat_8231"
"pc_07355","8231","Вальцювальник гумових сумішей","cat_8231"
"pc_07356","8231","Звивальник кілець","cat_8231"
"pc_07357","8231","Вставник камер","cat_8231"
"pc_07358","8231","Вулканізаторник","cat_8231"
"pc_07359","8231","Виймальник варильних камер","cat_8231"
"pc_07360","8231","Вирубник заготовок та виробів","cat_8231"
"pc_07361","8231","Гофрувальник трубок","cat_8231"
"pc_07362","8231","Грануляторник","cat_8231"
"pc_07363","8231","Гумівник металовиробів","cat_8231"
"pc_07364","8231","Девулканізаторник","cat_8231"
"pc_07365","8231","Дублювальник","cat_8231"
"pc_07366","8231","Заготівник бинта","cat_8231"
"pc_07367","8231","Заготівник каркаса спортивних велошин","cat_8231"
"pc_07368","8231","Заготівник зразків для випробування шин","cat_8231"
"pc_07369","8231","Заготівник гумових виробів та деталей","cat_8231"
"pc_07370","8231","Заготівник такелажу інженерного майна","cat_8231"
"pc_07371","8231","Заготівник шиноремонтних матеріалів","cat_8231"
"pc_07372","8231","Заготівник шприцьованих деталей для шин","cat_8231"
"pc_07373","8231","Закрійник гумових виробів та деталей","cat_8231"
"pc_07374","8231","Виготовлювач кілець","cat_8231"
"pc_07375","8231","Виготовлювач мочаних виробів","cat_8231"
"pc_07376","8231","Виготовлювач молдингів","cat_8231"
"pc_07377","8231","Ізолювальник кілець","cat_8231"
"pc_07378","8231","Ізолювальник крайок обгумованого корду","cat_8231"
"pc_07379","8231","Випробувач кілець","cat_8231"
"pc_07380","8231","Випробувач гумових виробів","cat_8231"
"pc_07381","8231","Каландрувальник на обгумуванні металокордного полотна","cat_8231"
"pc_07382","8231","Каландрувальник гумових сумішей","cat_8231"
"pc_07383","8231","Клеїльник гумових, полімерних деталей та виробів","cat_8231"
"pc_07384","8231","Контролер шинного виробництва","cat_8231"
"pc_07385","8231","Машиніст автокамерного агрегата","cat_8231"
"pc_07386","8231","Машиніст агрегата виготовлення стиральної гумки","cat_8231"
"pc_07387","8231","Машиніст агрегата виготовлення навивальних рукавів","cat_8231"
"pc_07388","8231","Машиніст каландра (виробництво продукції з гуми)","cat_8231"
"pc_07389","8231","Машиніст клейового агрегата","cat_8231"
"pc_07390","8231","Машиніст обплітальної машини","cat_8231"
"pc_07391","8231","Машиніст передформувальника","cat_8231"
"pc_07392","8231","Машиніст просочувального агрегата","cat_8231"
"pc_07393","8231","Машиніст протекторного агрегата","cat_8231"
"pc_07394","8231","Машиніст розплітальної машини","cat_8231"
"pc_07395","8231","Машиніст гумозмішувача","cat_8231"
"pc_07396","8231","Машиніст сквиджового верстата","cat_8231"
"pc_07397","8231","Машиніст стрейнера","cat_8231"
"pc_07398","8231","Модельник гумового взуття","cat_8231"
"pc_07399","8231","Мийник покришок","cat_8231"
"pc_07400","8231","Навивальник металокордного полотна","cat_8231"
"pc_07401","8231","Накатник","cat_8231"
"pc_07402","8231","Налагоджувальник устаткування для виробництва гумових виробів та взуття","cat_8231"
"pc_07403","8231","Намазувальник деталей","cat_8231"
"pc_07404","8231","Нормалізаторник","cat_8231"
"pc_07405","8231","Випалювач масивних шин","cat_8231"
"pc_07406","8231","Оброблювач вентилів","cat_8231"
"pc_07407","8231","Оброблювач матеріалів латексом","cat_8231"
"pc_07408","8231","Оброблювач гумових виробів","cat_8231"
"pc_07409","8231","Обрізувач гумових виробів","cat_8231"
"pc_07410","8231","Обрубувач облою","cat_8231"
"pc_07411","8231","Фарбувальник гумових виробів","cat_8231"
"pc_07412","8231","Оператор з виготовлення гумових сумішей","cat_8231"
"pc_07413","8231","Оператор з перезарядження транспортних систем","cat_8231"
"pc_07414","8231","Оператор з термооброблення корду","cat_8231"
"pc_07415","8231","Віджимач повітря та вологи з камер","cat_8231"
"pc_07416","8231","Перезарядник складальних верстатів","cat_8231"
"pc_07417","8231","Перезарядник установки декристалізації каучуку","cat_8231"
"pc_07418","8231","Перекочувач тканини та прокладки","cat_8231"
"pc_07419","8231","Пластикаторник","cat_8231"
"pc_07420","8231","Готувач камер та рукавів","cat_8231"
"pc_07421","8231","Піддувальник виробів","cat_8231"
"pc_07422","8231","Правильник дроту та плетінки","cat_8231"
"pc_07423","8231","Пресувальник-вулканізаторник","cat_8231"
"pc_07424","8231","Пресувальник-освинцювальник рукавів","cat_8231"
"pc_07425","8231","Приймальник покришок","cat_8231"
"pc_07426","8231","Пропалювач медичних виробів","cat_8231"
"pc_07427","8231","Рафінувальник","cat_8231"
"pc_07428","8231","Ремонтувальник гумових виробів","cat_8231"
"pc_07429","8231","Складач наважок інгредієнтів","cat_8231"
"pc_07430","8231","Стикувальник смуг","cat_8231"
"pc_07431","8231","Сушильник девулканізату","cat_8231"
"pc_07432","8231","Знімач гумових виробів","cat_8231"
"pc_07433","8231","Знімач свинцевої оболонки з рукавів","cat_8231"
"pc_07434","8231","Термопластикаторник","cat_8231"
"pc_07435","8231","Фліперувач бортових кілець","cat_8231"
"pc_07436","8231","Формувальник покришок","cat_8231"
"pc_07437","8231","Холодильщик гумових сумішей","cat_8231"
"pc_07438","8231","Чистильник оснащення та пристроїв","cat_8231"
"pc_07439","8231","Шорсткувальник","cat_8231"
"pc_07440","8231","Штампувач гумового взуття","cat_8231"
"pc_07441","8231","Закочувач мочаних виробів","cat_8231"
"pc_07442","8232","Апаратник спінювання пінопластів","cat_8232"
"pc_07443","8232","Виготовлювач стрічки з фторопласту","cat_8232"
"pc_07444","8232","Виготовлювач спеціальних виробів з полімерних композиційних матеріалів намотуванням","cat_8232"
"pc_07445","8232","Слюсар з виготовлення деталей та зразків з полімерних композиційних матеріалів","cat_8232"
"pc_07446","8232","Слюсар-складальник спеціальних виробів з полімерних композиційних матеріалів","cat_8232"
"pc_07447","8232","Формувальник спеціальних виробів з полімерних композиційних матеріалів","cat_8232"
"pc_07448","8232","Апаратник ацеталювання (виробництво синтетичних смол, пластмас та їх перероблення)","cat_8232"
"pc_07449","8232","Апаратник бучення","cat_8232"
"pc_07450","8232","Апаратник спінювання полістиролу","cat_8232"
"pc_07451","8232","Апаратник висадження","cat_8232"
"pc_07452","8232","Апаратник гомогенізації пластичних мас","cat_8232"
"pc_07453","8232","Апаратник деструкції","cat_8232"
"pc_07454","8232","Апаратник дозрівання","cat_8232"
"pc_07455","8232","Апаратник виготовлення армованих пресувальних матеріалів","cat_8232"
"pc_07456","8232","Апаратник виготовлення нетканих скловолокнистих матеріалів","cat_8232"
"pc_07457","8232","Апаратник виготовлення орієнтованої плівки","cat_8232"
"pc_07458","8232","Апаратник виготовлення плівкових матеріалів методом поливу","cat_8232"
"pc_07459","8232","Апаратник виготовлення термопасти","cat_8232"
"pc_07460","8232","Апаратник напилення скловолокнистих матеріалів","cat_8232"
"pc_07461","8232","Апаратник облагороджування гексолу","cat_8232"
"pc_07462","8232","Апаратник оплавлення","cat_8232"
"pc_07463","8232","Апаратник орієнтації органічного скла","cat_8232"
"pc_07464","8232","Апаратник вибілювання","cat_8232"
"pc_07465","8232","Апаратник затвердіння","cat_8232"
"pc_07466","8232","Апаратник з виготовлення клейової нитки","cat_8232"
"pc_07467","8232","Апаратник приготування вологої міпори","cat_8232"
"pc_07468","8232","Апаратник приготування ламінованої плівки","cat_8232"
"pc_07469","8232","Апаратник приготування пасти","cat_8232"
"pc_07470","8232","Апаратник приготування полімеризаційної суміші","cat_8232"
"pc_07471","8232","Апаратник виробництва бакелітової плівки","cat_8232"
"pc_07472","8232","Апаратник виробництва поліімідної плівки","cat_8232"
"pc_07473","8232","Апаратник силіконування","cat_8232"
"pc_07474","8232","Апаратник спікання","cat_8232"
"pc_07475","8232","Апаратник стандартизації у виробництві пластичних мас","cat_8232"
"pc_07476","8232","Апаратник термовологого оброблення","cat_8232"
"pc_07477","8232","Апаратник термооброблення пластмасових виробів","cat_8232"
"pc_07478","8232","Апаратник форполімеризації","cat_8232"
"pc_07479","8232","Вініпластник","cat_8232"
"pc_07480","8232","Вибивальник блоків міпори","cat_8232"
"pc_07481","8232","Гофрувальник вініпласту","cat_8232"
"pc_07482","8232","Доводжувач деталей","cat_8232"
"pc_07483","8232","Заготівник плівки","cat_8232"
"pc_07484","8232","Заливальник форм полімеризаційною сумішшю","cat_8232"
"pc_07485","8232","Виготовлювач блоків пінополіуретану","cat_8232"
"pc_07486","8232","Виготовлювач декоративних елементів меблів","cat_8232"
"pc_07487","8232","Виготовлювач деталей та вузлів трубопроводів з пластмас","cat_8232"
"pc_07488","8232","Виготовлювач виробів із спінювальних матеріалів","cat_8232"
"pc_07489","8232","Виготовлювач виробів методом намотування","cat_8232"
"pc_07490","8232","Виготовлювач багатошарових панелей","cat_8232"
"pc_07491","8232","Виготовлювач пластмасової апаратури","cat_8232"
"pc_07492","8232","Виготовлювач пресувальних матеріалів","cat_8232"
"pc_07493","8232","Виробник сепараторів","cat_8232"
"pc_07494","8232","Виготовлювач склопластикових гребних гвинтів","cat_8232"
"pc_07495","8232","Виготовлювач склопластикових виробів намотуванням","cat_8232"
"pc_07496","8232","Виготовлювач труб","cat_8232"
"pc_07497","8232","Виготовлювач труб з фторопласту","cat_8232"
"pc_07498","8232","Виготовлювач форм (виробництво виробів з органічного скла)","cat_8232"
"pc_07499","8232","Виготовлювач художніх виробів з пластмас","cat_8232"
"pc_07500","8232","Виготовлювач целулоїдних кілець","cat_8232"
"pc_07501","8232","Виробник електроізоляційних трубок","cat_8232"
"pc_07502","8232","Випробувач скловолокнистих матеріалів та склопластиків","cat_8232"
"pc_07503","8232","Кабестанник","cat_8232"
"pc_07504","8232","Калібрувальник трубок з пластичних мас","cat_8232"
"pc_07505","8232","Калібрувальник форм","cat_8232"
"pc_07506","8232","Клеїльник міканітів","cat_8232"
"pc_07507","8232","Клеїльник плівкоелектрокартону","cat_8232"
"pc_07508","8232","Комплектувальник","cat_8232"
"pc_07509","8232","Контролер у виробництві електроізоляційних матеріалів","cat_8232"
"pc_07510","8232","Контролер із звучання","cat_8232"
"pc_07511","8232","Контролер полімерних будівельних матеріалів","cat_8232"
"pc_07512","8232","Контролер виробництва скловолокна та склопластиків","cat_8232"
"pc_07513","8232","Контурувальник склопластикових виробів","cat_8232"
"pc_07514","8232","Ливарник пластмас","cat_8232"
"pc_07515","8232","Лущильник плівки","cat_8232"
"pc_07516","8232","Машиніст автоматичної лінії виготовлення контейнерів з полімерів","cat_8232"
"pc_07517","8232","Машиніст вакуум-формувальної машини (пластичні маси)","cat_8232"
"pc_07518","8232","Машиніст видувних машин","cat_8232"
"pc_07519","8232","Машиніст гранулювання пластичних мас","cat_8232"
"pc_07520","8232","Машиніст дублювального агрегата","cat_8232"
"pc_07521","8232","Машиніст іонізаційної машини","cat_8232"
"pc_07522","8232","Машиніст мікструдера","cat_8232"
"pc_07523","8232","Машиніст напівавтоматичного формувального агрегата","cat_8232"
"pc_07524","8232","Машиніст установки самоклейних плівок","cat_8232"
"pc_07525","8232","Машиніст екструдера","cat_8232"
"pc_07526","8232","Набирач текстолітових ободів","cat_8232"
"pc_07527","8232","Накатник-обкатник","cat_8232"
"pc_07528","8232","Налагоджувальник машин і автоматичних ліній для виробництва виробів із пластмас","cat_8232"
"pc_07529","8232","Налагоджувальник устаткування у виробництві скловолокна та склопластиків","cat_8232"
"pc_07530","8232","Оброблювач заготовок із скловолокна","cat_8232"
"pc_07531","8232","Оброблювач виробів із пластмас","cat_8232"
"pc_07532","8232","Оброблювач сепараторів","cat_8232"
"pc_07533","8232","Окантувальник сепараторних пластин","cat_8232"
"pc_07534","8232","Обклеювач оргскла","cat_8232"
"pc_07535","8232","Фарбувальник виробів із склопластиків","cat_8232"
"pc_07536","8232","Оператор вальцьово-каландрової лінії виробництва полівінілхлоридної плівки","cat_8232"
"pc_07537","8232","Оператор виготовлення рулонно-конструкційних матеріалів","cat_8232"
"pc_07538","8232","Оператор одержання полівінілхлоридних композицій","cat_8232"
"pc_07539","8232","Оператор одержання склополотна одностадійним методом","cat_8232"
"pc_07540","8232","Оператор виробництва формованого поліуретану та пінополіуретану","cat_8232"
"pc_07541","8232","Оператор роторної лінії для виробництва виробів з пластичних мас","cat_8232"
"pc_07542","8232","Оператор установки виготовлення гофрованих листових склопластиків","cat_8232"
"pc_07543","8232","Оператор установок виготовлення склопластикових конструкцій","cat_8232"
"pc_07544","8232","Оплавлювач виробів","cat_8232"
"pc_07545","8232","Паяльщик по вініпласту","cat_8232"
"pc_07546","8232","Перемотувальник електроізоляційних матеріалів","cat_8232"
"pc_07547","8232","Перфораторник плівок з пластичних мас","cat_8232"
"pc_07548","8232","Підбирач прес-матеріалів","cat_8232"
"pc_07549","8232","Підклеювач скловолокнистих матеріалів","cat_8232"
"pc_07550","8232","Полірувальник водневим полум'ям","cat_8232"
"pc_07551","8232","Пресувальник блоків целулоїду","cat_8232"
"pc_07552","8232","Пресувальник-видувник целулоїдних виробів","cat_8232"
"pc_07553","8232","Пресувальник виробів з пластмас","cat_8232"
"pc_07554","8232","Пресувальник ізоляційних матеріалів","cat_8232"
"pc_07555","8232","Пресувальник листових матеріалів","cat_8232"
"pc_07556","8232","Пресувальник плівкових матеріалів прес-рулонним методом","cat_8232"
"pc_07557","8232","Пресувальник труб та профілів","cat_8232"
"pc_07558","8232","Пресувальник бавовняної целюлози та відходів целулоїду","cat_8232"
"pc_07559","8232","Пресувальник електротехнічних виробів","cat_8232"
"pc_07560","8232","Готувач крупки оргскла","cat_8232"
"pc_07561","8232","Накочувальник напилених виробів","cat_8232"
"pc_07562","8232","Прокатник плівки","cat_8232"
"pc_07563","8232","Просочувальник (виробництво склопластиків)","cat_8232"
"pc_07564","8232","Протиральник виробів","cat_8232"
"pc_07565","8232","Протиральник стеарату кальцію","cat_8232"
"pc_07566","8232","Протягувальник штурвалів","cat_8232"
"pc_07567","8232","Розбирач пакетів","cat_8232"
"pc_07568","8232","Роздільник джгутів скловолокна","cat_8232"
"pc_07569","8232","Розривник відбитків","cat_8232"
"pc_07570","8232","Розфарбовувач виробів","cat_8232"
"pc_07571","8232","Розкрійник листового матеріалу","cat_8232"
"pc_07572","8232","Розкрійник плівки","cat_8232"
"pc_07573","8232","Розпарювальник целулоїдних пластин","cat_8232"
"pc_07574","8232","Розщеплювальник синтетичних ниток","cat_8232"
"pc_07575","8232","Різальник заготовок та виробів з пластичних мас","cat_8232"
"pc_07576","8232","Зварник пластмас","cat_8232"
"pc_07577","8232","Стругальник блоків з оргскла","cat_8232"
"pc_07578","8232","Стругальник целулоїдних блоків","cat_8232"
"pc_07579","8232","Знімач склопластикових і скловолокнистих виробів","cat_8232"
"pc_07580","8232","Травильник синтетичних матеріалів на тканинній основі","cat_8232"
"pc_07581","8232","Укладальник склонитки у вироби","cat_8232"
"pc_07582","8232","Формувальник блоків міпори","cat_8232"
"pc_07583","8232","Формувальник буртів фаолітових труб","cat_8232"
"pc_07584","8232","Формувальник спіненого полістиролу","cat_8232"
"pc_07585","8232","Формувальник деталей та іграшок","cat_8232"
"pc_07586","8232","Формувальник виробів з поропластів","cat_8232"
"pc_07587","8232","Формувальник склопластикових виробів","cat_8232"
"pc_07588","8232","Шприцювальник","cat_8232"
"pc_07589","8232","Запресувальник ін'єкційного вузла","cat_8232"
"pc_07590","8240","Верстатник з нанесення фосфорної маси на картон","cat_8240"
"pc_07591","8240","Верстатник картонорізального верстата","cat_8240"
"pc_07592","8240","Верстатник соломкорубального верстата","cat_8240"
"pc_07593","8240","Верстатник корувального верстата","cat_8240"
"pc_07594","8240","Автоматник з вироблення деталей клавішних інструментів","cat_8240"
"pc_07595","8240","Виробник стрижнів","cat_8240"
"pc_07596","8240","Оброблювач коркових виробів","cat_8240"
"pc_07597","8240","Оператор на автоматичних та напівавтоматичних лініях у деревообробленні","cat_8240"
"pc_07598","8240","Оператор напівавтоматичної лінії вироблення сірникових коробок","cat_8240"
"pc_07599","8240","Пресувальник деталей для іграшок","cat_8240"
"pc_07600","8240","Готувач композиційних блоків","cat_8240"
"pc_07601","8240","Готувач коркової крупи","cat_8240"
"pc_07602","8240","Різальник коркових виробів","cat_8240"
"pc_07603","8240","Складальник чемоданів з фанери","cat_8240"
"pc_07604","8240","Верстатник спеціальних деревообробних верстатів","cat_8240"
"pc_07605","8240","Верстатник шпалорізного верстата","cat_8240"
"pc_07606","8240","Штампувальник коркових виробів","cat_8240"
"pc_07607","8240","Оператор контрольного стола","cat_8240"
"pc_07608","8240","Оператор пакувальних автоматів","cat_8240"
"pc_07609","8251","Оператор цифрової розмножувальної машини (різографа, дуплікатора і т. ін.)","cat_8251"
"pc_07610","8251","Друкар високого друкування","cat_8251"
"pc_07611","8251","Друкар глибокого друкування","cat_8251"
"pc_07612","8251","Друкар металографічного друкування","cat_8251"
"pc_07613","8251","Друкар орловського друкування","cat_8251"
"pc_07614","8251","Друкар офсетного плоского друкування","cat_8251"
"pc_07615","8251","Бронзувальник","cat_8251"
"pc_07616","8251","Машиніст адресувальної машини","cat_8251"
"pc_07617","8251","Машиніст вибіркової машини","cat_8251"
"pc_07618","8251","Машиніст шпалерно-друкарської машини","cat_8251"
"pc_07619","8251","Машиніст друкарсько-висікального агрегата","cat_8251"
"pc_07620","8251","Машиніст друкарської машини (виробництво олівців)","cat_8251"
"pc_07621","8251","Машиніст сортувального автомата","cat_8251"
"pc_07622","8251","Накладальник на друкарських машинах","cat_8251"
"pc_07623","8251","Оператор фарбової станції","cat_8251"
"pc_07624","8251","Оператор друкарського устаткування","cat_8251"
"pc_07625","8251","Друкар брайлівського друкування","cat_8251"
"pc_07626","8251","Друкар діаграмної продукції","cat_8251"
"pc_07627","8251","Друкар міліметрівки","cat_8251"
"pc_07628","8251","Друкар друкування на жерсті","cat_8251"
"pc_07629","8251","Друкар трафаретного друкування","cat_8251"
"pc_07630","8251","Друкар флексографічного друкування","cat_8251"
"pc_07631","8251","Друкар естампа","cat_8251"
"pc_07632","8251","Приймальник на машинах та агрегатах","cat_8251"
"pc_07633","8251","Шовкограф","cat_8251"
"pc_07634","8251","Оператор лазерних гравіювальних автоматів для виготовлення форм офсетного плоского друкування","cat_8251"
"pc_07635","8251","Оператор вивідних пристроїв","cat_8251"
"pc_07636","8251","Оператор електронного складання та верстання","cat_8251"
"pc_07637","8251","Оператор з виготовлення гільйошів","cat_8251"
"pc_07638","8251","Оператор цифрового друкування","cat_8251"
"pc_07639","8252","Машиніст автомата для загортання книг у суперобкладинку","cat_8252"
"pc_07640","8252","Машиніст автомата для виготовлення обрізних обкладинок","cat_8252"
"pc_07641","8252","Машиніст автоматичної лінії для виготовлення книг","cat_8252"
"pc_07642","8252","Машиніст автоматичної лінії для виготовлення зошитів для нот та альбомів для малювання","cat_8252"
"pc_07643","8252","Машиніст агрегата для незшивного клейового скріплювання","cat_8252"
"pc_07644","8252","Машиніст абеткової машини","cat_8252"
"pc_07645","8252","Машиніст блокообробного агрегата","cat_8252"
"pc_07646","8252","Машиніст вкладально-швацько-різального агрегата","cat_8252"
"pc_07647","8252","Машиніст висікально-пакувального агрегата","cat_8252"
"pc_07648","8252","Машиніст каландра (поліграфічне виробництво)","cat_8252"
"pc_07649","8252","Машиніст блоковставлювальної машини","cat_8252"
"pc_07650","8252","Машиніст машини для виготовлення конвертів","cat_8252"
"pc_07651","8252","Машиніст покривальної машини","cat_8252"
"pc_07652","8252","Машиніст палітуркоробної машини","cat_8252"
"pc_07653","8252","Машиніст лакувально-гумувальної машини","cat_8252"
"pc_07654","8252","Машиніст лініювальної машини","cat_8252"
"pc_07655","8252","Машиніст машини для вкладання книг у футляри","cat_8252"
"pc_07656","8252","Машиніст ламінувальної машини","cat_8252"
"pc_07657","8252","Машиніст капталоприклеювальної машини","cat_8252"
"pc_07658","8252","Машиніст комплектувально-швацької машини","cat_8252"
"pc_07659","8252","Машиніст приклеювальної машини","cat_8252"
"pc_07660","8252","Машиніст різальних машин","cat_8252"
"pc_07661","8252","Машиніст агрегатів для виготовлення зошитів","cat_8252"
"pc_07662","8252","Машиніст фальцювальних машин","cat_8252"
"pc_07663","8252","Машиніст швацьких машин та автоматів","cat_8252"
"pc_07664","8252","Парафінувальник (поліграфічне виробництво)","cat_8252"
"pc_07665","8252","Перфораторник (поліграфічне виробництво)","cat_8252"
"pc_07666","8252","Друкар-тиснильник","cat_8252"
"pc_07667","8252","Пресувальник (поліграфічне виробництво)","cat_8252"
"pc_07668","8252","Машиніст лінії виготовлення паспортів","cat_8252"
"pc_07669","8253","Машиніст лінії знешкоджування відходів цінних паперів","cat_8253"
"pc_07670","8253","Машиніст машини для виготовлення обандеролюючих стрічок","cat_8253"
"pc_07671","8253","Машиніст обандеролюючої машини","cat_8253"
"pc_07672","8253","Акліматизатор","cat_8253"
"pc_07673","8253","Намотувальник ізоляційних остовів уводів","cat_8253"
"pc_07674","8253","Насікальник карт","cat_8253"
"pc_07675","8253","Друкар друкарсько-висікального автомата","cat_8253"
"pc_07676","8253","Розкрійник матеріалів","cat_8253"
"pc_07677","8253","Різальник матеріалів кабельного виробництва","cat_8253"
"pc_07678","8253","Машиніст автоматичної лінії обробки акцизних марок","cat_8253"
"pc_07679","8253","Машиніст автоматичної лінії обробки банкнот","cat_8253"
"pc_07680","8253","Машиніст автоматичної машини обробки акцизних марок","cat_8253"
"pc_07681","8259","Машиніст автоматичних ліній у поліграфічному виробництві","cat_8259"
"pc_07682","8259","Машиніст машин та автоматів у поліграфічному виробництві","cat_8259"
"pc_07683","8261","Апаратник коконозапарювальної машини","cat_8261"
"pc_07684","8261","Апаратник приготування трести","cat_8261"
"pc_07685","8261","Вигрібальник пуху та відходів","cat_8261"
"pc_07686","8261","Вивантажувач бавовни","cat_8261"
"pc_07687","8261","Завантажувач сировини","cat_8261"
"pc_07688","8261","Виробник мотузяних виробів","cat_8261"
"pc_07689","8261","Виробник синельки","cat_8261"
"pc_07690","8261","Калібрувальник коконів","cat_8261"
"pc_07691","8261","Кокономотальник","cat_8261"
"pc_07692","8261","Коконозмішувач","cat_8261"
"pc_07693","8261","Контролер стосів","cat_8261"
"pc_07694","8261","Контролер технологічного процесу (виробництво пряжі)","cat_8261"
"pc_07695","8261","Крутильник сіткаря","cat_8261"
"pc_07696","8261","Машиніст віджимально-промивного устаткування","cat_8261"
"pc_07697","8261","Наколювальник рослинної повсті","cat_8261"
"pc_07698","8261","Намотувальник пряжі","cat_8261"
"pc_07699","8261","Насаджувач бобін","cat_8261"
"pc_07700","8261","Насаджувач валів","cat_8261"
"pc_07701","8261","Настелювач (виробництво текстилю)","cat_8261"
"pc_07702","8261","Настелювач (швацьке виробництво)","cat_8261"
"pc_07703","8261","Обрубувач ватників","cat_8261"
"pc_07704","8261","Оператор агрегата оброблення відходів","cat_8261"
"pc_07705","8261","Оператор джгутоперемотувальної машини","cat_8261"
"pc_07706","8261","Оператор голкопробивного устаткування","cat_8261"
"pc_07707","8261","Оператор виготовлення ровінгу","cat_8261"
"pc_07708","8261","Оператор канатної машини","cat_8261"
"pc_07709","8261","Оператор канатозвивальних та мотузяних машин","cat_8261"
"pc_07710","8261","Оператор круглочесальної машини","cat_8261"
"pc_07711","8261","Оператор крутильного устаткування","cat_8261"
"pc_07712","8261","Оператор лінтерного устаткування","cat_8261"
"pc_07713","8261","Оператор льоночесальної машини","cat_8261"
"pc_07714","8261","Оператор механізованого подавання суміші","cat_8261"
"pc_07715","8261","Оператор мотального устаткування","cat_8261"
"pc_07716","8261","Оператор м'яльно-чесальної машини","cat_8261"
"pc_07717","8261","Оператор обкручувального устаткування","cat_8261"
"pc_07718","8261","Оператор перевивальної машини","cat_8261"
"pc_07719","8261","Оператор плетільного устаткування","cat_8261"
"pc_07720","8261","Оператор потокової лінії з вироблення волокна","cat_8261"
"pc_07721","8261","Оператор прядеплетільної машини","cat_8261"
"pc_07722","8261","Оператор пушильного устаткування","cat_8261"
"pc_07723","8261","Оператор розпушувально-тіпального агрегата","cat_8261"
"pc_07724","8261","Оператор розпушувально-тіпальної машини","cat_8261"
"pc_07725","8261","Оператор розкладальної машини (лляне виробництво)","cat_8261"
"pc_07726","8261","Оператор розкладальної машини (виробництво шовку)","cat_8261"
"pc_07727","8261","Оператор розподілу пряжі","cat_8261"
"pc_07728","8261","Оператор розчісувального устаткування","cat_8261"
"pc_07729","8261","Оператор релаксаційно-мотального агрегата","cat_8261"
"pc_07730","8261","Оператор рівничного устаткування","cat_8261"
"pc_07731","8261","Оператор снувального устаткування","cat_8261"
"pc_07732","8261","Оператор стригального устаткування","cat_8261"
"pc_07733","8261","Оператор сушильного устаткування","cat_8261"
"pc_07734","8261","Оператор сукального устаткування","cat_8261"
"pc_07735","8261","Оператор трясильної машини","cat_8261"
"pc_07736","8261","Оператор вузлов'язальної машини","cat_8261"
"pc_07737","8261","Оператор чесально-в'язального устаткування","cat_8261"
"pc_07738","8261","Оператор чесального устаткування","cat_8261"
"pc_07739","8261","Оператор чесально-дублювального агрегата","cat_8261"
"pc_07740","8261","Оператор чесально-стрічкового агрегата","cat_8261"
"pc_07741","8261","Оператор шліхтувального устаткування","cat_8261"
"pc_07742","8261","Обчісувальник барабанів","cat_8261"
"pc_07743","8261","Перемотувальник стрічки (виробництво вовни)","cat_8261"
"pc_07744","8261","Перемотувальник склотканини","cat_8261"
"pc_07745","8261","Підбирач ставок","cat_8261"
"pc_07746","8261","Готувач сировини","cat_8261"
"pc_07747","8261","Полірувальник (виробництво текстилю)","cat_8261"
"pc_07748","8261","Помічник майстра (оброблення волокна та перемотування нитки)","cat_8261"
"pc_07749","8261","Пресувальник волокна (лляне виробництво)","cat_8261"
"pc_07750","8261","Пресувальник волокна (конопледжутове виробництво)","cat_8261"
"pc_07751","8261","Пресувальник готової продукції та відходів","cat_8261"
"pc_07752","8261","Пресувальник відходів (виробництво текстилю)","cat_8261"
"pc_07753","8261","Пресувальник рослинної повсті","cat_8261"
"pc_07754","8261","Пресувальник сировини та волокна","cat_8261"
"pc_07755","8261","Прив'язувальник","cat_8261"
"pc_07756","8261","Готувач просочувальної суміші","cat_8261"
"pc_07757","8261","Готувач трести","cat_8261"
"pc_07758","8261","Присукальник основ","cat_8261"
"pc_07759","8261","Протравлювач бавовняного насіння","cat_8261"
"pc_07760","8261","Прядильник","cat_8261"
"pc_07761","8261","Розмотувач","cat_8261"
"pc_07762","8261","Розроблювач відходів","cat_8261"
"pc_07763","8261","Розроблювач сировини","cat_8261"
"pc_07764","8261","Розкладач сировини","cat_8261"
"pc_07765","8261","Розправляч","cat_8261"
"pc_07766","8261","Звалювальник","cat_8261"
"pc_07767","8261","Зв'язувальник пачок волокна","cat_8261"
"pc_07768","8261","Змішувальник волокна","cat_8261"
"pc_07769","8261","Смолильник клоччя","cat_8261"
"pc_07770","8261","Сортувальник сировини та волокна","cat_8261"
"pc_07771","8261","Сплавлювач відходів","cat_8261"
"pc_07772","8261","Ставильник (виробництво текстилю)","cat_8261"
"pc_07773","8261","Сушильник луб'яної сировини","cat_8261"
"pc_07774","8261","Знімач волокна (виробництво шовку)","cat_8261"
"pc_07775","8261","Знімач волокна (первинне оброблення бавовни й луб'яних культур)","cat_8261"
"pc_07776","8261","Тунелепрокладник у бунтах бавовни-сирцю","cat_8261"
"pc_07777","8261","Укладальник сировини","cat_8261"
"pc_07778","8261","Чистильник устаткування (первинне оброблення бавовни й луб'яних культур)","cat_8261"
"pc_07779","8261","Штампувальник ватних фільтрів","cat_8261"
"pc_07780","8261","Штапелювальник","cat_8261"
"pc_07781","8262","Ватинник","cat_8262"
"pc_07782","8262","В'язальник","cat_8262"
"pc_07783","8262","В'язальник трикотажних виробів та полотна","cat_8262"
"pc_07784","8262","Ділильник мережива","cat_8262"
"pc_07785","8262","Заготівник м'якої тари","cat_8262"
"pc_07786","8262","Кетельник","cat_8262"
"pc_07787","8262","Контролер технологічного процесу (виробництво тканин)","cat_8262"
"pc_07788","8262","Машиніст вишивальної машини ""пантограф""","cat_8262"
"pc_07789","8262","Оброблювач тканини та волокна","cat_8262"
"pc_07790","8262","Обхідник траси гідрозоловилучення та золовідвалів","cat_8262"
"pc_07791","8262","Оператор ворсувального устаткування","cat_8262"
"pc_07792","8262","Оператор в'язально-прошивного устаткування","cat_8262"
"pc_07793","8262","Оператор прасувально-сушильного агрегата","cat_8262"
"pc_07794","8262","Оператор гребенечесального устаткування","cat_8262"
"pc_07795","8262","Оператор голкопробивного агрегата","cat_8262"
"pc_07796","8262","Оператор стрічкового устаткування","cat_8262"
"pc_07797","8262","Оператор розмоту вальної машини","cat_8262"
"pc_07798","8262","Оператор витягальної машини","cat_8262"
"pc_07799","8262","Оператор полотновитягальної машини","cat_8262"
"pc_07800","8262","Оператор ширильного устаткування","cat_8262"
"pc_07801","8262","Обробник ворсу","cat_8262"
"pc_07802","8262","Обробник тканини","cat_8262"
"pc_07803","8262","Перемотувальник основ","cat_8262"
"pc_07804","8262","Пересаджувач сіток","cat_8262"
"pc_07805","8262","Помічник майстра (ткацькі верстати та в'язальні машини)","cat_8262"
"pc_07806","8262","Пресувальник тканини","cat_8262"
"pc_07807","8262","Розкатник тканини","cat_8262"
"pc_07808","8262","Різальник матеріалів та виробів (виробництво текстилю)","cat_8262"
"pc_07809","8262","Сіткоплетільник","cat_8262"
"pc_07810","8262","Сукновал","cat_8262"
"pc_07811","8262","Ткач","cat_8262"
"pc_07812","8262","Формувальник трикотажних виробів","cat_8262"
"pc_07813","8262","Чистильник устаткування (виробництво текстилю)","cat_8262"
"pc_07814","8262","Шліфувальник полотна","cat_8262"
"pc_07815","8262","Електроворсувальник","cat_8262"
"pc_07816","8262","Килимарник","cat_8262"
"pc_07817","8263","Вишивальник","cat_8263"
"pc_07818","8263","Вишивальник текстильно-галантерейних виробів","cat_8263"
"pc_07819","8263","Оператор швацького устаткування","cat_8263"
"pc_07820","8263","Плісирувальник-гофрувальник","cat_8263"
"pc_07821","8263","Зварник швацьких виробів на установках СВЧ","cat_8263"
"pc_07822","8264","Апаратник апретування","cat_8264"
"pc_07823","8264","Апаратник білизняних сушильних установок","cat_8264"
"pc_07824","8264","Апаратник звалювання виробів","cat_8264"
"pc_07825","8264","Апаратник запарювання","cat_8264"
"pc_07826","8264","Апаратник запарювання відходів","cat_8264"
"pc_07827","8264","Апаратник каустифікації","cat_8264"
"pc_07828","8264","Апаратник мерсеризації (виробництво текстилю)","cat_8264"
"pc_07829","8264","Апаратник парафінування тканини","cat_8264"
"pc_07830","8264","Апаратник плюсування","cat_8264"
"pc_07831","8264","Апаратник просочування (хімічне виробництво)","cat_8264"
"pc_07832","8264","Апаратник просочування (виробництво текстилю)","cat_8264"
"pc_07833","8264","Апаратник сепарування й флотації","cat_8264"
"pc_07834","8264","Апаратник термооброблення тканини","cat_8264"
"pc_07835","8264","Апаратник терморелаксації пряжі","cat_8264"
"pc_07836","8264","Апаратник термостабілізації","cat_8264"
"pc_07837","8264","Апаратник зволоження","cat_8264"
"pc_07838","8264","Апаратник хімічного чищення","cat_8264"
"pc_07839","8264","Апаратник хімічного чищення спецодягу","cat_8264"
"pc_07840","8264","Апаратник хлорування та станірування","cat_8264"
"pc_07841","8264","Апаратник чищення килимових виробів","cat_8264"
"pc_07842","8264","Апаратник чищення пухо-пір'яних виробів","cat_8264"
"pc_07843","8264","Варильник хімічних сполук для варіння відходів","cat_8264"
"pc_07844","8264","Варник апрету","cat_8264"
"pc_07845","8264","Гофрувальник протезів кровоносних судин","cat_8264"
"pc_07846","8264","Декатирувальник","cat_8264"
"pc_07847","8264","Заварник","cat_8264"
"pc_07848","8264","Заготівник хімічних розчинів та фарб","cat_8264"
"pc_07849","8264","Замочувальник шовку-сирцю","cat_8264"
"pc_07850","8264","Замилювальник тканини","cat_8264"
"pc_07851","8264","Запарювач коконів","cat_8264"
"pc_07852","8264","Запарювач крученого шовку","cat_8264"
"pc_07853","8264","Запарювач тканини","cat_8264"
"pc_07854","8264","Запарювач виробів з вовни","cat_8264"
"pc_07855","8264","Виробник парафінових кілець","cat_8264"
"pc_07856","8264","Каландрувальник (виробництво текстилю)","cat_8264"
"pc_07857","8264","Каландрувальник (електротехнічне виробництво)","cat_8264"
"pc_07858","8264","Карбонізаторник (виробництво вовни)","cat_8264"
"pc_07859","8264","Кислотувальник","cat_8264"
"pc_07860","8264","Комплектувальник виробів","cat_8264"
"pc_07861","8264","Контролер якості оброблення виробів","cat_8264"
"pc_07862","8264","Контролер якості оброблення одягу та білизни","cat_8264"
"pc_07863","8264","Фарбувальник (виробництво текстилю)","cat_8264"
"pc_07864","8264","Фарбувальник (хімічне чищення й фарбування)","cat_8264"
"pc_07865","8264","Фарбувальник матеріалів для іграшок","cat_8264"
"pc_07866","8264","Машиніст очищувального устаткування","cat_8264"
"pc_07867","8264","Машиніст із прання та ремонту спецодягу","cat_8264"
"pc_07868","8264","Машиніст промивально-сушильно-ширильно-стабілізаційної лінії","cat_8264"
"pc_07869","8264","Машиніст ратинувальної машини","cat_8264"
"pc_07870","8264","Мийник мокрих відходів","cat_8264"
"pc_07871","8264","Мийник полотна","cat_8264"
"pc_07872","8264","Мийник вовни (валяльно-повстяне виробництво)","cat_8264"
"pc_07873","8264","Мийник вовни (виробництво вовни)","cat_8264"
"pc_07874","8264","М'якшильник","cat_8264"
"pc_07875","8264","Накатник тканини, полотна","cat_8264"
"pc_07876","8264","Оператор клейового устаткування","cat_8264"
"pc_07877","8264","Оператор мийно-віджимального агрегата","cat_8264"
"pc_07878","8264","Оператор обпалювального устаткування","cat_8264"
"pc_07879","8264","Оператор пральні самообслуговування","cat_8264"
"pc_07880","8264","Оператор промивального устаткування","cat_8264"
"pc_07881","8264","Оператор просочувального устаткування","cat_8264"
"pc_07882","8264","Оператор розподілу хімічних матеріалів","cat_8264"
"pc_07883","8264","Оператор снувальної просочувально-витягальної машини","cat_8264"
"pc_07884","8264","Оператор пральних машин","cat_8264"
"pc_07885","8264","Оператор термоскріплювального устаткування","cat_8264"
"pc_07886","8264","Оператор чистильної машини","cat_8264"
"pc_07887","8264","Оператор електростатичного оброблення","cat_8264"
"pc_07888","8264","Вибільник (текстильне виробництво)","cat_8264"
"pc_07889","8264","Відварник","cat_8264"
"pc_07890","8264","Відварних коконових відходів","cat_8264"
"pc_07891","8264","Віджимач (виробництво текстилю)","cat_8264"
"pc_07892","8264","Віджимач білизни на центрифугах","cat_8264"
"pc_07893","8264","Віджимач полотен","cat_8264"
"pc_07894","8264","Відпарювач-пресувальник","cat_8264"
"pc_07895","8264","Охолоджувач тканини","cat_8264"
"pc_07896","8264","Помічник майстра (вибілювання, фарбування та чищення)","cat_8264"
"pc_07897","8264","Готувач пральних розчинів","cat_8264"
"pc_07898","8264","Проклеювач","cat_8264"
"pc_07899","8264","Проклеювач ватиліну","cat_8264"
"pc_07900","8264","Промивальник сировини","cat_8264"
"pc_07901","8264","Промивальник технічних сукон","cat_8264"
"pc_07902","8264","Просочувальник пожежних рукавів","cat_8264"
"pc_07903","8264","Плямовивідник","cat_8264"
"pc_07904","8264","Стерилізаторник вати","cat_8264"
"pc_07905","8264","Сушильник (виробництво текстилю)","cat_8264"
"pc_07906","8264","Сушильник (заправник)","cat_8264"
"pc_07907","8264","Сушильник виробів (хімічне чищення й фарбування)","cat_8264"
"pc_07908","8264","Сушильник відходів","cat_8264"
"pc_07909","8264","Термообробник пряжі","cat_8264"
"pc_07910","8264","Термообробник текстильно-галантерейних виробів","cat_8264"
"pc_07911","8264","Термообробник швацьких виробів","cat_8264"
"pc_07912","8264","Термоусадник","cat_8264"
"pc_07913","8264","Зволожувальник сировини","cat_8264"
"pc_07914","8264","Шліхтовар","cat_8264"
"pc_07915","8264","Емульсувальник","cat_8264"
"pc_07916","8265","Апаратник водно-хімічного оброблення","cat_8265"
"pc_07917","8265","Апаратник дублення (шкіряне та шкіросировинне виробництво)","cat_8265"
"pc_07918","8265","Апаратник дублення (хутряне виробництво)","cat_8265"
"pc_07919","8265","Апаратник зоління (шкіросировинне виробництво)","cat_8265"
"pc_07920","8265","Апаратник фарбування й жирування шкір","cat_8265"
"pc_07921","8265","Апаратник м'якшення шкіряних напівфабрикатів та хутряних шкурок","cat_8265"
"pc_07922","8265","Апаратник знежирення","cat_8265"
"pc_07923","8265","Апаратник знезолення, м'якшення","cat_8265"
"pc_07924","8265","Апаратник відкочування","cat_8265"
"pc_07925","8265","Апаратник приготування дубильних екстрактів","cat_8265"
"pc_07926","8265","Апаратник приготування лаку","cat_8265"
"pc_07927","8265","Апаратник приготування міздряного клею","cat_8265"
"pc_07928","8265","Апаратник промивання міздрі, вовни, щетини та волосу","cat_8265"
"pc_07929","8265","Апретурник","cat_8265"
"pc_07930","8265","Вальцювальник шкіряних матеріалів","cat_8265"
"pc_07931","8265","Варник шубного шматка","cat_8265"
"pc_07932","8265","Варник щетини та волосу","cat_8265"
"pc_07933","8265","Машиніст двоїльної машини (шкіросировинне виробництво)","cat_8265"
"pc_07934","8265","Машиніст віджимального устаткування (шкіряне й шкіросировинне виробництво)","cat_8265"
"pc_07935","8265","Машиніст напівавтоматичної лінії двоїння овчини","cat_8265"
"pc_07936","8265","Машиніст з розмотування щетинних стрічок","cat_8265"
"pc_07937","8265","Машиніст промивальної машини","cat_8265"
"pc_07938","8265","Машиніст розвідної машини","cat_8265"
"pc_07939","8265","Машиніст чесальних та мішальних машин","cat_8265"
"pc_07940","8265","Мийник міздрі та волосу","cat_8265"
"pc_07941","8265","Мийник щетини та волосу","cat_8265"
"pc_07942","8265","Обробник щетиноволосяних матеріалів та виробів","cat_8265"
"pc_07943","8265","Віджимач (легка промисловість)","cat_8265"
"pc_07944","8265","Пресувальник (хутряне виробництво)","cat_8265"
"pc_07945","8265","Пресувальник шкір","cat_8265"
"pc_07946","8265","Протравлювач шкурок","cat_8265"
"pc_07947","8265","Розбивальник відходів","cat_8265"
"pc_07948","8265","Розвідник шкір","cat_8265"
"pc_07949","8265","Сушильник сировини, напівфабрикатів та виробів","cat_8265"
"pc_07950","8265","Термообробник щетини та волосу","cat_8265"
"pc_07951","8265","Фасувальник жмутів щетини та волосу","cat_8265"
"pc_07952","8265","Чистильник лиця голини","cat_8265"
"pc_07953","8265","Епілювальник хутряних шкурок","cat_8265"
"pc_07954","8266","Вирубник деталей","cat_8266"
"pc_07955","8266","Дублювальник деталей та матеріалів","cat_8266"
"pc_07956","8266","Виробник лекал (легка промисловість)","cat_8266"
"pc_07957","8266","Машиніст рифлювальної машини","cat_8266"
"pc_07958","8266","Оператор конвеєрної лінії","cat_8266"
"pc_07959","8266","Оператор розкрійного устаткування","cat_8266"
"pc_07960","8266","Пошивник шкірогалантерейних виробів","cat_8266"
"pc_07961","8266","Розмітник деталей та матеріалів","cat_8266"
"pc_07962","8266","Різальник матеріалів та виробів (легка промисловість)","cat_8266"
"pc_07963","8266","Складальник верху взуття","cat_8266"
"pc_07964","8266","Складальник низу взуття","cat_8266"
"pc_07965","8266","Складальник взуття","cat_8266"
"pc_07966","8266","Зварник на установках СВЧ","cat_8266"
"pc_07967","8266","Формувальник деталей та виробів","cat_8266"
"pc_07968","8266","Фрезерувальник взуття","cat_8266"
"pc_07969","8266","Шліфувальник виробів, напівфабрикатів та матеріалів","cat_8266"
"pc_07970","8269","Валяльник","cat_8269"
"pc_07971","8269","Велюрник","cat_8269"
"pc_07972","8269","Виробник основи валяльно-повстяних виробів","cat_8269"
"pc_07973","8269","Виробник гнотів","cat_8269"
"pc_07974","8269","Крутильник джгутів","cat_8269"
"pc_07975","8269","Крутильник шнурів","cat_8269"
"pc_07976","8269","Машиніст обкатної машини","cat_8269"
"pc_07977","8269","Машиніст обсадної машини","cat_8269"
"pc_07978","8269","Машиніст плунжерної машини","cat_8269"
"pc_07979","8269","Набивальник наконечників на шнур","cat_8269"
"pc_07980","8269","Накатник виробів","cat_8269"
"pc_07981","8269","Насаджувач взуття","cat_8269"
"pc_07982","8269","Оператор плетільної машини","cat_8269"
"pc_07983","8269","Оплавлювач полотна та виробів","cat_8269"
"pc_07984","8269","Обробник валяльно-повстяних виробів","cat_8269"
"pc_07985","8269","Помічник майстра (текстильні, хутряні та шкіряні вироби)","cat_8269"
"pc_07986","8269","Пресувальник валяльно-повстяних виробів та шкурок","cat_8269"
"pc_07987","8269","Розпилювач повсті","cat_8269"
"pc_07988","8269","Розправляч повстяних виробів","cat_8269"
"pc_07989","8269","Склеювач ниток та текстильно-галантерейних виробів","cat_8269"
"pc_07990","8269","Обліковець міри та виробів","cat_8269"
"pc_07991","8269","Знімач взуття з колодок (валяльно-повстяне виробництво)","cat_8269"
"pc_07992","8269","Знімач взуття з колодок (виробництво шкіряного взуття)","cat_8269"
"pc_07993","8269","Формувальник головних уборів (валяльно-повстяне виробництво)","cat_8269"
"pc_07994","8269","Формувальник текстильних виробів","cat_8269"
"pc_07995","8269","Квіткар","cat_8269"
"pc_07996","8269","Чистильник тканини, виробів","cat_8269"
"pc_07997","8269","Штампувальник (текстильна галантерея)","cat_8269"
"pc_07998","8270","Апаратник з виробництва олії та тваринних жирів","cat_8270"
"pc_07999","8270","Апаратник стерилізації консервів.","cat_8270"
"pc_08000","8270","Варник харчової сировини та продуктів","cat_8270"
"pc_08001","8270","Контролер харчової продукції","cat_8270"
"pc_08002","8270","Машиніст закупорювальних машин у виробництві консервів","cat_8270"
"pc_08003","8270","Машиніст машин і установок у харчовій промисловості","cat_8270"
"pc_08004","8270","Оператор лінії у виробництві харчової продукції","cat_8270"
"pc_08005","8270","Оператор ліній та установок з консервування овочів і фруктів","cat_8270"
"pc_08006","8270","Оператор сублімаційної установки","cat_8270"
"pc_08007","8271","Апаратник вітамінізації жиру","cat_8271"
"pc_08008","8271","Апаратник гідролізу жиру й печінки","cat_8271"
"pc_08009","8271","Апаратник гомогенізації (виробництво м'ясних продуктів)","cat_8271"
"pc_08010","8271","Апаратник заморожування ендокринно-ферментної сировини","cat_8271"
"pc_08011","8271","Апаратник опромінювання жиру","cat_8271"
"pc_08012","8271","Апаратник оброблення крові","cat_8271"
"pc_08013","8271","Апаратник пастеризації яєчної маси","cat_8271"
"pc_08014","8271","Апаратник одержання пату","cat_8271"
"pc_08015","8271","Апаратник виробництва альбуміну","cat_8271"
"pc_08016","8271","Апаратник виробництва бульйонних кубиків","cat_8271"
"pc_08017","8271","Апаратник виробництва харчових жирів","cat_8271"
"pc_08018","8271","Апаратник виробництва мастила","cat_8271"
"pc_08019","8271","Апаратник виробництва технічної продукції","cat_8271"
"pc_08020","8271","Апаратник регенерації воскової маси","cat_8271"
"pc_08021","8271","Апаратник стерилізації консервів (виробництво м'ясних та рибних продуктів)","cat_8271"
"pc_08022","8271","Апаратник стерилізації м'ясної сировини","cat_8271"
"pc_08023","8271","Апаратник сушіння яєчної маси","cat_8271"
"pc_08024","8271","Апаратник термічного оброблення ковбасних виробів","cat_8271"
"pc_08025","8271","Апаратник термічного оброблення м'ясопродуктів","cat_8271"
"pc_08026","8271","Апаратник термічного оброблення субпродуктів","cat_8271"
"pc_08027","8271","Апаратник установки для відокремлення м'яса від кісток","cat_8271"
"pc_08028","8271","Апаратник утилізації конфіскатів","cat_8271"
"pc_08029","8271","Апаратник хімічного оброблення технічної сировини","cat_8271"
"pc_08030","8271","Варник харчової сировини та продуктів (виробництво м'ясних та рибних продуктів)","cat_8271"
"pc_08031","8271","Виробник перо-пухових виробів","cat_8271"
"pc_08032","8271","Виробник напівфабрикатів з м'яса птиці","cat_8271"
"pc_08033","8271","Контролер харчової продукції (виробництво м'ясних та рибних продуктів)","cat_8271"
"pc_08034","8271","Машиніст закупорювальних машин (виробництво м'ясних та рибних консервів)","cat_8271"
"pc_08035","8271","Машиніст перо-пухообробних машин","cat_8271"
"pc_08036","8271","Обжарювальник харчових продуктів (виробництво м'ясних продуктів)","cat_8271"
"pc_08037","8271","Оператор автомата для виробництва варених ковбас","cat_8271"
"pc_08038","8271","Оператор автомата для виробництва напівфабрикатів","cat_8271"
"pc_08039","8271","Оператор автоматичної лінії виробництва сосисок","cat_8271"
"pc_08040","8271","Оператор коптильної установки","cat_8271"
"pc_08041","8271","Оператор лінії у виробництві харчової продукції (виробництво м'ясних продуктів)","cat_8271"
"pc_08042","8271","Оператор лінії для оброблення перо-пухової сировини","cat_8271"
"pc_08043","8271","Оператор лінії приготування фаршу","cat_8271"
"pc_08044","8271","Оператор рибокоптильної механізованої лінії","cat_8271"
"pc_08045","8271","Оператор швидкоморозильних апаратів","cat_8271"
"pc_08046","8271","Оператор сублімаційної установки (виробництво м'ясних продуктів)","cat_8271"
"pc_08047","8271","Оператор термокамер та термоагрегатів","cat_8271"
"pc_08048","8271","Просівальник технічної продукції","cat_8271"
"pc_08049","8271","Готувач перо-пухової суміші","cat_8271"
"pc_08050","8271","Сушильник перо-пухової сировини","cat_8271"
"pc_08051","8272","Апаратник відновлення молока","cat_8272"
"pc_08052","8272","Апаратник гомогенізації молока","cat_8272"
"pc_08053","8272","Апаратник нанесення полімерних та парафінових покриттів на сири","cat_8272"
"pc_08054","8272","Апаратник охолодження молочних продуктів","cat_8272"
"pc_08055","8272","Апаратник пастеризації (молочне виробництво)","cat_8272"
"pc_08056","8272","Апаратник пастеризації та охолодження молока","cat_8272"
"pc_08057","8272","Апаратник виробництва рідкого замінника незбираного молока","cat_8272"
"pc_08058","8272","Апаратник виробництва заквасок","cat_8272"
"pc_08059","8272","Апаратник виробництва кисломолочних та дитячих молочних продуктів","cat_8272"
"pc_08060","8272","Апаратник виробництва молочного цукру","cat_8272"
"pc_08061","8272","Апаратник виробництва плавленого сиру","cat_8272"
"pc_08062","8272","Апаратник виробництва сухих молочних продуктів","cat_8272"
"pc_08063","8272","Апаратник виробництва топленого масла","cat_8272"
"pc_08064","8272","Апаратник згущення молока та іншої молочної сировини","cat_8272"
"pc_08065","8272","Апаратник стерилізації консервів (молочне виробництво)","cat_8272"
"pc_08066","8272","Бринзороб","cat_8272"
"pc_08067","8272","Варник глазурі","cat_8272"
"pc_08068","8272","Вафельник (кондитерське виробництво)","cat_8272"
"pc_08069","8272","Вафельник (виробництво морозива)","cat_8272"
"pc_08070","8272","Дефростатни к молочних продуктів","cat_8272"
"pc_08071","8272","Гартівник морозива","cat_8272"
"pc_08072","8272","Виробник казеїну","cat_8272"
"pc_08073","8272","Виробник морозива","cat_8272"
"pc_08074","8272","Виробник сметани","cat_8272"
"pc_08075","8272","Виробник сичугового порошку та харчового пепсину","cat_8272"
"pc_08076","8272","Виробник сиру","cat_8272"
"pc_08077","8272","Виробник сирної маси","cat_8272"
"pc_08078","8272","Контролер харчової продукції (виробництво молочних продуктів)","cat_8272"
"pc_08079","8272","Коптильник ковбасного сиру","cat_8272"
"pc_08080","8272","Маслороб","cat_8272"
"pc_08081","8272","Машиніст вакуум-пакувальної машини","cat_8272"
"pc_08082","8272","Машиніст закупорювальних машин (молочне виробництво)","cat_8272"
"pc_08083","8272","Мийник сиру","cat_8272"
"pc_08084","8272","Оператор автомата для розливання молочної продукції у пакети та плівку","cat_8272"
"pc_08085","8272","Оператор автоматичної лінії виробництва молочних продуктів","cat_8272"
"pc_08086","8272","Оператор пляшкорозвантажувального та пляшкоукладального автомата","cat_8272"
"pc_08087","8272","Оператор у виробництві заквасок","cat_8272"
"pc_08088","8272","Оператор у виробництві кисломолочних та дитячих молочних продуктів","cat_8272"
"pc_08089","8272","Оператор у виробництві розчину казеїнатів та казецитів","cat_8272"
"pc_08090","8272","Оператор лінії у виробництві харчової продукції (молочне виробництво)","cat_8272"
"pc_08091","8272","Оператор лінії виробництва морозива","cat_8272"
"pc_08092","8272","Оператор лінії розливання молока та молочної продукції у пляшки","cat_8272"
"pc_08093","8272","Оператор молокосховища","cat_8272"
"pc_08094","8272","Оператор розфасовувально-пакувального автомата","cat_8272"
"pc_08095","8272","Оператор тестера","cat_8272"
"pc_08096","8272","Оператор централізованої мийки","cat_8272"
"pc_08097","8272","Пресувальник сиру","cat_8272"
"pc_08098","8272","Сепараторник молока та молочної сировини","cat_8272"
"pc_08099","8272","Сушильник молочного цукру","cat_8272"
"pc_08100","8272","Сушильник харчової продукції (молочне виробництво)","cat_8272"
"pc_08101","8272","Сировар","cat_8272"
"pc_08102","8272","Сировар з дозрівання сирів","cat_8272"
"pc_08103","8272","Формувальник сиру","cat_8272"
"pc_08104","8272","Фризерник (виробництво морозива)","cat_8272"
"pc_08105","8273","Апаратник комбікормового виробництва","cat_8273"
"pc_08106","8273","Апаратник круп'яного виробництва","cat_8273"
"pc_08107","8273","Апаратник борошномельного виробництва","cat_8273"
"pc_08108","8273","Апаратник оброблення зерна","cat_8273"
"pc_08109","8273","Завантажувач-вивантажувач харчової продукції","cat_8273"
"pc_08110","8273","Виробник сагової крупки","cat_8273"
"pc_08111","8273","Кондиційник зерна та насіння","cat_8273"
"pc_08112","8273","Машиніст дробильних установок (помел зернових та прянощів)","cat_8273"
"pc_08113","8273","Машиніст зернових навантажувально-розвантажувальних машин","cat_8273"
"pc_08114","8273","Машиніст очищувальних машин","cat_8273"
"pc_08115","8273","Машиніст розмельного устаткування","cat_8273"
"pc_08116","8273","Машиніст шеретувальних установок (оброблення зернових)","cat_8273"
"pc_08117","8273","Мельник","cat_8273"
"pc_08118","8273","Обмолотник","cat_8273"
"pc_08119","8273","Оператор машини для відокремлення зародків","cat_8273"
"pc_08120","8273","Оператор лінії для виробництва борошна та гранул","cat_8273"
"pc_08121","8273","Оператор пакетоформувальних машин","cat_8273"
"pc_08122","8273","Силосник","cat_8273"
"pc_08123","8274","Оператор (кочегар) виробничих печей","cat_8274"
"pc_08124","8274","Апаратник з оброблення сирого пектину","cat_8274"
"pc_08125","8274","Апаратник приготування інвертного сиропу","cat_8274"
"pc_08126","8274","Бісквітник","cat_8274"
"pc_08127","8274","Варник харчової сировини та продуктів (кондитерське виробництво)","cat_8274"
"pc_08128","8274","Глазурувальник","cat_8274"
"pc_08129","8274","Глянцювальник карамелі та драже","cat_8274"
"pc_08130","8274","Дезодораторинк сої","cat_8274"
"pc_08131","8274","Дражувальник","cat_8274"
"pc_08132","8274","Виробник кукурудзяних паличок","cat_8274"
"pc_08133","8274","Виробник таблеток","cat_8274"
"pc_08134","8274","Карамельник","cat_8274"
"pc_08135","8274","Коагуляторник пектину","cat_8274"
"pc_08136","8274","Контролер харчової продукції (хлібопекарне та кондитерське виробництва)","cat_8274"
"pc_08137","8274","Купажник пектинового екстракту","cat_8274"
"pc_08138","8274","Машиніст машин для чищення та змазування листів","cat_8274"
"pc_08139","8274","Машиніст нанизувальних машин","cat_8274"
"pc_08140","8274","Машиніст обшпарювального агрегата","cat_8274"
"pc_08141","8274","Машиніст поточної лінії формування хлібних виробів","cat_8274"
"pc_08142","8274","Машиніст збивальних машин","cat_8274"
"pc_08143","8274","Машиніст тістомісильних машин","cat_8274"
"pc_08144","8274","Машиніст тістообробних машин","cat_8274"
"pc_08145","8274","Машиніст формувально-закручувального напівавтомата","cat_8274"
"pc_08146","8274","Машиніст шоколадообробних машин","cat_8274"
"pc_08147","8274","Оператор лінії у виробництві харчової продукції (хлібопекарно-макаронне та кондитерське виробництва)","cat_8274"
"pc_08148","8274","Оператор лінії для виробництва жувальної гумки","cat_8274"
"pc_08149","8274","Оператор лінії приготування шоколадної маси","cat_8274"
"pc_08150","8274","Оператор потоково-автоматичної лінії","cat_8274"
"pc_08151","8274","Оператор установки безтарного зберігання сировини","cat_8274"
"pc_08152","8274","Вибільник коагуляту","cat_8274"
"pc_08153","8274","Пекар комплексно-механізованої лінії","cat_8274"
"pc_08154","8274","Пекар-майстер","cat_8274"
"pc_08155","8274","Пресувальник напівфабрикату макаронних виробів","cat_8274"
"pc_08156","8274","Сушильник довготрубчастих макаронів","cat_8274"
"pc_08157","8274","Екстрагувальник пектину","cat_8274"
"pc_08158","8275","Апаратник гідратації (виробництво олії та жирів)","cat_8275"
"pc_08159","8275","Апаратник гідролізу крохмального молока","cat_8275"
"pc_08160","8275","Апаратник гомогенізації (виробництво консервів)","cat_8275"
"pc_08161","8275","Апаратник дезодорації","cat_8275"
"pc_08162","8275","Апаратник дифузії","cat_8275"
"pc_08163","8275","Апаратник-комплекторник","cat_8275"
"pc_08164","8275","Апаратник крохмального агрегата","cat_8275"
"pc_08165","8275","Апаратник знежирення сиропів","cat_8275"
"pc_08166","8275","Апаратник оброблення ефірних олій","cat_8275"
"pc_08167","8275","Апаратник осадження глютену","cat_8275"
"pc_08168","8275","Апаратник пароводотермічного агрегата","cat_8275"
"pc_08169","8275","Апаратник пастеризації (виробництво фруктових та овочевих консервів)","cat_8275"
"pc_08170","8275","Апаратник одержання декстрину","cat_8275"
"pc_08171","8275","Апаратник одержання кукурудзяної олії","cat_8275"
"pc_08172","8275","Апаратник одержання сиропів","cat_8275"
"pc_08173","8275","Апаратник одержання сухих кормів","cat_8275"
"pc_08174","8275","Апаратник одержання сухого крохмалю","cat_8275"
"pc_08175","8275","Апаратник одержання сирого крохмалю","cat_8275"
"pc_08176","8275","Апаратник одержання фосфатидів","cat_8275"
"pc_08177","8275","Апаратник одержання екструзійних крохмалепродуктів","cat_8275"
"pc_08178","8275","Апаратник з приготування майонезу","cat_8275"
"pc_08179","8275","Апаратник приготування високожирних емульсій","cat_8275"
"pc_08180","8275","Апаратник приготування кулінарних та кондитерських жирів","cat_8275"
"pc_08181","8275","Апаратник приготування окисленого крохмалю","cat_8275"
"pc_08182","8275","Апаратник приготування емульгатора","cat_8275"
"pc_08183","8275","Апаратник розщеплення жирів","cat_8275"
"pc_08184","8275","Апаратник рафінації жирів та олій","cat_8275"
"pc_08185","8275","Апаратник рафінування крохмалю","cat_8275"
"pc_08186","8275","Апаратник стерилізації консервів (виробництво фруктових та овочевих консервів)","cat_8275"
"pc_08187","8275","Апаратник сульфітації овочів та фруктів","cat_8275"
"pc_08188","8275","Апаратник термічної коагуляції білкових речовин","cat_8275"
"pc_08189","8275","Апаратник томатосокового агрегата","cat_8275"
"pc_08190","8275","Апаратник ферментації ефіроолійної сировини","cat_8275"
"pc_08191","8275","Апаратник-екстракторник","cat_8275"
"pc_08192","8275","Апаратник етаноламінової установки","cat_8275"
"pc_08193","8275","Бланшувальник","cat_8275"
"pc_08194","8275","Варник харчової сировини та продуктів (виробництво фруктових та овочевих консервів)","cat_8275"
"pc_08195","8275","Варник сиропів, соків та екстрактів","cat_8275"
"pc_08196","8275","Гідрогенізаторник","cat_8275"
"pc_08197","8275","Гідроциклонник","cat_8275"
"pc_08198","8275","Жарівник","cat_8275"
"pc_08199","8275","Заливальник продуктів консервування","cat_8275"
"pc_08200","8275","Калібрувальник харчових продуктів","cat_8275"
"pc_08201","8275","Контролер-вагар","cat_8275"
"pc_08202","8275","Контролер харчової продукції (виробництво фруктових та овочевих консервів)","cat_8275"
"pc_08203","8275","Машиніст дробильних установок (харчова промисловість)","cat_8275"
"pc_08204","8275","Машиніст закупорювальних машин (виробництво фруктових та овочевих консервів)","cat_8275"
"pc_08205","8275","Машиніст з очищення кукурудзяних качанів","cat_8275"
"pc_08206","8275","Машиніст протиральних машин","cat_8275"
"pc_08207","8275","Машиніст розливально-наповнювальних автоматів","cat_8275"
"pc_08208","8275","Машиніст шеретувальних установок (оброблення олієнасіння)","cat_8275"
"pc_08209","8275","Машиніст терткових машин","cat_8275"
"pc_08210","8275","Обжарювальник харчових продуктів (перероблення овочів, олієнасіння та горіхів)","cat_8275"
"pc_08211","8275","Оператор автоматизованої лінії варіння томатопродуктів","cat_8275"
"pc_08212","8275","Оператор лінії у виробництві харчової продукції (перероблення фруктів, овочів, олієнасіння та горіхів)","cat_8275"
"pc_08213","8275","Оператор лінії виробництва маргарину","cat_8275"
"pc_08214","8275","Оператор мийно-очищувального агрегата","cat_8275"
"pc_08215","8275","Оператор сублімаційної установки (перероблення фруктів, овочів, олієнасіння та горіхів)","cat_8275"
"pc_08216","8275","Плавильник харчового жиру","cat_8275"
"pc_08217","8275","Пресувальник-віджимач харчової продукції (перероблення фруктів, овочів, олієнасіння та горіхів)","cat_8275"
"pc_08218","8275","Пресувальник-формувальник харчової продукції (перероблення фруктів, овочів, олієнасіння та горіхів)","cat_8275"
"pc_08219","8275","Готувач крохмального молока","cat_8275"
"pc_08220","8275","Регенераторник","cat_8275"
"pc_08221","8275","Темперувальник жирової основи","cat_8275"
"pc_08222","8275","Фарширувальник овочів","cat_8275"
"pc_08223","8275","Ферментаторник","cat_8275"
"pc_08224","8275","Флотаторник (виробництво крохмалю та крохмалепродуктів)","cat_8275"
"pc_08225","8275","Фризерник (виробництво харчових жирів)","cat_8275"
"pc_08226","8275","Холодильщик харчової продукції","cat_8275"
"pc_08227","8275","Ексгаустерувальник банок з консервами","cat_8275"
"pc_08228","8275","Оператор лінії у виробництві харчової продукції (виробництво сухого глютену)","cat_8275"
"pc_08229","8275","Сушильник харчової продукції (виробництво цукру)","cat_8275"
"pc_08230","8276","Апаратник варіння утфелю","cat_8276"
"pc_08231","8276","Апаратник дефекосатурації бурякового соку","cat_8276"
"pc_08232","8276","Апаратник оброблення рафінадних голів","cat_8276"
"pc_08233","8276","Апаратник оброблення бурякового соку","cat_8276"
"pc_08234","8276","Апаратник одержання клейового розчину","cat_8276"
"pc_08235","8276","Апаратник одержання сахарату кальцію","cat_8276"
"pc_08236","8276","Вибивальник рафінадних голів","cat_8276"
"pc_08237","8276","Клерувальник цукру","cat_8276"
"pc_08238","8276","Машиніст буртоукладальної машини","cat_8276"
"pc_08239","8276","Оператор головного пульта керування","cat_8276"
"pc_08240","8276","Оператор іонітової установки","cat_8276"
"pc_08241","8276","Оператор лінії у виробництві харчової продукції (виробництво цукру)","cat_8276"
"pc_08242","8276","Оператор пробовідбірної установки","cat_8276"
"pc_08243","8276","Оператор виробничої дільниці","cat_8276"
"pc_08244","8276","Пресувальник-віджимач харчової продукції (виробництво цукру)","cat_8276"
"pc_08245","8276","Пресувальник-формувальник харчової продукції (виробництво цукру)","cat_8276"
"pc_08246","8276","Роздільник рафінаду","cat_8276"
"pc_08247","8276","Розливальник утфелю","cat_8276"
"pc_08248","8276","Різальник буряків","cat_8276"
"pc_08249","8277","Віяльник чаю","cat_8277"
"pc_08250","8277","Машиніст фіксаційних машин","cat_8277"
"pc_08251","8277","Машиніст чаєзав'ялювально-фіксаційних машин","cat_8277"
"pc_08252","8277","Машиніст чаєзав'ялювальних машин","cat_8277"
"pc_08253","8277","Машиніст чаєскручувальних машин","cat_8277"
"pc_08254","8277","Машиніст чаєсушильних машин","cat_8277"
"pc_08255","8277","Оператор лінії у виробництві харчової продукції (перероблення чаю, кави, какао та шоколаду)","cat_8277"
"pc_08256","8277","Оператор обжарювального апарата","cat_8277"
"pc_08257","8277","Оператор розпилювальної сушарки","cat_8277"
"pc_08258","8277","Оператор лінії для перероблення чаю","cat_8277"
"pc_08259","8277","Пресувальник-віджимач харчової продукції (перероблення чаю, кави, какао та шоколаду)","cat_8277"
"pc_08260","8277","Пресувальник-формувальник харчової продукції (перероблення чаю, кави, какао та шоколаду)","cat_8277"
"pc_08261","8277","Різальник харчової продукції","cat_8277"
"pc_08262","8277","Скиртувальник","cat_8277"
"pc_08263","8277","Пресувальник плиткового чаю","cat_8277"
"pc_08264","8278","Апаратник виробництва медових напоїв та іншої продукції бджільництва","cat_8278"
"pc_08265","8278","Апаратник вирощування дріжджів","cat_8278"
"pc_08266","8278","Апаратник коньячного виробництва","cat_8278"
"pc_08267","8278","Апаратник перегонки та ректифікації спирту","cat_8278"
"pc_08268","8278","Апаратник з вироблення оцту","cat_8278"
"pc_08269","8278","Апаратник з оброблення та купажування оцту","cat_8278"
"pc_08270","8278","Апаратник приготування живильних середовищ","cat_8278"
"pc_08271","8278","Апаратник виробництва шампанського","cat_8278"
"pc_08272","8278","Апаратник процесу бродіння","cat_8278"
"pc_08273","8278","Апаратник упарювання","cat_8278"
"pc_08274","8278","Денатураторник спирту","cat_8278"
"pc_08275","8278","Каптажник","cat_8278"
"pc_08276","8278","Оброблювач винної сировини","cat_8278"
"pc_08277","8278","Оброблювач виноматеріалів та вина","cat_8278"
"pc_08278","8278","Оброблювач води","cat_8278"
"pc_08279","8278","Оброблювач коньячних спиртів та коньяків","cat_8278"
"pc_08280","8278","Оброблювач відходів виноробства","cat_8278"
"pc_08281","8278","Оброблювач сусла та соків","cat_8278"
"pc_08282","8278","Оброблювач технологічних місткостей і тари","cat_8278"
"pc_08283","8278","Оператор лінії у виробництві харчової продукції (виробництво напоїв)","cat_8278"
"pc_08284","8278","Готувач мелясного сусла","cat_8278"
"pc_08285","8278","Готувач морсу","cat_8278"
"pc_08286","8278","Готувач живильних розчинів","cat_8278"
"pc_08287","8278","Готувач сухих пивних дріжджів","cat_8278"
"pc_08288","8278","Готувач шампанського","cat_8278"
"pc_08289","8278","Регулювальник полів фільтрації","cat_8278"
"pc_08290","8278","Солодовник","cat_8278"
"pc_08291","8278","Пивовар","cat_8278"
"pc_08292","8279","Вальцювальник (тютюново-махоркове виробництво)","cat_8279"
"pc_08293","8279","Завантажувач-вивантажувач ферментаційних камер","cat_8279"
"pc_08294","8279","Машиніст вібросит різальних машин","cat_8279"
"pc_08295","8279","Машиніст дробильних машин","cat_8279"
"pc_08296","8279","Машиніст лінії безперервної ферментації тютюну","cat_8279"
"pc_08297","8279","Машиніст лінії підготовки тютюну до ферментації","cat_8279"
"pc_08298","8279","Машиніст махорково-набивних машин","cat_8279"
"pc_08299","8279","Машиніст пневматичної установки","cat_8279"
"pc_08300","8279","Машиніст потоково-автоматизованих ліній перероблення тютюну","cat_8279"
"pc_08301","8279","Машиніст потоково-механізованих цигарково-сигаретних ліній та машин","cat_8279"
"pc_08302","8279","Машиніст-регулювальник","cat_8279"
"pc_08303","8279","Машиніст тютюнорізальних машин","cat_8279"
"pc_08304","8279","Машиніст фільтроробних машин","cat_8279"
"pc_08305","8279","Пресувальник махоркового пилу","cat_8279"
"pc_08306","8279","Пресувальник ряднини з-під тютюну","cat_8279"
"pc_08307","8279","Просівальник фарматури та відходів","cat_8279"
"pc_08308","8279","Розпушувач тютюну","cat_8279"
"pc_08309","8279","Розсівальник","cat_8279"
"pc_08310","8279","Розфасовувач нюхальної махорки та тютюну","cat_8279"
"pc_08311","8279","Розфасовувач тютюну","cat_8279"
"pc_08312","8279","Сушильник махоркової крихти","cat_8279"
"pc_08313","8279","Сушильник тютюну","cat_8279"
"pc_08314","8279","Зволожувальник махоркової сировини","cat_8279"
"pc_08315","8279","Зволожувальник тютюнової сировини","cat_8279"
"pc_08316","8282","Скручувальник виробів кабельного виробництва","cat_8282"
"pc_08317","8282","Бандажувальник","cat_8282"
"pc_08318","8282","Заготівник ізоляційних деталей","cat_8282"
"pc_08319","8282","Запресувальник гнотів","cat_8282"
"pc_08320","8282","Ізолювальник (ізоляційні роботи)","cat_8282"
"pc_08321","8282","Намотувальник котушок для електроприладів та апаратів","cat_8282"
"pc_08322","8282","Намотувальник котушок та секцій електромашин","cat_8282"
"pc_08323","8282","Намотувальник котушок трансформаторів","cat_8282"
"pc_08324","8282","Намотувальник секцій силових конденсаторів","cat_8282"
"pc_08325","8282","Намотувальник електроізоляційних виробів","cat_8282"
"pc_08326","8282","Обмотувальник елементів електричних машин","cat_8282"
"pc_08327","8282","Розтягальник секцій та котушок електричних машин","cat_8282"
"pc_08328","8282","Складальник обмоток трансформаторів","cat_8282"
"pc_08329","8282","Складальник-обробник котушок трансформаторів","cat_8282"
"pc_08330","8282","Складальник ртутно-цинкових, магнієвих та інших джерел струму","cat_8282"
"pc_08331","8282","Складальник ртутних випрямлячів","cat_8282"
"pc_08332","8282","Складальник свинцевих акумуляторів та батарей","cat_8282"
"pc_08333","8282","Складальник осердь трансформаторів","cat_8282"
"pc_08334","8282","Складальник потужнострумових конденсаторів","cat_8282"
"pc_08335","8282","Складальник струмообмежувальних реакторів","cat_8282"
"pc_08336","8282","Складальник трансформаторів","cat_8282"
"pc_08337","8282","Складальник лужних акумуляторів та батарей","cat_8282"
"pc_08338","8282","Складальник електричних машин та апаратів","cat_8282"
"pc_08339","8282","Складальник електровимірювальних приладів","cat_8282"
"pc_08340","8282","Складальник електрокерамічних виробів","cat_8282"
"pc_08341","8282","Скручувальник-ізолювальник жил та кабелю","cat_8282"
"pc_08342","8282","Скручувальник-ізолювальник елементів кабелів зв'язку","cat_8282"
"pc_08343","8282","Електродних безламельних акумуляторів та елементів","cat_8282"
"pc_08344","8282","Електродник ламельних акумуляторів та елементів","cat_8282"
"pc_08345","8283","Заготівник газопоглинача","cat_8283"
"pc_08346","8283","Заготівник деталей електровакуумних приладів","cat_8283"
"pc_08347","8283","Заготівник хімічних напівфабрикатів","cat_8283"
"pc_08348","8283","Лаборант-рентгеноструктурник","cat_8283"
"pc_08349","8283","Навивальник магнітопроводів","cat_8283"
"pc_08350","8283","Наклеювач заготовок","cat_8283"
"pc_08351","8283","Намотувальник спіралей та сіток","cat_8283"
"pc_08352","8283","Складальник індикаторів","cat_8283"
"pc_08353","8283","Складальник мікросхем","cat_8283"
"pc_08354","8283","Складальник-монтажник у виробництві кольорових кінескопів","cat_8283"
"pc_08355","8283","Складальник напівпровідникових приладів","cat_8283"
"pc_08356","8283","Складальник п'єзорезонаторів та виробів на основі п'єзоелементів","cat_8283"
"pc_08357","8283","Складальник радіодеталей","cat_8283"
"pc_08358","8283","Слюсар-монтажник приладового устаткування","cat_8283"
"pc_08359","8283","Слюсар-складальник авіаційних приладів","cat_8283"
"pc_08360","8284","Герметизаторник","cat_8284"
"pc_08361","8284","Виробник шкал та сіток фотоспособом","cat_8284"
"pc_08362","8284","Ізолювальник світловодів","cat_8284"
"pc_08363","8284","Клеїльник ебонітових виробів","cat_8284"
"pc_08364","8284","Лаборант з оброблення аерофотоплівок","cat_8284"
"pc_08365","8284","Монтувальник шин","cat_8284"
"pc_08366","8284","Обробник гумових виробів","cat_8284"
"pc_08367","8284","Складальник безбандажних шин","cat_8284"
"pc_08368","8284","Складальник браслетів та брекетів","cat_8284"
"pc_08369","8284","Складальник відновлюваних покришок","cat_8284"
"pc_08370","8284","Складальник-добудовник судновий","cat_8284"
"pc_08371","8284","Складальник залізобетонних суден","cat_8284"
"pc_08372","8284","Складальник іграшок","cat_8284"
"pc_08373","8284","Складальник виробів з пластмас","cat_8284"
"pc_08374","8284","Складальник виробів із склопластиків","cat_8284"
"pc_08375","8284","Складальник-клеїльник конструкцій","cat_8284"
"pc_08376","8284","Складальник-клепальник","cat_8284"
"pc_08377","8284","Складальник корпусів металевих суден","cat_8284"
"pc_08378","8284","Складальник пластмасових суден","cat_8284"
"pc_08379","8284","Складальник покришок","cat_8284"
"pc_08380","8284","Складальник гумових технічних виробів","cat_8284"
"pc_08381","8284","Складальник електроігор","cat_8284"
"pc_08382","8284","Слюсар-складальник виробів з органічного скла","cat_8284"
"pc_08383","8284","Стикувальник гумових виробів","cat_8284"
"pc_08384","8284","Стикувальник текстилю на пресі","cat_8284"
"pc_08385","8284","Складальник шиннопневматичних муфт","cat_8284"
"pc_08386","8285","Набивальник виробів","cat_8285"
"pc_08387","8285","Складальник дерев'яних суден","cat_8285"
"pc_08388","8285","Складальник деталей та виробів","cat_8285"
"pc_08389","8285","Складальник виробів з деревини","cat_8285"
"pc_08390","8285","Складальник коркових виробів","cat_8285"
"pc_08391","8286","Монтажник апаратури спеціальних головних уборів","cat_8286"
"pc_08392","8286","Складальник паперових виробів","cat_8286"
"pc_08393","8286","Складальник виробів","cat_8286"
"pc_08394","8286","Укладальник виробів","cat_8286"
"pc_08395","8289","Складальник дерев'яних і пластмасових суден","cat_8289"
"pc_08396","8290","Маркувальник (спеціальні хімічні виробництва)","cat_8290"
"pc_08397","8290","Слюсар-складальник спеціальної електро-радіоапаратури","cat_8290"
"pc_08398","8290","Боєць (газорятівник)","cat_8290"
"pc_08399","8290","Машиніст установок з обслуговування рухомого складу","cat_8290"
"pc_08400","8290","Автоматник на вузлов'язальних та навивальних автоматах та верстатах","cat_8290"
"pc_08401","8290","Аеродромний робітник","cat_8290"
"pc_08402","8290","Водій транспортно-прибиральної машини","cat_8290"
"pc_08403","8290","Газорятівник","cat_8290"
"pc_08404","8290","Зашивальник м'якої тари","cat_8290"
"pc_08405","8290","Виробник стрічок та металосіток","cat_8290"
"pc_08406","8290","Виробник металорукавів, гнучких валів та бронеспіралей","cat_8290"
"pc_08407","8290","Вимірювач ємностей","cat_8290"
"pc_08408","8290","Випробувач металевих канатів та ланцюгів","cat_8290"
"pc_08409","8290","Калібрувальник ланцюгів","cat_8290"
"pc_08410","8290","Каніліровник дроту","cat_8290"
"pc_08411","8290","Кардівник","cat_8290"
"pc_08412","8290","Клеїльник паперу, картону й виробів з них","cat_8290"
"pc_08413","8290","Маркувальник","cat_8290"
"pc_08414","8290","Маркувальник деталей та приладів","cat_8290"
"pc_08415","8290","Машиніст зумпфового агрегата","cat_8290"
"pc_08416","8290","Машиніст машини для ізоляції газонафтопродуктопроводів","cat_8290"
"pc_08417","8290","Машиніст машини для нанесення плівкоутворювальної рідини","cat_8290"
"pc_08418","8290","Машиніст мийної установки","cat_8290"
"pc_08419","8290","Машиніст піскоподавальної установки","cat_8290"
"pc_08420","8290","Машиніст поворотної й підіймальної машин моста","cat_8290"
"pc_08421","8290","Машиніст з навивання канатів","cat_8290"
"pc_08422","8290","Машиніст розфасувально-пакувальних машин","cat_8290"
"pc_08423","8290","Машиніст сцени","cat_8290"
"pc_08424","8290","Машиніст пакувальної машини","cat_8290"
"pc_08425","8290","Машиніст ескалатора","cat_8290"
"pc_08426","8290","Набивальник трубчастих електронагрівачів","cat_8290"
"pc_08427","8290","Навійник основи з дроту","cat_8290"
"pc_08428","8290","Оброблювач основи металосіток","cat_8290"
"pc_08429","8290","Оператор дефектоскопного візка","cat_8290"
"pc_08430","8290","Оператор колійних вимірювань","cat_8290"
"pc_08431","8290","Оформлювач готової продукції","cat_8290"
"pc_08432","8290","Підганяльник шунтів","cat_8290"
"pc_08433","8290","Пресувальник електровугільних виробів","cat_8290"
"pc_08434","8290","Пробовідбірник","cat_8290"
"pc_08435","8290","Пробиральник основи металосіток","cat_8290"
"pc_08436","8290","Промивальник-пропарювач цистерн","cat_8290"
"pc_08437","8290","Розподілювач робіт","cat_8290"
"pc_08438","8290","Розтягальник металосіток","cat_8290"
"pc_08439","8290","Редукувальник трубчастих електронагрівачів","cat_8290"
"pc_08440","8290","Складальник склопакетів","cat_8290"
"pc_08441","8290","Складальник теплоізоляційних конструкцій","cat_8290"
"pc_08442","8290","Складальник хімапаратури та хімустаткування","cat_8290"
"pc_08443","8290","Слюсар-складальник радіоелектронної апаратури та приладів","cat_8290"
"pc_08444","8290","Зливальник-розливальник","cat_8290"
"pc_08445","8290","Сортувальник контейнерів","cat_8290"
"pc_08446","8290","Сортувальник (пакувальник) теплоізоляційних виробів","cat_8290"
"pc_08447","8290","Знімач-розкрійник металосіток","cat_8290"
"pc_08448","8290","Пакувальник цементу","cat_8290"
"pc_08449","8290","Пакувальник електродів","cat_8290"
"pc_08450","8290","Шліфувальник електровугільних виробів","cat_8290"
"pc_08451","8290","Штемпелювальник етикеток","cat_8290"
"pc_08452","8290","Оператор електронно-обчислювальних та обчислювальних машин","cat_8290"
"pc_08453","8290","Зливальник-розливальник вибухонебезпечної продукції (спеціальні хімічні виробництва)","cat_8290"
"pc_08454","8311","Машиніст вагоповірочного вагона","cat_8311"
"pc_08455","8311","Машиніст колійних машин","cat_8311"
"pc_08456","8311","Водій дрезини","cat_8311"
"pc_08457","8311","Машиніст автомотриси","cat_8311"
"pc_08458","8311","Машиніст дизель-поїзда","cat_8311"
"pc_08459","8311","Машиніст локомотива на поромах","cat_8311"
"pc_08460","8311","Машиніст мотовоза","cat_8311"
"pc_08461","8311","Машиніст тягового агрегата","cat_8311"
"pc_08462","8311","Машиніст електровоза металургійного цеху","cat_8311"
"pc_08463","8311","Машиніст електровоза","cat_8311"
"pc_08464","8311","Машиніст електропоїзда","cat_8311"
"pc_08465","8311","Машиніст незнімної дрезини","cat_8311"
"pc_08466","8311","Машиніст паровоза","cat_8311"
"pc_08467","8311","Машиніст тепловоза","cat_8311"
"pc_08468","8311","Машиніст-інструктор бригад спеціального самохідного рухомого складу","cat_8311"
"pc_08469","8311","Машиніст-інструктор локомотивних бригад","cat_8311"
"pc_08470","8311","Помічник машиніста електропоїзда","cat_8311"
"pc_08471","8312","Черговий по переїзду","cat_8312"
"pc_08472","8312","Черговий стрілочного поста","cat_8312"
"pc_08473","8312","Оператор поста централізації","cat_8312"
"pc_08474","8312","Оператор сортувальної гірки","cat_8312"
"pc_08475","8312","Регулювальник швидкості руху вагонів","cat_8312"
"pc_08476","8312","Сигналіст","cat_8312"
"pc_08477","8312","Складач поїздів","cat_8312"
"pc_08478","8312","Приймальник поїздів","cat_8312"
"pc_08479","8319","Машиніст рухомого складу на електротязі","cat_8319"
"pc_08480","8321","Контролер технічного стану колісних транспортних засобів","cat_8321"
"pc_08481","8321","Водій аеросаней","cat_8321"
"pc_08482","8321","Водій мототранспортних засобів","cat_8321"
"pc_08483","8322","Водій автотранспортних засобів (водій таксі)","cat_8322"
"pc_08484","8322","Водій автотранспортних засобів","cat_8322"
"pc_08485","8323","Водій трамвая","cat_8323"
"pc_08486","8323","Водій тролейбуса","cat_8323"
"pc_08487","8323","Приймальник трамваїв та тролейбусів","cat_8323"
"pc_08488","8331","Машиніст-оператор дощувальних машин та агрегатів","cat_8331"
"pc_08489","8331","Лебідник на лісозаготівлях","cat_8331"
"pc_08490","8331","Машиніст лісозаготівельної машини","cat_8331"
"pc_08491","8331","Оператор лісозаготівельного устаткування","cat_8331"
"pc_08492","8331","Водій всюдихода","cat_8331"
"pc_08493","8331","Контролер технічного стану автомототранспортних засобів (сільсько- та лісогосподарські установки)","cat_8331"
"pc_08494","8331","Майстер-налагоджувальник з технічного обслуговування машинно-тракторного парку","cat_8331"
"pc_08495","8331","Машиніст дражувальних машин","cat_8331"
"pc_08496","8331","Машиніст калібрувальних машин","cat_8331"
"pc_08497","8331","Машиніст-кранівник","cat_8331"
"pc_08498","8331","Машиніст машин для заготівлі очерету","cat_8331"
"pc_08499","8331","Машиніст насіннєочисних машин","cat_8331"
"pc_08500","8331","Машиніст насіннєшліфувальних машин","cat_8331"
"pc_08501","8331","Оператор лінії замочування насіння","cat_8331"
"pc_08502","8331","Оператор лінії протравлювання насіння","cat_8331"
"pc_08503","8331","Тракторист","cat_8331"
"pc_08504","8331","Тракторист (лісозаготівельні роботи)","cat_8331"
"pc_08505","8331","Тракторист-машиніст сільськогосподарського (лісогосподарського) виробництва","cat_8331"
"pc_08506","8331","Трелювальник","cat_8331"
"pc_08507","8332","Машиніст колієпересувача","cat_8332"
"pc_08508","8332","Машиніст термічної установки для розігріву асфальтобетонного покриття","cat_8332"
"pc_08509","8332","Асфальтобетонник","cat_8332"
"pc_08510","8332","Дорожній робітник","cat_8332"
"pc_08511","8332","Контролер технічного стану автомототранспортних засобів (установки для виконання земляних та подібних робіт)","cat_8332"
"pc_08512","8332","Копрівник","cat_8332"
"pc_08513","8332","Машиніст автобетонолома","cat_8332"
"pc_08514","8332","Машиніст автобетононасоса","cat_8332"
"pc_08515","8332","Машиніст автогрейдера","cat_8332"
"pc_08516","8332","Машиніст автогудронатора","cat_8332"
"pc_08517","8332","Машиніст автоямобура","cat_8332"
"pc_08518","8332","Машиніст агрегата безповітряного розпилення високого тиску","cat_8332"
"pc_08519","8332","Машиніст барової установки","cat_8332"
"pc_08520","8332","Машиніст бетононасосної установки","cat_8332"
"pc_08521","8332","Машиніст бетонозмішувача пересувного","cat_8332"
"pc_08522","8332","Машиніст бетоноукладача","cat_8332"
"pc_08523","8332","Машиніст бітумоплавильної пересувної установки","cat_8332"
"pc_08524","8332","Машиніст бульдозера (будівельні роботи)","cat_8332"
"pc_08525","8332","Машиніст бурильно-кранової самохідної машини","cat_8332"
"pc_08526","8332","Машиніст вібровдавлювального занурювача паль самохідного","cat_8332"
"pc_08527","8332","Машиніст віброзанурювача безкопрового","cat_8332"
"pc_08528","8332","Машиніст гідромоніторно-ежекторного плавучого несамохідного снаряда","cat_8332"
"pc_08529","8332","Машиніст гідросівалки самохідної","cat_8332"
"pc_08530","8332","Машиніст грейдера причіпного","cat_8332"
"pc_08531","8332","Машиніст грейдер-елеватора","cat_8332"
"pc_08532","8332","Машиніст дизель-молота безкопрового","cat_8332"
"pc_08533","8332","Машиніст дорожньо-транспортних машин","cat_8332"
"pc_08534","8332","Машиніст дренажної машини","cat_8332"
"pc_08535","8332","Машиніст залізнично-будівельних машин","cat_8332"
"pc_08536","8332","Машиніст землерийно-фрезерної самохідної машини","cat_8332"
"pc_08537","8332","Машиніст землесосного плавучого несамохідного снаряда","cat_8332"
"pc_08538","8332","Машиніст котка самохідного та напівпричіпного на пневматичних шинах","cat_8332"
"pc_08539","8332","Машиніст котка самохідного з рівними вальцями","cat_8332"
"pc_08540","8332","Машиніст копра","cat_8332"
"pc_08541","8332","Машиніст крана автомобільного","cat_8332"
"pc_08542","8332","Машиніст льодорізної машини","cat_8332"
"pc_08543","8332","Машиніст маркірувальної машини для розмічання автомобільних доріг","cat_8332"
"pc_08544","8332","Машиніст машини для влаштування укріплювальних смуг","cat_8332"
"pc_08545","8332","Машиніст машини для влаштування швів під час виконання дорожніх робіт","cat_8332"
"pc_08546","8332","Машиніст механічного устаткування землесосних плавучих несамохідних снарядів та ґрунтонасосних установок","cat_8332"
"pc_08547","8332","Машиніст нарізувача швів самохідного","cat_8332"
"pc_08548","8332","Машиніст профілювальника","cat_8332"
"pc_08549","8332","Машиніст скрепера (будівельні, монтажні та ремонтно-будівельні роботи)","cat_8332"
"pc_08550","8332","Машиніст скрепера (скреперист)","cat_8332"
"pc_08551","8332","Машиніст трубоочисної машини","cat_8332"
"pc_08552","8332","Машиніст трубоукладача","cat_8332"
"pc_08553","8332","Машиніст укладача асфальтобетону","cat_8332"
"pc_08554","8332","Машиніст ущільнювальної та планувально-ущільнювальної машини","cat_8332"
"pc_08555","8332","Машиніст установки для продавлювання та горизонтального буріння ґрунту","cat_8332"
"pc_08556","8332","Машиніст фінішера","cat_8332"
"pc_08557","8332","Машиніст екскаватора одноковшового","cat_8332"
"pc_08558","8332","Машиніст екскаватора роторного","cat_8332"
"pc_08559","8332","Машиніст електричного устаткування землесосних плавучих несамохідних снарядів та ґрунтонасосних установок","cat_8332"
"pc_08560","8332","Робітник карти намиву","cat_8332"
"pc_08561","8332","Річковий робітник на експлуатації та обслуговуванні несамохідних плавучих снарядів та інших плавучих засобів","cat_8332"
"pc_08562","8332","Машиніст бурової установки (будівельні роботи)","cat_8332"
"pc_08563","8332","Машиніст-оператор навантажувальної машини (будівельні роботи)","cat_8332"
"pc_08564","8333","Вагонетник повітряно-канатної дороги","cat_8333"
"pc_08565","8333","Лебідник","cat_8333"
"pc_08566","8333","Ліфтер","cat_8333"
"pc_08567","8333","Машиніст автовишки та автогідропідіймача","cat_8333"
"pc_08568","8333","Машиніст автокомпресора","cat_8333"
"pc_08569","8333","Машиніст автомобілерозвантажувача","cat_8333"
"pc_08570","8333","Машиніст вагоноперекидача","cat_8333"
"pc_08571","8333","Машиніст повітряно-канатної дороги","cat_8333"
"pc_08572","8333","Машиніст вантажного причалу","cat_8333"
"pc_08573","8333","Машиніст крана (кранівник)","cat_8333"
"pc_08574","8333","Машиніст крана металургійного виробництва","cat_8333"
"pc_08575","8333","Машиніст механізованого натяжного пристрою для виготовлення напружно-армованих конструкцій","cat_8333"
"pc_08576","8333","Машиніст механізованого устаткування для підіймання рухомої (ковзної) опалубки","cat_8333"
"pc_08577","8333","Машиніст перевантажувачів","cat_8333"
"pc_08578","8333","Машиніст підземних установок","cat_8333"
"pc_08579","8333","Машиніст підіймача","cat_8333"
"pc_08580","8333","Машиніст підіймача вантажно-пасажирського будівельного","cat_8333"
"pc_08581","8333","Машиніст підіймача щоглового, стоякового й шахтового","cat_8333"
"pc_08582","8333","Машиніст підіймальної машини","cat_8333"
"pc_08583","8333","Машиніст підіймально-пересувних риштувань","cat_8333"
"pc_08584","8333","Машиніст колієремонтної летючки","cat_8333"
"pc_08585","8333","Машиніст скреперної лебідки","cat_8333"
"pc_08586","8333","Машиніст штабелеформувальної машини","cat_8333"
"pc_08587","8333","Машиніст штирьового крана","cat_8333"
"pc_08588","8333","Машиніст електролебідки","cat_8333"
"pc_08589","8333","Механізатор (докер-механізатор) комплексної бригади на навантажувально-розвантажувальних роботах","cat_8333"
"pc_08590","8333","Моторист механічної лопати","cat_8333"
"pc_08591","8333","Моторист поворотного круга","cat_8333"
"pc_08592","8333","Моторист транспортувальних механізмів","cat_8333"
"pc_08593","8333","Оператор механізованих та автоматизованих складів","cat_8333"
"pc_08594","8333","Тунельник-моторист скіпового підіймача","cat_8333"
"pc_08595","8333","Транспортувальник (обслуговування механізмів)","cat_8333"
"pc_08596","8333","Машиніст автопідіймача (автодрабини) пожежного пересувного","cat_8333"
"pc_08597","8333","Машиніст насосних установок пожежно-рятувального транспортного засобу","cat_8333"
"pc_08598","8334","Водій навантажувача","cat_8334"
"pc_08599","8334","Водій самохідних механізмів","cat_8334"
"pc_08600","8334","Водій електро- та автовізка","cat_8334"
"pc_08601","8334","Машиніст телескопічних трапів","cat_8334"
"pc_08602","8339","Майстер з експлуатації, ремонту та обслуговування сільськогосподарської техніки","cat_8339"
"pc_08603","8339","Машиніст дорожньо-будівельних машин","cat_8339"
"pc_08604","8339","Машиніст землерийно-будівельних машин","cat_8339"
"pc_08605","8339","Машиніст насіннєобробних машин","cat_8339"
"pc_08606","8339","Машиніст підіймально-транспортних машин","cat_8339"
"pc_08607","8339","Машиніст підіймача будівельний","cat_8339"
"pc_08608","8340","Судноводій маломірного моторного судна","cat_8340"
"pc_08609","8340","Боцман судна змішаного плавання ""ріка-море"" (боцман-моторист, боцман-електрозварник)","cat_8340"
"pc_08610","8340","Береговий боцман","cat_8340"
"pc_08611","8340","Береговий матрос","cat_8340"
"pc_08612","8340","Береговий робітник","cat_8340"
"pc_08613","8340","Боцман","cat_8340"
"pc_08614","8340","Бригадир розвідувальної руслової партії","cat_8340"
"pc_08615","8340","Бригадир поста судноплавної обстановки","cat_8340"
"pc_08616","8340","Вакуумник","cat_8340"
"pc_08617","8340","Днювальний","cat_8340"
"pc_08618","8340","Камбузник","cat_8340"
"pc_08619","8340","Кочегар судна","cat_8340"
"pc_08620","8340","Крановий електрик","cat_8340"
"pc_08621","8340","Матрос","cat_8340"
"pc_08622","8340","Матрос пожежний","cat_8340"
"pc_08623","8340","Машиніст котельної установки","cat_8340"
"pc_08624","8340","Машиніст помповий (донкерман)","cat_8340"
"pc_08625","8340","Машиніст рибоборошняної установки","cat_8340"
"pc_08626","8340","Моторист (машиніст)","cat_8340"
"pc_08627","8340","Моторист самостійного керування судновим двигуном","cat_8340"
"pc_08628","8340","Моторист трюмовий","cat_8340"
"pc_08629","8340","Оператор спеціальних пристроїв земснарядів","cat_8340"
"pc_08630","8340","Підшкіпер","cat_8340"
"pc_08631","8340","Польовий (шляховий) робітник розвідувальної руслової партії","cat_8340"
"pc_08632","8340","Помічник механіка","cat_8340"
"pc_08633","8340","Постовий робітник судноплавної обстановки","cat_8340"
"pc_08634","8340","Шляховий робітник тральної бригади","cat_8340"
"pc_08635","8340","Роз'їзний робітник обстановочної бригади","cat_8340"
"pc_08636","8340","Стерновий (керманич)","cat_8340"
"pc_08637","8340","Сигнальник боновий","cat_8340"
"pc_08638","8340","Доглядач маяка","cat_8340"
"pc_08639","8340","Доглядач вогнів","cat_8340"
"pc_08640","8340","Електрорадіонавігатор","cat_8340"
"pc_08641","8340","Ліквідатор розливів нафти та нафтопродуктів у морі","cat_8340"
"pc_08642","8340","Матрос тралової команди","cat_8340"
"pc_08643","8340","Матрос трюмний","cat_8340"
"pc_08644","8340","Матрос-рятувальник","cat_8340"
"pc_08645","8340","Механік малотоннажного судна","cat_8340"
"pc_08646","8340","Моторист з ремонту та обслуговування суднових технічних засобів та електроустаткування (моторист-електрик)","cat_8340"
"pc_08647","8340","Моторист-матрос","cat_8340"
"pc_08648","8340","Моторист-оператор (судновий)","cat_8340"
"pc_08649","8340","Моторист-стерновий (керманич)","cat_8340"
"pc_08650","8340","Судноводій малотоннажного судна","cat_8340"
"pc_08651","8990","Бригадир на дільницях основного виробництва (інші виробництва)","cat_8990"
"pc_08652","8990","Майстер з експлуатації та ремонту роботизованих та мехатронних систем","cat_8990"
"pc_08653","8990","Оператор дистанційно керованих апаратів","cat_8990"
"pc_08654","8990","Оператор механізованого засобу розмінування","cat_8990"
"pc_08655","9120","Розклеювач оголошень","cat_9120"
"pc_08656","9120","Чистильник взуття","cat_9120"
"pc_08657","9131","Натирач підлоги","cat_9131"
"pc_08658","9131","Робітник домашній","cat_9131"
"pc_08659","9132","Кубівник","cat_9132"
"pc_08660","9132","Кухонний робітник","cat_9132"
"pc_08661","9132","Мийник посуду","cat_9132"
"pc_08662","9132","Монтувальник сцени","cat_9132"
"pc_08663","9132","Прибиральник виробничих приміщень","cat_9132"
"pc_08664","9132","Прибиральник службових приміщень","cat_9132"
"pc_08665","9132","Уніформіст","cat_9132"
"pc_08666","9132","Каштелян","cat_9132"
"pc_08667","9132","Робітник з надання послуг у сфері сільського туризму","cat_9132"
"pc_08668","9133","Прасувальник","cat_9133"
"pc_08669","9133","Комплектувальник білизни","cat_9133"
"pc_08670","9133","Готувач білизни для прасування","cat_9133"
"pc_08671","9133","Робітник з обслуговування лазні","cat_9133"
"pc_08672","9133","Робітник виробничих лазень","cat_9133"
"pc_08673","9141","Консьєрж","cat_9141"
"pc_08674","9141","Опалювач","cat_9141"
"pc_08675","9141","Черговий по кімнаті матері та дитини","cat_9141"
"pc_08676","9141","Черговий по кімнаті відпочинку (водіїв автомобілів, пасажирів)","cat_9141"
"pc_08677","9141","Черговий по гуртожитку","cat_9141"
"pc_08678","9141","Доглядач","cat_9141"
"pc_08679","9142","Дезінфектор","cat_9142"
"pc_08680","9142","Мийник літальних апаратів","cat_9142"
"pc_08681","9142","Мийник-прибиральник рухомого складу","cat_9142"
"pc_08682","9142","Склопротиральник","cat_9142"
"pc_08683","9151","Постачальник поїзних документів","cat_9151"
"pc_08684","9151","Кур'єр","cat_9151"
"pc_08685","9151","Носій","cat_9151"
"pc_08686","9151","Постачальник замовлень","cat_9151"
"pc_08687","9152","Гардеробник","cat_9152"
"pc_08688","9152","Черговий біля ескалатора","cat_9152"
"pc_08689","9152","Контролер автоматичних пропускних пунктів метрополітену","cat_9152"
"pc_08690","9152","Сторож","cat_9152"
"pc_08691","9152","Швейцар","cat_9152"
"pc_08692","9152","Музейний доглядач","cat_9152"
"pc_08693","9153","Контролер енергонагляду","cat_9153"
"pc_08694","9153","Збиральник грошей (торговельні автомати, турнікети)","cat_9153"
"pc_08695","9161","Приймальник побутових відходів","cat_9161"
"pc_08696","9161","Машиніст прибиральних машин","cat_9161"
"pc_08697","9161","Робітник з благоустрою","cat_9161"
"pc_08698","9161","Прибиральник сміттєпроводів","cat_9161"
"pc_08699","9162","Двірник","cat_9162"
"pc_08700","9162","Робітник з комплексного прибирання та утримання будинків з прилеглими територіями","cat_9162"
"pc_08701","9162","Прибиральник територій","cat_9162"
"pc_08702","9211","Препаратор (ветеринарна медицина)","cat_9211"
"pc_08703","9211","Робітник плодоовочевого сховища","cat_9211"
"pc_08704","9211","Замірник","cat_9211"
"pc_08705","9212","Заготівельник банних віників","cat_9212"
"pc_08706","9212","Возій продукції лісу","cat_9212"
"pc_08707","9212","Випалювач деревного вугілля","cat_9212"
"pc_08708","9212","Заготівник (лісозаготівельні роботи)","cat_9212"
"pc_08709","9212","Заготівник очерету","cat_9212"
"pc_08710","9212","Об'їжджувач","cat_9212"
"pc_08711","9212","Збирач живиці","cat_9212"
"pc_08712","9213","Ловець бездоглядних тварин","cat_9213"
"pc_08713","9213","Розвідник об'єктів природи для колекцій","cat_9213"
"pc_08714","9213","Рибалка кефального господарства","cat_9213"
"pc_08715","9311","Робітник на геологічних роботах","cat_9311"
"pc_08716","9311","Автоклавник на запарюванні брикетів","cat_9311"
"pc_08717","9311","Апаратник згущувачів","cat_9311"
"pc_08718","9311","Апаратник солезбагачувальної установки","cat_9311"
"pc_08719","9311","Вибірник-укладальник каменя","cat_9311"
"pc_08720","9311","Вивантажувач гарячого агломерату","cat_9311"
"pc_08721","9311","Вивантажувач миш'яку","cat_9311"
"pc_08722","9311","Вивантажувач на відвалах","cat_9311"
"pc_08723","9311","Вивантажувач пилу","cat_9311"
"pc_08724","9311","Газомірник","cat_9311"
"pc_08725","9311","Гірник","cat_9311"
"pc_08726","9311","Гірник розрізу","cat_9311"
"pc_08727","9311","Гірник біля екскаваторів, відвальних мостів і відвалоутворювачів","cat_9311"
"pc_08728","9311","Грохотник-шурувальник","cat_9311"
"pc_08729","9311","Постачальник кріпильних матеріалів у шахту","cat_9311"
"pc_08730","9311","Дренажист з видобутку мірабіліту","cat_9311"
"pc_08731","9311","Заготівник слюди","cat_9311"
"pc_08732","9311","Завантажувач","cat_9311"
"pc_08733","9311","Завантажувач-вивантажувач вагранок і печей","cat_9311"
"pc_08734","9311","Замірник дебітів свердловин","cat_9311"
"pc_08735","9311","Калібрувальник слюди (оброблення слюди)","cat_9311"
"pc_08736","9311","Калібрувальник скловиробів","cat_9311"
"pc_08737","9311","Канавник (видобуток торфу)","cat_9311"
"pc_08738","9311","Кар'єрник","cat_9311"
"pc_08739","9311","Класифікаторник слюди","cat_9311"
"pc_08740","9311","Колій слюди","cat_9311"
"pc_08741","9311","Контролер продукції збагачення","cat_9311"
"pc_08742","9311","Контролер суспензії","cat_9311"
"pc_08743","9311","Контролер вуглеприймання","cat_9311"
"pc_08744","9311","Корчувальник","cat_9311"
"pc_08745","9311","Лаборант-колектор","cat_9311"
"pc_08746","9311","Стрічковий прибиральник","cat_9311"
"pc_08747","9311","Матрос драги","cat_9311"
"pc_08748","9311","Машиніст мішалок","cat_9311"
"pc_08749","9311","Машиніст опудрювуча обкотишів","cat_9311"
"pc_08750","9311","Машиніст перекидного жолоба","cat_9311"
"pc_08751","9311","Машиніст живильника","cat_9311"
"pc_08752","9311","Машиніст з обслуговування силосів та вугільної башти","cat_9311"
"pc_08753","9311","Машиніст розморожувальної установки","cat_9311"
"pc_08754","9311","Машиніст змішувальної установки гідрозакладки","cat_9311"
"pc_08755","9311","Машиніст сортувалки","cat_9311"
"pc_08756","9311","Машиніст установки з оброблення транспортних засобів","cat_9311"
"pc_08757","9311","Наваловідбійник","cat_9311"
"pc_08758","9311","Обпилювач каменю","cat_9311"
"pc_08759","9311","Перекидальник","cat_9311"
"pc_08760","9311","Посипальник слюдою","cat_9311"
"pc_08761","9311","Готувач бурового розчину","cat_9311"
"pc_08762","9311","Готувач реактивної води","cat_9311"
"pc_08763","9311","Приймальник руди та азбесту","cat_9311"
"pc_08764","9311","Пробуторник малолітражної драги","cat_9311"
"pc_08765","9311","Провідник на геологічних пошуках і зйомці","cat_9311"
"pc_08766","9311","Робітник на геофізичних роботах","cat_9311"
"pc_08767","9311","Робітник протилавинного захисту","cat_9311"
"pc_08768","9311","Роздавальник вибухових матеріалів","cat_9311"
"pc_08769","9311","Розчиняльник реагентів","cat_9311"
"pc_08770","9311","Різальник слюди","cat_9311"
"pc_08771","9311","Різальник траншей","cat_9311"
"pc_08772","9311","Різальник електроізоляційних матеріалів","cat_9311"
"pc_08773","9311","Сортувальник (збагачення)","cat_9311"
"pc_08774","9311","Сортувальник сировини та виробів із слюди","cat_9311"
"pc_08775","9311","Сульфатник","cat_9311"
"pc_08776","9311","Знімач брикетів","cat_9311"
"pc_08777","9311","Торфоробітник","cat_9311"
"pc_08778","9311","Цементаторник гідромідьустановки","cat_9311"
"pc_08779","9311","Шліфувальник мікалексу","cat_9311"
"pc_08780","9311","Шліхівник","cat_9311"
"pc_08781","9311","Шлюзівник","cat_9311"
"pc_08782","9312","Дренажник","cat_9312"
"pc_08783","9321","Армувальник кабельних виробів","cat_9321"
"pc_08784","9321","Вставник деталей, виробів та фурнітури","cat_9321"
"pc_08785","9321","В'язальник прутків та дроту","cat_9321"
"pc_08786","9321","Доводжувач вугільних шайб","cat_9321"
"pc_08787","9321","Заготівник (електронна техніка)","cat_9321"
"pc_08788","9321","Заготівник клапанів","cat_9321"
"pc_08789","9321","Виробник абразивних пилок","cat_9321"
"pc_08790","9321","Виготовлювач фольгованих склоплит","cat_9321"
"pc_08791","9321","Клеїльник-обпресувальник","cat_9321"
"pc_08792","9321","Комплектувальник проводів","cat_9321"
"pc_08793","9321","Комплектувальник туб","cat_9321"
"pc_08794","9321","Конопатник електрощіткового виробництва","cat_9321"
"pc_08795","9321","Монтажник","cat_9321"
"pc_08796","9321","Монтувальник вентилів","cat_9321"
"pc_08797","9321","Монтувальник штучних зубів","cat_9321"
"pc_08798","9321","Монтувальник склометалізованої нитки","cat_9321"
"pc_08799","9321","Монтувальник шиннопневматичних муфт","cat_9321"
"pc_08800","9321","Намотувальник резисторів","cat_9321"
"pc_08801","9321","Намотувальник секцій конденсаторів","cat_9321"
"pc_08802","9321","Намотувальник електромагнітних осердь","cat_9321"
"pc_08803","9321","Обв'язувальник агломератів","cat_9321"
"pc_08804","9321","Обв'язувальник електровугільних виробів","cat_9321"
"pc_08805","9321","Обклеювач батарей","cat_9321"
"pc_08806","9321","Перемотувальник","cat_9321"
"pc_08807","9321","Підбирач скла","cat_9321"
"pc_08808","9321","Складальник волокнистоцементних виробів","cat_9321"
"pc_08809","9321","Складальник азбестометалевих листів","cat_9321"
"pc_08810","9321","Складальник балонів","cat_9321"
"pc_08811","9321","Складальник вологопоглиначів","cat_9321"
"pc_08812","9321","Складальник випрямлячів","cat_9321"
"pc_08813","9321","Складальник гальванічних елементів та батарей","cat_9321"
"pc_08814","9321","Складальник ін'єкційних голок","cat_9321"
"pc_08815","9321","Складальник каркасів у виробництві гіпсобетонних панелей","cat_9321"
"pc_08816","9321","Складальник кварцових тримачів","cat_9321"
"pc_08817","9321","Складальник стрічок","cat_9321"
"pc_08818","9321","Складальник металевих щіток","cat_9321"
"pc_08819","9321","Складальник пакетів конденсаторів","cat_9321"
"pc_08820","9321","Складальник пластин штучної шкіри","cat_9321"
"pc_08821","9321","Збирач коркового пилу","cat_9321"
"pc_08822","9321","Складальник скловиробів","cat_9321"
"pc_08823","9321","Складальник термосів","cat_9321"
"pc_08824","9321","Складальник шайб","cat_9321"
"pc_08825","9321","Складальник шприців","cat_9321"
"pc_08826","9321","Складальник штемпелів","cat_9321"
"pc_08827","9321","Складальник щілинних сит","cat_9321"
"pc_08828","9321","Складальник електровугільного виробництва","cat_9321"
"pc_08829","9321","Склеювач п'єзоелементів","cat_9321"
"pc_08830","9321","Сортувальник електроізоляційних матеріалів","cat_9321"
"pc_08831","9321","Сортувальник електровугільних виробів","cat_9321"
"pc_08832","9321","Чистильник електровугільних виробів","cat_9321"
"pc_08833","9322","Випробувач кабелів та спеціальної апаратури","cat_9322"
"pc_08834","9322","Галтувальник метизної продукції","cat_9322"
"pc_08835","9322","Гіпсувальник","cat_9322"
"pc_08836","9322","Арматурник язичкових інструментів","cat_9322"
"pc_08837","9322","Ароматизаторник","cat_9322"
"pc_08838","9322","Аерографіст (виробництво скла та скловиробів)","cat_9322"
"pc_08839","9322","Аерографіст (поліграфічне виробництво)","cat_9322"
"pc_08840","9322","Торочківник","cat_9322"
"pc_08841","9322","Бондар-закупорювач (виробництво поліграфічних фарб)","cat_9322"
"pc_08842","9322","Вакуумник термосних колб","cat_9322"
"pc_08843","9322","Вальцювальник голок","cat_9322"
"pc_08844","9322","Вальцювальник керамічної плівки","cat_9322"
"pc_08845","9322","Вагар-обліковець","cat_9322"
"pc_08846","9322","Вибивальник м'якої тари","cat_9322"
"pc_08847","9322","Вибивальник відливок","cat_9322"
"pc_08848","9322","Вибірник","cat_9322"
"pc_08849","9322","Вигрібальник костриці","cat_9322"
"pc_08850","9322","Вигрібальник пачосів","cat_9322"
"pc_08851","9322","Вистилальник шкіряно-хутряної сировини та голини","cat_9322"
"pc_08852","9322","Галтувальник голково-платинних виробів","cat_9322"
"pc_08853","9322","Гідропіскоструминник","cat_9322"
"pc_08854","9322","Гільйоширник (виробництво скла та скловиробів)","cat_9322"
"pc_08855","9322","Глазурувальник морозива та сирків","cat_9322"
"pc_08856","9322","Гофрувальник міхових камер","cat_9322"
"pc_08857","9322","Ґрунтувальник художніх виробів з дерева","cat_9322"
"pc_08858","9322","Ґрунтувальник щіткових виробів","cat_9322"
"pc_08859","9322","Дозувальник харчової продукції","cat_9322"
"pc_08860","9322","Дозувальник ртуті","cat_9322"
"pc_08861","9322","Жилувальник м'яса та субпродуктів","cat_9322"
"pc_08862","9322","Заварник ізоляторів","cat_9322"
"pc_08863","9322","Заготівник бітуму","cat_9322"
"pc_08864","9322","Заготівник паперових пакетів","cat_9322"
"pc_08865","9322","Заготівник карт та пакувальних матеріалів","cat_9322"
"pc_08866","9322","Заготівник матеріалів для пресування та обробки іграшок","cat_9322"
"pc_08867","9322","Заготівник матеріалу та деталей іграшок","cat_9322"
"pc_08868","9322","Заготівник радіотакелажу та електрорадіоелементів","cat_9322"
"pc_08869","9322","Заготівник лимарно-сідельних виробів","cat_9322"
"pc_08870","9322","Завантажувач касет","cat_9322"
"pc_08871","9322","Заливальник голосових планок","cat_9322"
"pc_08872","9322","Заливальник голково-платинних виробів","cat_9322"
"pc_08873","9322","Запаювальник колб та посудин","cat_9322"
"pc_08874","9322","Запаювальник фарфорових труб","cat_9322"
"pc_08875","9322","Запресувальник голок","cat_9322"
"pc_08876","9322","Засолювач овочів","cat_9322"
"pc_08877","9322","Заточувальник голково-платинних виробів","cat_9322"
"pc_08878","9322","Заточувальник контактної пружини","cat_9322"
"pc_08879","9322","Землероб","cat_9322"
"pc_08880","9322","Виробник блоків та панелей з цегли","cat_9322"
"pc_08881","9322","Виробник бужів та катетерів","cat_9322"
"pc_08882","9322","Виробник глазурованих фруктів","cat_9322"
"pc_08883","9322","Виробник очеретяних матів","cat_9322"
"pc_08884","9322","Виробник каркасів","cat_9322"
"pc_08885","9322","Виробник шкіропом'якшувача","cat_9322"
"pc_08886","9322","Виробник лайки","cat_9322"
"pc_08887","9322","Виробник підборів та гужиків","cat_9322"
"pc_08888","9322","Виробник пульпоекстракторів","cat_9322"
"pc_08889","9322","Виробник реміз","cat_9322"
"pc_08890","9322","Виробник сигар","cat_9322"
"pc_08891","9322","Виробник скловарних керамічних ємностей","cat_9322"
"pc_08892","9322","Випробувач паперових мішків","cat_9322"
"pc_08893","9322","Випробувач проводів та кабелів","cat_9322"
"pc_08894","9322","Калібрувальник слюди (електронне виробництво)","cat_9322"
"pc_08895","9322","Калібрувальник електровугільних виробів","cat_9322"
"pc_08896","9322","Класифікаторник крокусу та наждаку","cat_9322"
"pc_08897","9322","Клеїльник виробів з металу","cat_9322"
"pc_08898","9322","Колекціонер зразків тканин","cat_9322"
"pc_08899","9322","Комплектувальник деталей іграшок","cat_9322"
"pc_08900","9322","Комплектувальник виробів, напівфабрикатів та матеріалів","cat_9322"
"pc_08901","9322","Комплектувальник п'єзотехнічних виробів","cat_9322"
"pc_08902","9322","Комплектувальник скла та скловиробів","cat_9322"
"pc_08903","9322","Комплектувальник форм","cat_9322"
"pc_08904","9322","Комплектувальник шрифтової продукції","cat_9322"
"pc_08905","9322","Консервувальник устаткування та металовиробів","cat_9322"
"pc_08906","9322","Контролер стінових та в'яжучих матеріалів","cat_9322"
"pc_08907","9322","Копіювальник","cat_9322"
"pc_08908","9322","Годувальник","cat_9322"
"pc_08909","9322","Фарбувальник волосу","cat_9322"
"pc_08910","9322","Фарбувальник дзеркал","cat_9322"
"pc_08911","9322","Крутильник","cat_9322"
"pc_08912","9322","Лаглінник","cat_9322"
"pc_08913","9322","Лакувальник глобусів","cat_9322"
"pc_08914","9322","Лакувальник форм","cat_9322"
"pc_08915","9322","Лампівник","cat_9322"
"pc_08916","9322","Ліпник електрокерамічних виробів","cat_9322"
"pc_08917","9322","Лудильник деталей приладів гарячим способом","cat_9322"
"pc_08918","9322","Промінник","cat_9322"
"pc_08919","9322","Монтажник селенових випрямлячів","cat_9322"
"pc_08920","9322","Монтувальник виробів з каменю","cat_9322"
"pc_08921","9322","Монтувальник муляжів та моделей","cat_9322"
"pc_08922","9322","Монтувальник сухих біологічних об'єктів","cat_9322"
"pc_08923","9322","Монтувальник технологічних колекцій","cat_9322"
"pc_08924","9322","Мотальник","cat_9322"
"pc_08925","9322","Моторист-мастильник","cat_9322"
"pc_08926","9322","Моторист трієра","cat_9322"
"pc_08927","9322","Набивальник валків та фільтрів","cat_9322"
"pc_08928","9322","Набивальник відходів","cat_9322"
"pc_08929","9322","Складальник блока з посклених стрижнів","cat_9322"
"pc_08930","9322","Складальник ворсувальних рамок","cat_9322"
"pc_08931","9322","Складальник деталей годинників і каменів","cat_9322"
"pc_08932","9322","Складальник зубців та петель","cat_9322"
"pc_08933","9322","Складальник голково-платинних виробів","cat_9322"
"pc_08934","9322","Складальник керамічних плиток у килими","cat_9322"
"pc_08935","9322","Складальник реміз","cat_9322"
"pc_08936","9322","Складальник цін","cat_9322"
"pc_08937","9322","Навішувач заготовок","cat_9322"
"pc_08938","9322","Навішувач скла","cat_9322"
"pc_08939","9322","Навивальник основ","cat_9322"
"pc_08940","9322","Навивальник пружин","cat_9322"
"pc_08941","9322","Накатник полірувальних кругів","cat_9322"
"pc_08942","9322","Наклеювач вставок для ювелірних та художніх виробів","cat_9322"
"pc_08943","9322","Наклеювач орнаменту на багет","cat_9322"
"pc_08944","9322","Намазувальник целулоїду","cat_9322"
"pc_08945","9322","Намотувальник іглиць","cat_9322"
"pc_08946","9322","Намотувальник утоку","cat_9322"
"pc_08947","9322","Нарізувач виробів із кістки та рогу","cat_9322"
"pc_08948","9322","Настелювач матеріалів","cat_9322"
"pc_08949","9322","Нумерувальник","cat_9322"
"pc_08950","9322","Випалювач іграшок","cat_9322"
"pc_08951","9322","Обкатувальник журавлини","cat_9322"
"pc_08952","9322","Обмазувальник заслонів","cat_9322"
"pc_08953","9322","Обмазувальник ковшів","cat_9322"
"pc_08954","9322","Оброблювач волокна","cat_9322"
"pc_08955","9322","Оброблювач волосу, вовни та щетини","cat_9322"
"pc_08956","9322","Оброблювач ковбасних виробів","cat_9322"
"pc_08957","9322","Оброблювач хутряних шкурок","cat_9322"
"pc_08958","9322","Оброблювач морепродуктів","cat_9322"
"pc_08959","9322","Оброблювач м'ясних туш","cat_9322"
"pc_08960","9322","Оброблювач перламутру","cat_9322"
"pc_08961","9322","Оброблювач підошов","cat_9322"
"pc_08962","9322","Оброблювач рогів","cat_9322"
"pc_08963","9322","Оброблювач склоблоків","cat_9322"
"pc_08964","9322","Оброблювач триплексу та склопакетів","cat_9322"
"pc_08965","9322","Обрізувач матеріалів","cat_9322"
"pc_08966","9322","Білувальник сировини","cat_9322"
"pc_08967","9322","Обсипальник кондитерських виробів","cat_9322"
"pc_08968","9322","Овоскопувальник яєць","cat_9322"
"pc_08969","9322","Окантувальник фотовідбитків","cat_9322"
"pc_08970","9322","Обклеювач виробів з бересту","cat_9322"
"pc_08971","9322","Оконтурувальник оригіналів","cat_9322"
"pc_08972","9322","Фарбувальник іграшок","cat_9322"
"pc_08973","9322","Фарбувальник сиропу","cat_9322"
"pc_08974","9322","Оператор камери фарбування акустичних плит","cat_9322"
"pc_08975","9322","Оператор-намазувальник","cat_9322"
"pc_08976","9322","Оператор стенда для обігравання клавішних інструментів","cat_9322"
"pc_08977","9322","Обплавлювач скла","cat_9322"
"pc_08978","9322","Обпилювач форм та металу сірчаним порошком","cat_9322"
"pc_08979","9322","Обробник волокна (виробництво текстильної галантереї)","cat_9322"
"pc_08980","9322","Обробник деталей іграшок","cat_9322"
"pc_08981","9322","Обробник виробів (лимарно-сідельне виробництво)","cat_9322"
"pc_08982","9322","Обробник матеріалів та готових виробів","cat_9322"
"pc_08983","9322","Відкладник виробів в опічки","cat_9322"
"pc_08984","9322","Відмітчик ареометрів","cat_9322"
"pc_08985","9322","Опалювач на карусельній машині","cat_9322"
"pc_08986","9322","Оформлювач колекцій","cat_9322"
"pc_08987","9322","Парафінувальник керамічних та фарфорових виробів","cat_9322"
"pc_08988","9322","Парафінувальник художніх виробів","cat_9322"
"pc_08989","9322","Паяльщик радіодеталей","cat_9322"
"pc_08990","9322","Перебивач друку та малюнків","cat_9322"
"pc_08991","9322","Перебивач малюнків","cat_9322"
"pc_08992","9322","Перетягальник рукавичкової шкіри","cat_9322"
"pc_08993","9322","Повертальник","cat_9322"
"pc_08994","9322","Підбирач аврових основ","cat_9322"
"pc_08995","9322","Підбирач деталей та виробів на потік","cat_9322"
"pc_08996","9322","Підганяльник котушок","cat_9322"
"pc_08997","9322","Готувач харчової сировини","cat_9322"
"pc_08998","9322","Готувач харчової сировини та матеріалів","cat_9322"
"pc_08999","9322","Готувач набивальних та настильних матеріалів","cat_9322"
"pc_09000","9322","Готувач розкрійних карт","cat_9322"
"pc_09001","9322","Готувач сіткоматеріалів","cat_9322"
"pc_09002","9322","Підношувач сировини, напівфабрикатів, хімічних матеріалів, відходів виробництва у відмочувально-зольних, дубильно-фарбувальних і жирувальних цехах","cat_9322"
"pc_09003","9322","Підношувач сировини, напівфабрикатів, хімічних матеріалів та відходів виробництва у сировинних, дубильно-фарбувальних та формалінових цехах","cat_9322"
"pc_09004","9322","Підсобний робітник","cat_9322"
"pc_09005","9322","Полірувальник голок","cat_9322"
"pc_09006","9322","Полірувальник шкір","cat_9322"
"pc_09007","9322","Полірувальник формних циліндрів глибокого друкування","cat_9322"
"pc_09008","9322","Порціоніст лао-ча","cat_9322"
"pc_09009","9322","Посадчик ременів","cat_9322"
"pc_09010","9322","Пошивник технічних виробів","cat_9322"
"pc_09011","9322","Правильник рогових пластин","cat_9322"
"pc_09012","9322","Пресувальник виробів із рогового порошку","cat_9322"
"pc_09013","9322","Пресувальник рибного борошна","cat_9322"
"pc_09014","9322","Пресувальник скла","cat_9322"
"pc_09015","9322","Готувач водоростевого порошку та крупки","cat_9322"
"pc_09016","9322","Готувач волокна","cat_9322"
"pc_09017","9322","Готувач нюхальної махорки та тютюну","cat_9322"
"pc_09018","9322","Приймальник матеріалів, напівфабрикатів та готових виробів (легка промисловість)","cat_9322"
"pc_09019","9322","Приймальник матеріалів, напівфабрикатів та готових виробів (швацьке виробництво)","cat_9322"
"pc_09020","9322","Приймальник-відправник","cat_9322"
"pc_09021","9322","Приймальник-роздавальник золотовмісних препаратів","cat_9322"
"pc_09022","9322","Притиральник скловиробів","cat_9322"
"pc_09023","9322","Пробиральник","cat_9322"
"pc_09024","9322","Пров'язувальник мотків","cat_9322"
"pc_09025","9322","Прокатник куль","cat_9322"
"pc_09026","9322","Промивальник діамантів та алмазів","cat_9322"
"pc_09027","9322","Промивальник каменів","cat_9322"
"pc_09028","9322","Пропарювач лао-ча","cat_9322"
"pc_09029","9322","Просочувальник олівцевих дощечок","cat_9322"
"pc_09030","9322","Протиральник годинникових скелець","cat_9322"
"pc_09031","9322","Протиральник електровакуумних приладів","cat_9322"
"pc_09032","9322","Пудрівник","cat_9322"
"pc_09033","9322","Пульфонник","cat_9322"
"pc_09034","9322","Робітник з подавання хімікатів","cat_9322"
"pc_09035","9322","Розбирач субпродуктів","cat_9322"
"pc_09036","9322","Розвальцювальник скла","cat_9322"
"pc_09037","9322","Розв'язувальник","cat_9322"
"pc_09038","9322","Роздільник брухту та відходів металу","cat_9322"
"pc_09039","9322","Розмітник скла","cat_9322"
"pc_09040","9322","Розмелювач рогової стружки","cat_9322"
"pc_09041","9322","Раймівник дистиляційних печей","cat_9322"
"pc_09042","9322","Розкладач листового тютюну","cat_9322"
"pc_09043","9322","Розкладач скловолокна","cat_9322"
"pc_09044","9322","Розколювач блоків","cat_9322"
"pc_09045","9322","Розкрійник бересту","cat_9322"
"pc_09046","9322","Розпакувальник сировини","cat_9322"
"pc_09047","9322","Розпилювач водорозчинних кристалів","cat_9322"
"pc_09048","9322","Розпилювач газопоглинача","cat_9322"
"pc_09049","9322","Розфасовувач алмазів та алмазних порошків","cat_9322"
"pc_09050","9322","Розфасовувач вати","cat_9322"
"pc_09051","9322","Розчісувальник хутряних шкурок","cat_9322"
"pc_09052","9322","Розшліфувальник фільєрів","cat_9322"
"pc_09053","9322","Редукувальник голок","cat_9322"
"pc_09054","9322","Різальник галерти","cat_9322"
"pc_09055","9322","Різальник гіпсокартонних листів","cat_9322"
"pc_09056","9322","Різальник декалькоманій","cat_9322"
"pc_09057","9322","Різальник цегли та черепиці","cat_9322"
"pc_09058","9322","Різальник конвертів","cat_9322"
"pc_09059","9322","Різальник на вогні","cat_9322"
"pc_09060","9322","Різальник пряжі","cat_9322"
"pc_09061","9322","Різальник радіокераміки та феритів","cat_9322"
"pc_09062","9322","Різальник скловолокнистих та склопластикових матеріалів","cat_9322"
"pc_09063","9322","Різальник скловиробів","cat_9322"
"pc_09064","9322","Різьбонарізувач деталей годинників","cat_9322"
"pc_09065","9322","Ремонтувальник респіраторів та протигазів","cat_9322"
"pc_09066","9322","Ремонтувальник сітковиробів","cat_9322"
"pc_09067","9322","Ремонтувальник шпуль","cat_9322"
"pc_09068","9322","Реставратор готової продукції","cat_9322"
"pc_09069","9322","Рихтувальник голково-платинних виробів","cat_9322"
"pc_09070","9322","Збирач мокрих відходів","cat_9322"
"pc_09071","9322","Збирач ендокринно-ферментної сировини","cat_9322"
"pc_09072","9322","Свердлувальник запалювальних пластин кварцу","cat_9322"
"pc_09073","9322","Здавач готової продукції","cat_9322"
"pc_09074","9322","Складальник (складування)","cat_9322"
"pc_09075","9322","Склеювач керамічних, фарфорових та фаянсових виробів","cat_9322"
"pc_09076","9322","Склеювач-фарбувальник окулярних оправ із пластмас","cat_9322"
"pc_09077","9322","Склеювач технічних каменів","cat_9322"
"pc_09078","9322","Мастильник","cat_9322"
"pc_09079","9322","Сортувальник голково-платинних виробів","cat_9322"
"pc_09080","9322","Сортувальник кісток","cat_9322"
"pc_09081","9322","Сортувальник відливок","cat_9322"
"pc_09082","9322","Сортувальник рогу та кістки","cat_9322"
"pc_09083","9322","Сортувальник-складальник брухту та відходів металу","cat_9322"
"pc_09084","9322","Сортувальник сигарного листа","cat_9322"
"pc_09085","9322","Сортувальник тютюнових виробів","cat_9322"
"pc_09086","9322","Укладач вагонних партій тютюну","cat_9322"
"pc_09087","9322","Готувач суміші плавленого сиру","cat_9322"
"pc_09088","9322","Верстатник клеєнаносного верстата","cat_9322"
"pc_09089","9322","Станційний робітник","cat_9322"
"pc_09090","9322","Сушильник жерсті","cat_9322"
"pc_09091","9322","Сушильник рослин","cat_9322"
"pc_09092","9322","Сушильник скловиробів","cat_9322"
"pc_09093","9322","Сушильник стрижнів, форм та формувальних матеріалів","cat_9322"
"pc_09094","9322","Сушильник сировини та матеріалів","cat_9322"
"pc_09095","9322","Знімач байки","cat_9322"
"pc_09096","9322","Знімач гарячих виробів","cat_9322"
"pc_09097","9322","Знімач виробів","cat_9322"
"pc_09098","9322","Знімач клею","cat_9322"
"pc_09099","9322","Знімач скла й скловиробів","cat_9322"
"pc_09100","9322","Знімач сирової тканини","cat_9322"
"pc_09101","9322","Знімач сукальних рукавів","cat_9322"
"pc_09102","9322","Знімач шовку-сирцю","cat_9322"
"pc_09103","9322","Знімач лимарно-сідельних виробів","cat_9322"
"pc_09104","9322","Тасьмовик","cat_9322"
"pc_09105","9322","Точильник кардної гарнітури","cat_9322"
"pc_09106","9322","Точильник головок","cat_9322"
"pc_09107","9322","Травильник фарфорових та фаянсових виробів","cat_9322"
"pc_09108","9322","Транспортувальник у ливарному виробництві","cat_9322"
"pc_09109","9322","Транспортувальник шихти","cat_9322"
"pc_09110","9322","Тренувальник радіодеталей","cat_9322"
"pc_09111","9322","Трубник на солекомбайні","cat_9322"
"pc_09112","9322","Прибиральник у ливарних цехах","cat_9322"
"pc_09113","9322","Прибиральник гарячого металу","cat_9322"
"pc_09114","9322","Прибиральник відходів металургійного виробництва","cat_9322"
"pc_09115","9322","Прибиральник шлаку та оборотних матеріалів","cat_9322"
"pc_09116","9322","Укладальник-вибиральник мокрого товару та пряжі ручним способом","cat_9322"
"pc_09117","9322","Укладальник деталей та виробів","cat_9322"
"pc_09118","9322","Укладальник продуктів консервування","cat_9322"
"pc_09119","9322","Укладальник прокату","cat_9322"
"pc_09120","9322","Укладальник-пакувальник","cat_9322"
"pc_09121","9322","Укладальник хлібобулочних виробів","cat_9322"
"pc_09122","9322","Пакувальник стосів","cat_9322"
"pc_09123","9322","Пакувальник-цементувальник","cat_9322"
"pc_09124","9322","Ущільнювач припою","cat_9322"
"pc_09125","9322","Установник алмазів","cat_9322"
"pc_09126","9322","Формувальник деталей із скла","cat_9322"
"pc_09127","9322","Формувальник роздільних та декоративних шарів","cat_9322"
"pc_09128","9322","Формотримач","cat_9322"
"pc_09129","9322","Фотодрукар на емалі","cat_9322"
"pc_09130","9322","Центрувальник скляних колб","cat_9322"
"pc_09131","9322","Ланцюговиробник","cat_9322"
"pc_09132","9322","Чистильник виробів, напівфабрикатів та матеріалів","cat_9322"
"pc_09133","9322","Чистильник коконового здиру","cat_9322"
"pc_09134","9322","Чистильник хутряних шкурок бензином","cat_9322"
"pc_09135","9322","Чистильник шпуль","cat_9322"
"pc_09136","9322","Шліфувальник літоофсетних форм","cat_9322"
"pc_09137","9322","Шпаклювальник","cat_9322"
"pc_09138","9322","Штабелювальник електродів","cat_9322"
"pc_09139","9322","Штенгелювальник","cat_9322"
"pc_09140","9322","Екіпірувальник","cat_9322"
"pc_09141","9322","Електромонтер з нагляду за трасами кабельних мереж","cat_9322"
"pc_09142","9322","Електромонтер з ескізування трас ліній електропередачі","cat_9322"
"pc_09143","9322","Клеїльник (виробництво виробів з паперу та картону)","cat_9322"
"pc_09144","9332","Возій","cat_9332"
"pc_09145","9332","Конюх","cat_9332"
"pc_09146","9332","Візник","cat_9332"
"pc_09147","9333","Вантажник біовідходів","cat_9333"
"pc_09148","9333","Вантажник","cat_9333"
"pc_09149","9333","Приймальник товарів","cat_9333"
"pc_09150","9411","Вагар","cat_9411"
